country,country_code,development_group,indicator,year,value,previous_value,growth_rate
Afghanistan,AFG,Least Developed,gdp,1960,,,
Afghanistan,AFG,Least Developed,gdp,1961,,,
Afghanistan,AFG,Least Developed,gdp,1962,,,
Afghanistan,AFG,Least Developed,gdp,1963,,,
Afghanistan,AFG,Least Developed,gdp,1964,,,
Afghanistan,AFG,Least Developed,gdp,1965,,,
Afghanistan,AFG,Least Developed,gdp,1966,,,
Afghanistan,AFG,Least Developed,gdp,1967,,,
Afghanistan,AFG,Least Developed,gdp,1968,,,
Afghanistan,AFG,Least Developed,gdp,1969,,,
Afghanistan,AFG,Least Developed,gdp,1970,,,
Afghanistan,AFG,Least Developed,gdp,1971,,,
Afghanistan,AFG,Least Developed,gdp,1972,,,
Afghanistan,AFG,Least Developed,gdp,1973,,,
Afghanistan,AFG,Least Developed,gdp,1974,,,
Afghanistan,AFG,Least Developed,gdp,1975,,,
Afghanistan,AFG,Least Developed,gdp,1976,,,
Afghanistan,AFG,Least Developed,gdp,1977,,,
Afghanistan,AFG,Least Developed,gdp,1978,,,
Afghanistan,AFG,Least Developed,gdp,1979,,,
Afghanistan,AFG,Least Developed,gdp,1980,,,
Afghanistan,AFG,Least Developed,gdp,1981,,,
Afghanistan,AFG,Least Developed,gdp,1982,,,
Afghanistan,AFG,Least Developed,gdp,1983,,,
Afghanistan,AFG,Least Developed,gdp,1984,,,
Afghanistan,AFG,Least Developed,gdp,1985,,,
Afghanistan,AFG,Least Developed,gdp,1986,,,
Afghanistan,AFG,Least Developed,gdp,1987,,,
Afghanistan,AFG,Least Developed,gdp,1988,,,
Afghanistan,AFG,Least Developed,gdp,1989,,,
Afghanistan,AFG,Least Developed,gdp,1990,,,
Afghanistan,AFG,Least Developed,gdp,1991,,,
Afghanistan,AFG,Least Developed,gdp,1992,,,
Afghanistan,AFG,Least Developed,gdp,1993,,,
Afghanistan,AFG,Least Developed,gdp,1994,,,
Afghanistan,AFG,Least Developed,gdp,1995,,,
Afghanistan,AFG,Least Developed,gdp,1996,,,
Afghanistan,AFG,Least Developed,gdp,1997,,,
Afghanistan,AFG,Least Developed,gdp,1998,,,
Afghanistan,AFG,Least Developed,gdp,1999,,,
Afghanistan,AFG,Least Developed,gdp,2000,3521418059.92345,,
Afghanistan,AFG,Least Developed,gdp,2001,2813571753.87253,3521418059.92345,-20.10117214160898
Afghanistan,AFG,Least Developed,gdp,2002,3825701438.99963,2813571753.87253,35.973125040583376
Afghanistan,AFG,Least Developed,gdp,2003,4520946818.54581,3825701438.99963,18.173017174282613
Afghanistan,AFG,Least Developed,gdp,2004,5224896718.67782,4520946818.54581,15.570851159855941
Afghanistan,AFG,Least Developed,gdp,2005,6203256538.70967,5224896718.67782,18.724959988863237
Afghanistan,AFG,Least Developed,gdp,2006,6971758282.29351,6203256538.70967,12.388682279835153
Afghanistan,AFG,Least Developed,gdp,2007,9747886187.39393,6971758282.29351,39.81962358263449
Afghanistan,AFG,Least Developed,gdp,2008,10109297047.5432,9747886187.39393,3.7075818613542024
Afghanistan,AFG,Least Developed,gdp,2009,12416152732.0567,10109297047.5432,22.819150269940096
Afghanistan,AFG,Least Developed,gdp,2010,15856668555.8336,12416152732.0567,27.70999920848258
Afghanistan,AFG,Least Developed,gdp,2011,17805098206.3141,15856668555.8336,12.287761730150311
Afghanistan,AFG,Least Developed,gdp,2012,19907329777.5872,17805098206.3141,11.80690803787649
Afghanistan,AFG,Least Developed,gdp,2013,20146416757.5987,19907329777.5872,1.2009997457352566
Afghanistan,AFG,Least Developed,gdp,2014,20497128555.6972,20146416757.5987,1.7408147677984473
Afghanistan,AFG,Least Developed,gdp,2015,19134221644.7325,20497128555.6972,-6.649257759501542
Afghanistan,AFG,Least Developed,gdp,2016,18116572395.0772,19134221644.7325,-5.318477378124483
Afghanistan,AFG,Least Developed,gdp,2017,18753456497.8159,18116572395.0772,3.515477921815701
Afghanistan,AFG,Least Developed,gdp,2018,18053222687.4126,18753456497.8159,-3.7338919920434366
Afghanistan,AFG,Least Developed,gdp,2019,18799444490.1128,18053222687.4126,4.133454816466057
Afghanistan,AFG,Least Developed,gdp,2020,19955929052.1496,18799444490.1128,6.151695400600963
Afghanistan,AFG,Least Developed,gdp,2021,14259995441.0759,19955929052.1496,-28.542562945522953
Afghanistan,AFG,Least Developed,gdp,2022,14497243872.1337,14259995441.0759,1.663734270029333
Afghanistan,AFG,Least Developed,gdp,2023,17152234636.8715,14497243872.1337,18.31376217545163
Afghanistan,AFG,Least Developed,gdp,2024,17778508875.7396,17152234636.8715,3.651269074420329
Afghanistan,AFG,Least Developed,gdp,2025,,17778508875.7396,
Afghanistan,AFG,Least Developed,gdp_per_capita,1960,,,
Afghanistan,AFG,Least Developed,gdp_per_capita,1961,,,
Afghanistan,AFG,Least Developed,gdp_per_capita,1962,,,
Afghanistan,AFG,Least Developed,gdp_per_capita,1963,,,
Afghanistan,AFG,Least Developed,gdp_per_capita,1964,,,
Afghanistan,AFG,Least Developed,gdp_per_capita,1965,,,
Afghanistan,AFG,Least Developed,gdp_per_capita,1966,,,
Afghanistan,AFG,Least Developed,gdp_per_capita,1967,,,
Afghanistan,AFG,Least Developed,gdp_per_capita,1968,,,
Afghanistan,AFG,Least Developed,gdp_per_capita,1969,,,
Afghanistan,AFG,Least Developed,gdp_per_capita,1970,,,
Afghanistan,AFG,Least Developed,gdp_per_capita,1971,,,
Afghanistan,AFG,Least Developed,gdp_per_capita,1972,,,
Afghanistan,AFG,Least Developed,gdp_per_capita,1973,,,
Afghanistan,AFG,Least Developed,gdp_per_capita,1974,,,
Afghanistan,AFG,Least Developed,gdp_per_capita,1975,,,
Afghanistan,AFG,Least Developed,gdp_per_capita,1976,,,
Afghanistan,AFG,Least Developed,gdp_per_capita,1977,,,
Afghanistan,AFG,Least Developed,gdp_per_capita,1978,,,
Afghanistan,AFG,Least Developed,gdp_per_capita,1979,,,
Afghanistan,AFG,Least Developed,gdp_per_capita,1980,,,
Afghanistan,AFG,Least Developed,gdp_per_capita,1981,,,
Afghanistan,AFG,Least Developed,gdp_per_capita,1982,,,
Afghanistan,AFG,Least Developed,gdp_per_capita,1983,,,
Afghanistan,AFG,Least Developed,gdp_per_capita,1984,,,
Afghanistan,AFG,Least Developed,gdp_per_capita,1985,,,
Afghanistan,AFG,Least Developed,gdp_per_capita,1986,,,
Afghanistan,AFG,Least Developed,gdp_per_capita,1987,,,
Afghanistan,AFG,Least Developed,gdp_per_capita,1988,,,
Afghanistan,AFG,Least Developed,gdp_per_capita,1989,,,
Afghanistan,AFG,Least Developed,gdp_per_capita,1990,,,
Afghanistan,AFG,Least Developed,gdp_per_capita,1991,,,
Afghanistan,AFG,Least Developed,gdp_per_capita,1992,,,
Afghanistan,AFG,Least Developed,gdp_per_capita,1993,,,
Afghanistan,AFG,Least Developed,gdp_per_capita,1994,,,
Afghanistan,AFG,Least Developed,gdp_per_capita,1995,,,
Afghanistan,AFG,Least Developed,gdp_per_capita,1996,,,
Afghanistan,AFG,Least Developed,gdp_per_capita,1997,,,
Afghanistan,AFG,Least Developed,gdp_per_capita,1998,,,
Afghanistan,AFG,Least Developed,gdp_per_capita,1999,,,
Afghanistan,AFG,Least Developed,gdp_per_capita,2000,174.930991430166,,
Afghanistan,AFG,Least Developed,gdp_per_capita,2001,138.706821676113,174.930991430166,-20.70769133467925
Afghanistan,AFG,Least Developed,gdp_per_capita,2002,178.954088379235,138.706821676113,29.016068724508205
Afghanistan,AFG,Least Developed,gdp_per_capita,2003,198.871115728727,178.954088379235,11.12968556900714
Afghanistan,AFG,Least Developed,gdp_per_capita,2004,221.763653873013,198.871115728727,11.511243380116039
Afghanistan,AFG,Least Developed,gdp_per_capita,2005,254.184249149336,221.763653873013,14.61943592203247
Afghanistan,AFG,Least Developed,gdp_per_capita,2006,274.218553561575,254.184249149336,7.88180403753838
Afghanistan,AFG,Least Developed,gdp_per_capita,2007,376.223152003876,274.218553561575,37.19828476864757
Afghanistan,AFG,Least Developed,gdp_per_capita,2008,381.73323802844,376.223152003876,1.4645791985994547
Afghanistan,AFG,Least Developed,gdp_per_capita,2009,452.053705477043,381.73323802844,18.42136351861611
Afghanistan,AFG,Least Developed,gdp_per_capita,2010,560.621505463146,452.053705477043,24.016571188490452
Afghanistan,AFG,Least Developed,gdp_per_capita,2011,606.694676337726,560.621505463146,8.218231092743684
Afghanistan,AFG,Least Developed,gdp_per_capita,2012,651.417134470046,606.694676337726,7.371493417790352
Afghanistan,AFG,Least Developed,gdp_per_capita,2013,637.087099117099,651.417134470046,-2.1998247504811266
Afghanistan,AFG,Least Developed,gdp_per_capita,2014,625.054941813938,637.087099117099,-1.888620460190719
Afghanistan,AFG,Least Developed,gdp_per_capita,2015,565.569730408751,625.054941813938,-9.51679723266537
Afghanistan,AFG,Least Developed,gdp_per_capita,2016,522.082215583898,565.569730408751,-7.68915175029319
Afghanistan,AFG,Least Developed,gdp_per_capita,2017,525.469770891619,522.082215583898,0.6488547601515805
Afghanistan,AFG,Least Developed,gdp_per_capita,2018,491.337221382603,525.469770891619,-6.495625704805005
Afghanistan,AFG,Least Developed,gdp_per_capita,2019,496.6025042585,491.337221382603,1.0716230415193708
Afghanistan,AFG,Least Developed,gdp_per_capita,2020,510.787063366811,496.6025042585,2.856320495099121
Afghanistan,AFG,Least Developed,gdp_per_capita,2021,356.496214115892,510.787063366811,-30.206491181261242
Afghanistan,AFG,Least Developed,gdp_per_capita,2022,357.261152798144,356.496214115892,0.21457133398991773
Afghanistan,AFG,Least Developed,gdp_per_capita,2023,413.757894705303,357.261152798144,15.813849746792986
Afghanistan,AFG,Least Developed,gdp_per_capita,2024,416.871146273728,413.757894705303,0.7524331519142193
Afghanistan,AFG,Least Developed,gdp_per_capita,2025,,416.871146273728,
Afghanistan,AFG,Least Developed,population,1960,9035043.0,,
Afghanistan,AFG,Least Developed,population,1961,9214083.0,9035043.0,1.9816175750353375
Afghanistan,AFG,Least Developed,population,1962,9404406.0,9214083.0,2.0655663726927576
Afghanistan,AFG,Least Developed,population,1963,9604487.0,9404406.0,2.1275240562774513
Afghanistan,AFG,Least Developed,population,1964,9814318.0,9604487.0,2.1847184550304455
Afghanistan,AFG,Least Developed,population,1965,10036008.0,9814318.0,2.258842641944147
Afghanistan,AFG,Least Developed,population,1966,10266395.0,10036008.0,2.2956039891558477
Afghanistan,AFG,Least Developed,population,1967,10505959.0,10266395.0,2.3334773306501457
Afghanistan,AFG,Least Developed,population,1968,10756922.0,10505959.0,2.3887681267364553
Afghanistan,AFG,Least Developed,population,1969,11017409.0,10756922.0,2.421575614288176
Afghanistan,AFG,Least Developed,population,1970,11290128.0,11017409.0,2.475346063670687
Afghanistan,AFG,Least Developed,population,1971,11567667.0,11290128.0,2.4582449375241806
Afghanistan,AFG,Least Developed,population,1972,11853696.0,11567667.0,2.4726593530052345
Afghanistan,AFG,Least Developed,population,1973,12157999.0,11853696.0,2.56715711285324
Afghanistan,AFG,Least Developed,population,1974,12469127.0,12157999.0,2.5590395261588688
Afghanistan,AFG,Least Developed,population,1975,12773954.0,12469127.0,2.444653903998251
Afghanistan,AFG,Least Developed,population,1976,13059851.0,12773954.0,2.2381245462446473
Afghanistan,AFG,Least Developed,population,1977,13340756.0,13059851.0,2.1509050907242355
Afghanistan,AFG,Least Developed,population,1978,13611441.0,13340756.0,2.0290079512735257
Afghanistan,AFG,Least Developed,population,1979,13655567.0,13611441.0,0.32418316326684293
Afghanistan,AFG,Least Developed,population,1980,13169311.0,13655567.0,-3.5608627602207945
Afghanistan,AFG,Least Developed,population,1981,11937581.0,13169311.0,-9.353032971884407
Afghanistan,AFG,Least Developed,population,1982,10991378.0,11937581.0,-7.926254071071853
Afghanistan,AFG,Least Developed,population,1983,10917982.0,10991378.0,-0.6677597658819485
Afghanistan,AFG,Least Developed,population,1984,11190221.0,10917982.0,2.493491929186181
Afghanistan,AFG,Least Developed,population,1985,11426852.0,11190221.0,2.1146231160224627
Afghanistan,AFG,Least Developed,population,1986,11420074.0,11426852.0,-0.05931642415601428
Afghanistan,AFG,Least Developed,population,1987,11387818.0,11420074.0,-0.28245000864267605
Afghanistan,AFG,Least Developed,population,1988,11523298.0,11387818.0,1.1896923537063904
Afghanistan,AFG,Least Developed,population,1989,11874088.0,11523298.0,3.0441805809413243
Afghanistan,AFG,Least Developed,population,1990,12045660.0,11874088.0,1.444927812561268
Afghanistan,AFG,Least Developed,population,1991,12238879.0,12045660.0,1.6040549044220076
Afghanistan,AFG,Least Developed,population,1992,13278974.0,12238879.0,8.498286485224668
Afghanistan,AFG,Least Developed,population,1993,14943172.0,13278974.0,12.532579700811223
Afghanistan,AFG,Least Developed,population,1994,16250794.0,14943172.0,8.750632061251789
Afghanistan,AFG,Least Developed,population,1995,17065836.0,16250794.0,5.015398016859976
Afghanistan,AFG,Least Developed,population,1996,17763266.0,17065836.0,4.086702813738512
Afghanistan,AFG,Least Developed,population,1997,18452091.0,17763266.0,3.8778060295893786
Afghanistan,AFG,Least Developed,population,1998,19159996.0,18452091.0,3.8364486713186055
Afghanistan,AFG,Least Developed,population,1999,19887785.0,19159996.0,3.798482003858456
Afghanistan,AFG,Least Developed,population,2000,20130327.0,19887785.0,1.219552604777254
Afghanistan,AFG,Least Developed,population,2001,20284307.0,20130327.0,0.7649155426039527
Afghanistan,AFG,Least Developed,population,2002,21378117.0,20284307.0,5.392395214684929
Afghanistan,AFG,Least Developed,population,2003,22733049.0,21378117.0,6.337938930729961
Afghanistan,AFG,Least Developed,population,2004,23560654.0,22733049.0,3.64053673574539
Afghanistan,AFG,Least Developed,population,2005,24404567.0,23560654.0,3.5818742552732195
Afghanistan,AFG,Least Developed,population,2006,25424094.0,24404567.0,4.177607412579785
Afghanistan,AFG,Least Developed,population,2007,25909852.0,25424094.0,1.9106206891777542
Afghanistan,AFG,Least Developed,population,2008,26482622.0,25909852.0,2.210626289953335
Afghanistan,AFG,Least Developed,population,2009,27466101.0,26482622.0,3.713676840608909
Afghanistan,AFG,Least Developed,population,2010,28284089.0,27466101.0,2.9781729849460614
Afghanistan,AFG,Least Developed,population,2011,29347708.0,28284089.0,3.7604852678832965
Afghanistan,AFG,Least Developed,population,2012,30560034.0,29347708.0,4.130905214131202
Afghanistan,AFG,Least Developed,population,2013,31622704.0,30560034.0,3.4773194296838805
Afghanistan,AFG,Least Developed,population,2014,32792523.0,31622704.0,3.6993009832429258
Afghanistan,AFG,Least Developed,population,2015,33831764.0,32792523.0,3.1691401116041
Afghanistan,AFG,Least Developed,population,2016,34700612.0,33831764.0,2.5681427666615315
Afghanistan,AFG,Least Developed,population,2017,35688935.0,34700612.0,2.8481428511981286
Afghanistan,AFG,Least Developed,population,2018,36743039.0,35688935.0,2.95358771563231
Afghanistan,AFG,Least Developed,population,2019,37856121.0,36743039.0,3.0293683655290464
Afghanistan,AFG,Least Developed,population,2020,39068979.0,37856121.0,3.203862329159398
Afghanistan,AFG,Least Developed,population,2021,40000412.0,39068979.0,2.384073051921833
Afghanistan,AFG,Least Developed,population,2022,40578842.0,40000412.0,1.4460601055809126
Afghanistan,AFG,Least Developed,population,2023,41454761.0,40578842.0,2.158560857897325
Afghanistan,AFG,Least Developed,population,2024,42647492.0,41454761.0,2.877187013573664
Afghanistan,AFG,Least Developed,population,2025,43844111.0,42647492.0,2.805836741818253
Afghanistan,AFG,Least Developed,unemployment,1960,,,
Afghanistan,AFG,Least Developed,unemployment,1961,,,
Afghanistan,AFG,Least Developed,unemployment,1962,,,
Afghanistan,AFG,Least Developed,unemployment,1963,,,
Afghanistan,AFG,Least Developed,unemployment,1964,,,
Afghanistan,AFG,Least Developed,unemployment,1965,,,
Afghanistan,AFG,Least Developed,unemployment,1966,,,
Afghanistan,AFG,Least Developed,unemployment,1967,,,
Afghanistan,AFG,Least Developed,unemployment,1968,,,
Afghanistan,AFG,Least Developed,unemployment,1969,,,
Afghanistan,AFG,Least Developed,unemployment,1970,,,
Afghanistan,AFG,Least Developed,unemployment,1971,,,
Afghanistan,AFG,Least Developed,unemployment,1972,,,
Afghanistan,AFG,Least Developed,unemployment,1973,,,
Afghanistan,AFG,Least Developed,unemployment,1974,,,
Afghanistan,AFG,Least Developed,unemployment,1975,,,
Afghanistan,AFG,Least Developed,unemployment,1976,,,
Afghanistan,AFG,Least Developed,unemployment,1977,,,
Afghanistan,AFG,Least Developed,unemployment,1978,,,
Afghanistan,AFG,Least Developed,unemployment,1979,,,
Afghanistan,AFG,Least Developed,unemployment,1980,,,
Afghanistan,AFG,Least Developed,unemployment,1981,,,
Afghanistan,AFG,Least Developed,unemployment,1982,,,
Afghanistan,AFG,Least Developed,unemployment,1983,,,
Afghanistan,AFG,Least Developed,unemployment,1984,,,
Afghanistan,AFG,Least Developed,unemployment,1985,,,
Afghanistan,AFG,Least Developed,unemployment,1986,,,
Afghanistan,AFG,Least Developed,unemployment,1987,,,
Afghanistan,AFG,Least Developed,unemployment,1988,,,
Afghanistan,AFG,Least Developed,unemployment,1989,,,
Afghanistan,AFG,Least Developed,unemployment,1990,,,
Afghanistan,AFG,Least Developed,unemployment,1991,7.972,,
Afghanistan,AFG,Least Developed,unemployment,1992,7.958,7.972,-0.17561465127948112
Afghanistan,AFG,Least Developed,unemployment,1993,7.908,7.958,-0.6282985674792639
Afghanistan,AFG,Least Developed,unemployment,1994,7.883,7.908,-0.31613555892767264
Afghanistan,AFG,Least Developed,unemployment,1995,7.868,7.883,-0.19028288722567144
Afghanistan,AFG,Least Developed,unemployment,1996,7.878,7.868,0.12709710218606743
Afghanistan,AFG,Least Developed,unemployment,1997,7.863,7.878,-0.19040365575018633
Afghanistan,AFG,Least Developed,unemployment,1998,7.869,7.863,0.07630675314764516
Afghanistan,AFG,Least Developed,unemployment,1999,7.877,7.869,0.10166476045240828
Afghanistan,AFG,Least Developed,unemployment,2000,7.897,7.877,0.2539037704709974
Afghanistan,AFG,Least Developed,unemployment,2001,7.973,7.897,0.9623907813093531
Afghanistan,AFG,Least Developed,unemployment,2002,7.867,7.973,-1.3294870186880707
Afghanistan,AFG,Least Developed,unemployment,2003,7.844,7.867,-0.29236049319943674
Afghanistan,AFG,Least Developed,unemployment,2004,7.794,7.844,-0.6374298827129106
Afghanistan,AFG,Least Developed,unemployment,2005,7.878,7.794,1.0777521170130937
Afghanistan,AFG,Least Developed,unemployment,2006,7.897,7.878,0.24117796395024282
Afghanistan,AFG,Least Developed,unemployment,2007,7.841,7.897,-0.7091300493858433
Afghanistan,AFG,Least Developed,unemployment,2008,7.879,7.841,0.4846320622369515
Afghanistan,AFG,Least Developed,unemployment,2009,7.808,7.879,-0.901129584972709
Afghanistan,AFG,Least Developed,unemployment,2010,7.809,7.808,0.012807377049184606
Afghanistan,AFG,Least Developed,unemployment,2011,7.83,7.809,0.2689204763734141
Afghanistan,AFG,Least Developed,unemployment,2012,7.875,7.83,0.57471264367816
Afghanistan,AFG,Least Developed,unemployment,2013,7.921,7.875,0.5841269841269875
Afghanistan,AFG,Least Developed,unemployment,2014,7.915,7.921,-0.07574801161469798
Afghanistan,AFG,Least Developed,unemployment,2015,9.032,7.915,14.112444725205306
Afghanistan,AFG,Least Developed,unemployment,2016,10.116,9.032,12.001771479185114
Afghanistan,AFG,Least Developed,unemployment,2017,11.184,10.116,10.557532621589557
Afghanistan,AFG,Least Developed,unemployment,2018,11.192,11.184,0.07153075822604521
Afghanistan,AFG,Least Developed,unemployment,2019,11.187,11.192,-0.044674767691214985
Afghanistan,AFG,Least Developed,unemployment,2020,11.71,11.187,4.675069276839202
Afghanistan,AFG,Least Developed,unemployment,2021,12.006,11.71,2.5277540563620784
Afghanistan,AFG,Least Developed,unemployment,2022,14.1,12.006,17.441279360319836
Afghanistan,AFG,Least Developed,unemployment,2023,14.008,14.1,-0.6524822695035498
Afghanistan,AFG,Least Developed,unemployment,2024,13.687,14.008,-2.291547687035978
Afghanistan,AFG,Least Developed,unemployment,2025,13.351,13.687,-2.4548841966829733
Australia,AUS,Developed,gdp,1960,18635682981.7093,,
Australia,AUS,Developed,gdp,1961,19713123154.0997,18635682981.7093,5.781597451769782
Australia,AUS,Developed,gdp,1962,19953923192.6277,19713123154.0997,1.2215215044599423
Australia,AUS,Developed,gdp,1963,21573443451.751,19953923192.6277,8.116299955096833
Australia,AUS,Developed,gdp,1964,23835843813.735,21573443451.751,10.486969162080495
Australia,AUS,Developed,gdp,1965,26014244162.2791,23835843813.735,9.13917864862343
Australia,AUS,Developed,gdp,1966,27349284375.8855,26014244162.2791,5.131958496577135
Australia,AUS,Developed,gdp,1967,30487524878.004,27349284375.8855,11.474671362463726
Australia,AUS,Developed,gdp,1968,32763365242.1384,30487524878.004,7.464824951324147
Australia,AUS,Developed,gdp,1969,36738245878.1193,32763365242.1384,12.132089016511136
Australia,AUS,Developed,gdp,1970,41395206623.2331,36738245878.1193,12.676056338028403
Australia,AUS,Developed,gdp,1971,45283847245.4156,41395206623.2331,9.393939393939393
Australia,AUS,Developed,gdp,1972,52117990654.2056,45283847245.4156,15.091790615210726
Australia,AUS,Developed,gdp,1973,63923126201.1531,52117990654.2056,22.650787950120062
Australia,AUS,Developed,gdp,1974,89086219602.0634,63923126201.1531,39.36461637018058
Australia,AUS,Developed,gdp,1975,97440939505.6671,89086219602.0634,9.378240474141961
Australia,AUS,Developed,gdp,1976,105209354855.787,97440939505.6671,7.972434778985376
Australia,AUS,Developed,gdp,1977,110504702913.512,105209354855.787,5.0331532447693945
Australia,AUS,Developed,gdp,1978,118660813779.849,110504702913.512,7.38078167833318
Australia,AUS,Developed,gdp,1979,135093718050.665,118660813779.849,13.848636080740103
Australia,AUS,Developed,gdp,1980,150200557103.064,135093718050.665,11.182488179600917
Australia,AUS,Developed,gdp,1981,177151979565.773,150200557103.064,17.943623500820706
Australia,AUS,Developed,gdp,1982,194323071830.52,177151979565.773,9.69285937805267
Australia,AUS,Developed,gdp,1983,177523719680.081,194323071830.52,-8.64506308601927
Australia,AUS,Developed,gdp,1984,193749932078.26,177523719680.081,9.140306674184496
Australia,AUS,Developed,gdp,1985,180861108959.102,193749932078.26,-6.652298135491439
Australia,AUS,Developed,gdp,1986,182707050923.335,180861108959.102,1.0206406312870853
Australia,AUS,Developed,gdp,1987,189726707252.515,182707050923.335,3.8420281503670677
Australia,AUS,Developed,gdp,1988,236461079970.431,189726707252.515,24.632469194605953
Australia,AUS,Developed,gdp,1989,300264309002.14,236461079970.431,26.98254995692631
Australia,AUS,Developed,gdp,1990,311840666465.053,300264309002.14,3.8553891074781244
Australia,AUS,Developed,gdp,1991,326416407860.792,311840666465.053,4.6740989752766815
Australia,AUS,Developed,gdp,1992,325982966981.415,326416407860.792,-0.1327877119344642
Australia,AUS,Developed,gdp,1993,312568858909.5,325982966981.415,-4.114972078488919
Australia,AUS,Developed,gdp,1994,323269456935.317,312568858909.5,3.423437019013857
Australia,AUS,Developed,gdp,1995,368725126225.126,323269456935.317,14.06123229851071
Australia,AUS,Developed,gdp,1996,401962517479.122,368725126225.126,9.014137873995294
Australia,AUS,Developed,gdp,1997,436321902767.408,401962517479.122,8.547907776020594
Australia,AUS,Developed,gdp,1998,400361527504.578,436321902767.408,-8.241707563784523
Australia,AUS,Developed,gdp,1999,390347787943.351,400361527504.578,-2.5011742820649734
Australia,AUS,Developed,gdp,2000,416901962163.479,390347787943.351,6.802696221243003
Australia,AUS,Developed,gdp,2001,380360222861.197,416901962163.479,-8.76506771823562
Australia,AUS,Developed,gdp,2002,396436967262.563,380360222861.197,4.226715475249044
Australia,AUS,Developed,gdp,2003,468517181129.878,396436967262.563,18.18201121985069
Australia,AUS,Developed,gdp,2004,615643050220.515,468517181129.878,31.402449049110142
Australia,AUS,Developed,gdp,2005,696811489612.816,615643050220.515,13.184334552826932
Australia,AUS,Developed,gdp,2006,749708370332.989,696811489612.816,7.59127561882844
Australia,AUS,Developed,gdp,2007,856603595823.192,749708370332.989,14.258240900088207
Australia,AUS,Developed,gdp,2008,1058448244063.77,856603595823.192,23.56336690912513
Australia,AUS,Developed,gdp,2009,931761689770.843,1058448244063.77,-11.969083514800023
Australia,AUS,Developed,gdp,2010,1152566632022.13,931761689770.843,23.697576824133165
Australia,AUS,Developed,gdp,2011,1402939868653.4,1152566632022.13,21.723103001168848
Australia,AUS,Developed,gdp,2012,1552728401401.58,1402939868653.4,10.676760714766303
Australia,AUS,Developed,gdp,2013,1583737461925.39,1552728401401.58,1.9970691909685745
Australia,AUS,Developed,gdp,2014,1474677007565.64,1583737461925.39,-6.886271050705742
Australia,AUS,Developed,gdp,2015,1356805839935.9,1474677007565.64,-7.993015896024498
Australia,AUS,Developed,gdp,2016,1211588128417.61,1356805839935.9,-10.702910264975744
Australia,AUS,Developed,gdp,2017,1330890554614.09,1211588128417.61,9.846780716834395
Australia,AUS,Developed,gdp,2018,1433144978761.67,1330890554614.09,7.6831580022167865
Australia,AUS,Developed,gdp,2019,1398349602956.35,1433144978761.67,-2.4279034097014582
Australia,AUS,Developed,gdp,2020,1333336461648.09,1398349602956.35,-4.649276630880512
Australia,AUS,Developed,gdp,2021,1560617493202.69,1333336461648.09,17.046037372567298
Australia,AUS,Developed,gdp,2022,1695627535475.8,1560617493202.69,8.651065546884478
Australia,AUS,Developed,gdp,2023,1734451264655.6,1695627535475.8,2.289637810635456
Australia,AUS,Developed,gdp,2024,1757022451652.83,1734451264655.6,1.301344549551919
Australia,AUS,Developed,gdp,2025,1798518933689.21,1757022451652.83,2.361750243848288
Australia,AUS,Developed,gdp_per_capita,1960,1813.43109917039,,
Australia,AUS,Developed,gdp_per_capita,1961,1880.48489498232,1813.43109917039,3.6976202648452237
Australia,AUS,Developed,gdp_per_capita,1962,1857.56127281956,1880.48489498232,-1.2190271894194362
Australia,AUS,Developed,gdp_per_capita,1963,1970.17748417817,1857.56127281956,6.062583937684702
Australia,AUS,Developed,gdp_per_capita,1964,2134.48946124608,1970.17748417817,8.339958119887358
Australia,AUS,Developed,gdp_per_capita,1965,2284.35582738664,2134.48946124608,7.021180889460603
Australia,AUS,Developed,gdp_per_capita,1966,2347.37656646515,2284.35582738664,2.7587969581169496
Australia,AUS,Developed,gdp_per_capita,1967,2583.9075241973,2347.37656646515,10.076395969494383
Australia,AUS,Developed,gdp_per_capita,1968,2728.23426114901,2583.9075241973,5.585599933439777
Australia,AUS,Developed,gdp_per_capita,1969,2995.86119857452,2728.23426114901,9.809529234223376
Australia,AUS,Developed,gdp_per_capita,1970,3309.76306254362,2995.86119857452,10.477850713459604
Australia,AUS,Developed,gdp_per_capita,1971,3500.33603195606,3309.76306254362,5.75790368709901
Australia,AUS,Developed,gdp_per_capita,1972,3955.22430403017,3500.33603195606,12.995560081124808
Australia,AUS,Developed,gdp_per_capita,1973,4777.513168995,3955.22430403017,20.789942662087714
Australia,AUS,Developed,gdp_per_capita,1974,6491.74521621099,4777.513168995,35.881262627196406
Australia,AUS,Developed,gdp_per_capita,1975,7013.67159761514,6491.74521621099,8.039846975214166
Australia,AUS,Developed,gdp_per_capita,1976,7497.28175413577,7013.67159761514,6.895249510756564
Australia,AUS,Developed,gdp_per_capita,1977,7786.4080406928,7497.28175413577,3.8564148452542453
Australia,AUS,Developed,gdp_per_capita,1978,8264.43890373653,7786.4080406928,6.139298898098823
Australia,AUS,Developed,gdp_per_capita,1979,9307.82127950011,8264.43890373653,12.624963266312545
Australia,AUS,Developed,gdp_per_capita,1980,10223.2886675105,9307.82127950011,9.835463751615519
Australia,AUS,Developed,gdp_per_capita,1981,11870.8633077339,10223.2886675105,16.11589669241537
Australia,AUS,Developed,gdp_per_capita,1982,12797.6758959809,11870.8633077339,7.807457336680631
Australia,AUS,Developed,gdp_per_capita,1983,11532.4028055582,12797.6758959809,-9.886741160713855
Australia,AUS,Developed,gdp_per_capita,1984,12436.2969052038,11532.4028055582,7.837864449288539
Australia,AUS,Developed,gdp_per_capita,1985,11455.379711213,12436.2969052038,-7.887534379951555
Australia,AUS,Developed,gdp_per_capita,1986,11406.1093011037,11455.379711213,-0.4301071754179611
Australia,AUS,Developed,gdp_per_capita,1987,11665.5298271811,11406.1093011037,2.274399790753355
Australia,AUS,Developed,gdp_per_capita,1988,14303.093047615,11665.5298271811,22.609887930578886
Australia,AUS,Developed,gdp_per_capita,1989,17857.5520554588,14303.093047615,24.85098150456691
Australia,AUS,Developed,gdp_per_capita,1990,18273.561526468,17857.5520554588,2.329599654629201
Australia,AUS,Developed,gdp_per_capita,1991,18885.4274465057,18273.561526468,3.348367088437877
Australia,AUS,Developed,gdp_per_capita,1992,18650.3675476612,18885.4274465057,-1.2446628465801042
Australia,AUS,Developed,gdp_per_capita,1993,17724.5399501656,18650.3675476612,-4.964125211632638
Australia,AUS,Developed,gdp_per_capita,1994,18155.6282000179,17724.5399501656,2.4321548038163594
Australia,AUS,Developed,gdp_per_capita,1995,20479.1748274233,18155.6282000179,12.797941232367311
Australia,AUS,Developed,gdp_per_capita,1996,22055.838490507,20479.1748274233,7.698863242147919
Australia,AUS,Developed,gdp_per_capita,1997,23683.4948964934,22055.838490507,7.379707675529793
Australia,AUS,Developed,gdp_per_capita,1998,21516.0403147759,23683.4948964934,-9.15175142515988
Australia,AUS,Developed,gdp_per_capita,1999,20749.6443779096,21516.0403147759,-3.5619748134603757
Australia,AUS,Developed,gdp_per_capita,2000,21908.9968019784,20749.6443779096,5.587336356005519
Australia,AUS,Developed,gdp_per_capita,2001,19733.6510102645,21908.9968019784,-9.92900684305848
Australia,AUS,Developed,gdp_per_capita,2002,20335.0960191023,19733.6510102645,3.047814155246573
Australia,AUS,Developed,gdp_per_capita,2003,23757.5898471684,20335.0960191023,16.830477834238362
Australia,AUS,Developed,gdp_per_capita,2004,30886.0500949401,23757.5898471684,30.004980697237343
Australia,AUS,Developed,gdp_per_capita,2005,34535.20727091,30886.0500949401,11.814904025451044
Australia,AUS,Developed,gdp_per_capita,2006,36658.8243476122,34535.20727091,6.149136618881629
Australia,AUS,Developed,gdp_per_capita,2007,41128.2476618402,36658.8243476122,12.191943941920544
Australia,AUS,Developed,gdp_per_capita,2008,49811.2067218988,41128.2476618402,21.111911043355402
Australia,AUS,Developed,gdp_per_capita,2009,42954.8494884573,49811.2067218988,-13.764688078570877
Australia,AUS,Developed,gdp_per_capita,2010,52313.8939041213,42954.8494884573,21.788097332709626
Australia,AUS,Developed,gdp_per_capita,2011,62799.3895017032,52313.8939041213,20.043424060153637
Australia,AUS,Developed,gdp_per_capita,2012,68301.4402512587,62799.3895017032,8.761312479648034
Australia,AUS,Developed,gdp_per_capita,2013,68476.6788496118,68301.4402512587,0.25656647606324684
Australia,AUS,Developed,gdp_per_capita,2014,62817.2061751737,68476.6788496118,-8.264817700734884
Australia,AUS,Developed,gdp_per_capita,2015,56970.3613028094,62817.2061751737,-9.307712374312919
Australia,AUS,Developed,gdp_per_capita,2016,50084.4440606385,56970.3613028094,-12.086841446503739
Australia,AUS,Developed,gdp_per_capita,2017,54117.547718609,50084.4440606385,8.052607418557976
Australia,AUS,Developed,gdp_per_capita,2018,57410.1737346009,54117.547718609,6.084211415329325
Australia,AUS,Developed,gdp_per_capita,2019,55194.7585097428,57410.1737346009,-3.8589244392459983
Australia,AUS,Developed,gdp_per_capita,2020,51983.4523666382,55194.7585097428,-5.818136050976201
Australia,AUS,Developed,gdp_per_capita,2021,60758.9044397144,51983.4523666382,16.881241382706023
Australia,AUS,Developed,gdp_per_capita,2022,65169.5191118657,60758.9044397144,7.259207045985426
Australia,AUS,Developed,gdp_per_capita,2023,65058.3773146674,65169.5191118657,-0.17054260751490913
Australia,AUS,Developed,gdp_per_capita,2024,64609.9865116088,65058.3773146674,-0.689213013859651
Australia,AUS,Developed,gdp_per_capita,2025,65129.7227990563,64609.9865116088,0.8044209811963304
Australia,AUS,Developed,population,1960,10276477.0,,
Australia,AUS,Developed,population,1961,10483000.0,10276477.0,2.009667320814322
Australia,AUS,Developed,population,1962,10742000.0,10483000.0,2.4706667938567204
Australia,AUS,Developed,population,1963,10950000.0,10742000.0,1.936324706758518
Australia,AUS,Developed,population,1964,11167000.0,10950000.0,1.9817351598173514
Australia,AUS,Developed,population,1965,11388000.0,11167000.0,1.979045401629802
Australia,AUS,Developed,population,1966,11651000.0,11388000.0,2.3094485423252546
Australia,AUS,Developed,population,1967,11799000.0,11651000.0,1.2702772294223672
Australia,AUS,Developed,population,1968,12009000.0,11799000.0,1.779811848461734
Australia,AUS,Developed,population,1969,12263000.0,12009000.0,2.115080356399367
Australia,AUS,Developed,population,1970,12507000.0,12263000.0,1.989725189594716
Australia,AUS,Developed,population,1971,12937000.0,12507000.0,3.438074678180219
Australia,AUS,Developed,population,1972,13177000.0,12937000.0,1.8551441601607794
Australia,AUS,Developed,population,1973,13380000.0,13177000.0,1.540563102375351
Australia,AUS,Developed,population,1974,13723000.0,13380000.0,2.563527653213752
Australia,AUS,Developed,population,1975,13893000.0,13723000.0,1.2387961815929462
Australia,AUS,Developed,population,1976,14033000.0,13893000.0,1.0077017202907939
Australia,AUS,Developed,population,1977,14192000.0,14033000.0,1.1330435402266086
Australia,AUS,Developed,population,1978,14358000.0,14192000.0,1.1696730552423902
Australia,AUS,Developed,population,1979,14514000.0,14358000.0,1.0865022983702466
Australia,AUS,Developed,population,1980,14692000.0,14514000.0,1.2264020945294198
Australia,AUS,Developed,population,1981,14923260.0,14692000.0,1.5740539068881023
Australia,AUS,Developed,population,1982,15184247.0,14923260.0,1.7488605036701097
Australia,AUS,Developed,population,1983,15393472.0,15184247.0,1.3779083019395035
Australia,AUS,Developed,population,1984,15579391.0,15393472.0,1.2077782062422304
Australia,AUS,Developed,population,1985,15788312.0,15579391.0,1.3410087724224906
Australia,AUS,Developed,population,1986,16018350.0,15788312.0,1.4570145307490756
Australia,AUS,Developed,population,1987,16263874.0,16018350.0,1.5327671077233298
Australia,AUS,Developed,population,1988,16532164.0,16263874.0,1.6496069755582217
Australia,AUS,Developed,population,1989,16814416.0,16532164.0,1.7072901043081838
Australia,AUS,Developed,population,1990,17065128.0,16814416.0,1.4910538671102225
Australia,AUS,Developed,population,1991,17284036.0,17065128.0,1.28277971310851
Australia,AUS,Developed,population,1992,17478635.0,17284036.0,1.1258886523957714
Australia,AUS,Developed,population,1993,17634808.0,17478635.0,0.8935079884670629
Australia,AUS,Developed,population,1994,17805468.0,17634808.0,0.9677451549231497
Australia,AUS,Developed,population,1995,18004882.0,17805468.0,1.1199593293475913
Australia,AUS,Developed,population,1996,18224767.0,18004882.0,1.221252102624166
Australia,AUS,Developed,population,1997,18423037.0,18224767.0,1.0879151431675367
Australia,AUS,Developed,population,1998,18607584.0,18423037.0,1.0017186634320931
Australia,AUS,Developed,population,1999,18812264.0,18607584.0,1.0999815989007493
Australia,AUS,Developed,population,2000,19028802.0,18812264.0,1.1510469978520395
Australia,AUS,Developed,population,2001,19274701.0,19028802.0,1.2922463537116
Australia,AUS,Developed,population,2002,19495210.0,19274701.0,1.144033310815042
Australia,AUS,Developed,population,2003,19720737.0,19495210.0,1.156832883564732
Australia,AUS,Developed,population,2004,19932722.0,19720737.0,1.0749344712624076
Australia,AUS,Developed,population,2005,20176844.0,19932722.0,1.2247298688056754
Australia,AUS,Developed,population,2006,20450966.0,20176844.0,1.3585970134873422
Australia,AUS,Developed,population,2007,20827622.0,20450966.0,1.8417516316833151
Australia,AUS,Developed,population,2008,21249199.0,20827622.0,2.0241245015873632
Australia,AUS,Developed,population,2009,21691653.0,21249199.0,2.0822149578438225
Australia,AUS,Developed,population,2010,22031750.0,21691653.0,1.5678703693074936
Australia,AUS,Developed,population,2011,22340024.0,22031750.0,1.3992261168540856
Australia,AUS,Developed,population,2012,22733465.0,22340024.0,1.7611485108520921
Australia,AUS,Developed,population,2013,23128129.0,22733465.0,1.7360485961994794
Australia,AUS,Developed,population,2014,23475686.0,23128129.0,1.5027458554905155
Australia,AUS,Developed,population,2015,23815995.0,23475686.0,1.449623239976885
Australia,AUS,Developed,population,2016,24190907.0,23815995.0,1.5742025474896177
Australia,AUS,Developed,population,2017,24592588.0,24190907.0,1.6604627515619814
Australia,AUS,Developed,population,2018,24963258.0,24592588.0,1.5072427513525621
Australia,AUS,Developed,population,2019,25334826.0,24963258.0,1.4884595592450314
Australia,AUS,Developed,population,2020,25649248.0,25334826.0,1.2410663487485567
Australia,AUS,Developed,population,2021,25685412.0,25649248.0,0.14099438704791656
Australia,AUS,Developed,population,2022,26018721.0,25685412.0,1.2976587644379618
Australia,AUS,Developed,population,2023,26659922.0,26018721.0,2.464383241589777
Australia,AUS,Developed,population,2024,27194286.0,26659922.0,2.004371955776915
Australia,AUS,Developed,population,2025,27614411.0,27194286.0,1.5449017488453274
Australia,AUS,Developed,unemployment,1960,,,
Australia,AUS,Developed,unemployment,1961,,,
Australia,AUS,Developed,unemployment,1962,,,
Australia,AUS,Developed,unemployment,1963,,,
Australia,AUS,Developed,unemployment,1964,,,
Australia,AUS,Developed,unemployment,1965,,,
Australia,AUS,Developed,unemployment,1966,,,
Australia,AUS,Developed,unemployment,1967,,,
Australia,AUS,Developed,unemployment,1968,,,
Australia,AUS,Developed,unemployment,1969,,,
Australia,AUS,Developed,unemployment,1970,,,
Australia,AUS,Developed,unemployment,1971,,,
Australia,AUS,Developed,unemployment,1972,,,
Australia,AUS,Developed,unemployment,1973,,,
Australia,AUS,Developed,unemployment,1974,,,
Australia,AUS,Developed,unemployment,1975,,,
Australia,AUS,Developed,unemployment,1976,,,
Australia,AUS,Developed,unemployment,1977,,,
Australia,AUS,Developed,unemployment,1978,,,
Australia,AUS,Developed,unemployment,1979,,,
Australia,AUS,Developed,unemployment,1980,,,
Australia,AUS,Developed,unemployment,1981,,,
Australia,AUS,Developed,unemployment,1982,,,
Australia,AUS,Developed,unemployment,1983,,,
Australia,AUS,Developed,unemployment,1984,,,
Australia,AUS,Developed,unemployment,1985,,,
Australia,AUS,Developed,unemployment,1986,,,
Australia,AUS,Developed,unemployment,1987,,,
Australia,AUS,Developed,unemployment,1988,,,
Australia,AUS,Developed,unemployment,1989,,,
Australia,AUS,Developed,unemployment,1990,,,
Australia,AUS,Developed,unemployment,1991,9.586,,
Australia,AUS,Developed,unemployment,1992,10.733,9.586,11.965366158981851
Australia,AUS,Developed,unemployment,1993,10.879,10.733,1.3602906922575142
Australia,AUS,Developed,unemployment,1994,9.724,10.879,-10.616784630940339
Australia,AUS,Developed,unemployment,1995,8.473,9.724,-12.865076100370212
Australia,AUS,Developed,unemployment,1996,8.509,8.473,0.4248790274991099
Australia,AUS,Developed,unemployment,1997,8.367,8.509,-1.668821248090251
Australia,AUS,Developed,unemployment,1998,7.684,8.367,-8.163021393569984
Australia,AUS,Developed,unemployment,1999,6.876,7.684,-10.515356585111919
Australia,AUS,Developed,unemployment,2000,6.288,6.876,-8.55148342059337
Australia,AUS,Developed,unemployment,2001,6.747,6.288,7.299618320610681
Australia,AUS,Developed,unemployment,2002,6.375,6.747,-5.513561582925743
Australia,AUS,Developed,unemployment,2003,5.933,6.375,-6.933333333333335
Australia,AUS,Developed,unemployment,2004,5.399,5.933,-9.000505646384624
Australia,AUS,Developed,unemployment,2005,5.036,5.399,-6.72346730876089
Australia,AUS,Developed,unemployment,2006,4.785,5.036,-4.984114376489266
Australia,AUS,Developed,unemployment,2007,4.381,4.785,-8.443051201671889
Australia,AUS,Developed,unemployment,2008,4.242,4.381,-3.1727916000913083
Australia,AUS,Developed,unemployment,2009,5.565,4.242,31.1881188118812
Australia,AUS,Developed,unemployment,2010,5.214,5.565,-6.307277628032344
Australia,AUS,Developed,unemployment,2011,5.083,5.214,-2.5124664365170735
Australia,AUS,Developed,unemployment,2012,5.225,5.083,2.793625811528614
Australia,AUS,Developed,unemployment,2013,5.663,5.225,8.382775119617238
Australia,AUS,Developed,unemployment,2014,6.078,5.663,7.328271234328095
Australia,AUS,Developed,unemployment,2015,6.055,6.078,-0.37841395195789035
Australia,AUS,Developed,unemployment,2016,5.711,6.055,-5.6812551610239375
Australia,AUS,Developed,unemployment,2017,5.592,5.711,-2.0836981264227044
Australia,AUS,Developed,unemployment,2018,5.345,5.592,-4.417024320457795
Australia,AUS,Developed,unemployment,2019,5.143,5.345,-3.779232927970065
Australia,AUS,Developed,unemployment,2020,6.394,5.143,24.32432432432433
Australia,AUS,Developed,unemployment,2021,5.022,6.394,-21.457616515483263
Australia,AUS,Developed,unemployment,2022,3.728,5.022,-25.766626841895658
Australia,AUS,Developed,unemployment,2023,3.668,3.728,-1.6094420600858381
Australia,AUS,Developed,unemployment,2024,3.942,3.668,7.4700109051254096
Australia,AUS,Developed,unemployment,2025,4.09,3.942,3.7544393708777193
Brazil,BRA,Developing,gdp,1960,17030465539.3906,,
Brazil,BRA,Developing,gdp,1961,17275940449.3837,17030465539.3906,1.4413869628245344
Brazil,BRA,Developing,gdp,1962,19231747851.5332,17275940449.3837,11.320989487546358
Brazil,BRA,Developing,gdp,1963,23287712878.2002,19231747851.5332,21.089944907652523
Brazil,BRA,Developing,gdp,1964,20963733694.9749,23287712878.2002,-9.979422175892568
Brazil,BRA,Developing,gdp,1965,22465522884.0988,20963733694.9749,7.163748647903723
Brazil,BRA,Developing,gdp,1966,28283323733.1114,22465522884.0988,25.896574404375272
Brazil,BRA,Developing,gdp,1967,31086389194.961,28283323733.1114,9.910664985134114
Brazil,BRA,Developing,gdp,1968,33930457425.2613,31086389194.961,9.148917915372797
Brazil,BRA,Developing,gdp,1969,37171640818.5863,33930457425.2613,9.552430586779936
Brazil,BRA,Developing,gdp,1970,42327664793.6934,37171640818.5863,13.870853859453561
Brazil,BRA,Developing,gdp,1971,48869830901.7878,42327664793.6934,15.456005286332628
Brazil,BRA,Developing,gdp,1972,58434858374.8696,48869830901.7878,19.57245870628105
Brazil,BRA,Developing,gdp,1973,83592275862.9982,58434858374.8696,43.052072320838825
Brazil,BRA,Developing,gdp,1974,109794519727.538,83592275862.9982,31.345293083637788
Brazil,BRA,Developing,gdp,1975,129203555238.827,109794519727.538,17.677599537257183
Brazil,BRA,Developing,gdp,1976,153168949208.207,129203555238.827,18.548556133057676
Brazil,BRA,Developing,gdp,1977,176344101401.941,153168949208.207,15.130450599508489
Brazil,BRA,Developing,gdp,1978,200278646123.581,176344101401.941,13.572636981537583
Brazil,BRA,Developing,gdp,1979,221338204480.222,200278646123.581,10.515129178397926
Brazil,BRA,Developing,gdp,1980,237393489892.637,221338204480.222,7.253734370041685
Brazil,BRA,Developing,gdp,1981,258015174748.648,237393489892.637,8.686710349697176
Brazil,BRA,Developing,gdp,1982,271314113768.417,258015174748.648,5.154324365892231
Brazil,BRA,Developing,gdp,1983,189656506321.431,271314113768.417,-30.097073208910057
Brazil,BRA,Developing,gdp,1984,188339974086.58,189656506321.431,-0.6941666597083394
Brazil,BRA,Developing,gdp,1985,210879844638.877,188339974086.58,11.967650872637073
Brazil,BRA,Developing,gdp,1986,256480852471.129,210879844638.877,21.624166079191596
Brazil,BRA,Developing,gdp,1987,283056836893.838,256480852471.129,10.361781071240227
Brazil,BRA,Developing,gdp,1988,307881930752.268,283056836893.838,8.770356558368796
Brazil,BRA,Developing,gdp,1989,412990820287.42,307881930752.268,34.1393498729635
Brazil,BRA,Developing,gdp,1990,384959818181.817,412990820287.42,-6.787318441144735
Brazil,BRA,Developing,gdp,1991,342534090909.091,384959818181.817,-11.020819646347684
Brazil,BRA,Developing,gdp,1992,328191909882.232,342534090909.091,-4.187081346792265
Brazil,BRA,Developing,gdp,1993,368292034380.96,328191909882.232,12.218498778083077
Brazil,BRA,Developing,gdp,1994,525369467295.737,368292034380.96,42.65023900905134
Brazil,BRA,Developing,gdp,1995,769333050986.905,525369467295.737,46.436574425791264
Brazil,BRA,Developing,gdp,1996,850426432991.742,769333050986.905,10.540738097864097
Brazil,BRA,Developing,gdp,1997,883206179730.462,850426432991.742,3.8545070410621163
Brazil,BRA,Developing,gdp,1998,863710759256.435,883206179730.462,-2.2073464748601075
Brazil,BRA,Developing,gdp,1999,599642024319.531,863710759256.435,-30.57374614208114
Brazil,BRA,Developing,gdp,2000,655448231983.527,599642024319.531,9.30658716378733
Brazil,BRA,Developing,gdp,2001,559983634798.981,655448231983.527,-14.564780638075666
Brazil,BRA,Developing,gdp,2002,509795273806.715,559983634798.981,-8.962469235423674
Brazil,BRA,Developing,gdp,2003,558233745651.874,509795273806.715,9.501553728315667
Brazil,BRA,Developing,gdp,2004,669289424806.307,558233745651.874,19.89411783494894
Brazil,BRA,Developing,gdp,2005,891633839894.183,669289424806.307,33.22096642304227
Brazil,BRA,Developing,gdp,2006,1107626541434.92,891633839894.183,24.22437236863626
Brazil,BRA,Developing,gdp,2007,1397114486368.67,1107626541434.92,26.135880109799558
Brazil,BRA,Developing,gdp,2008,1695855083497.52,1397114486368.67,21.38268553104234
Brazil,BRA,Developing,gdp,2009,1666996438581.43,1695855083497.52,-1.7017164495313017
Brazil,BRA,Developing,gdp,2010,2208837745100.55,1666996438581.43,32.50404703804961
Brazil,BRA,Developing,gdp,2011,2616156223917.69,2208837745100.55,18.44039833711726
Brazil,BRA,Developing,gdp,2012,2465227802806.76,2616156223917.69,-5.769090535614692
Brazil,BRA,Developing,gdp,2013,2472819535557.21,2465227802806.76,0.30795258522586455
Brazil,BRA,Developing,gdp,2014,2456043727198.85,2472819535557.21,-0.6784081133757182
Brazil,BRA,Developing,gdp,2015,1802212206814.5,2456043727198.85,-26.62133060350898
Brazil,BRA,Developing,gdp,2016,1795693482853.01,1802212206814.5,-0.36170679217694124
Brazil,BRA,Developing,gdp,2017,2063514977365.65,1795693482853.01,14.914655372425994
Brazil,BRA,Developing,gdp,2018,1916933898010.99,2063514977365.65,-7.103465735043517
Brazil,BRA,Developing,gdp,2019,1873288205059.69,1916933898010.99,-2.2768491389602326
Brazil,BRA,Developing,gdp,2020,1476107231310.49,1873288205059.69,-21.20234209965275
Brazil,BRA,Developing,gdp,2021,1670647398904.9,1476107231310.49,13.179270683586916
Brazil,BRA,Developing,gdp,2022,1951923942083.32,1670647398904.9,16.836379918515142
Brazil,BRA,Developing,gdp,2023,2191131765684.63,1951923942083.32,12.254976663998466
Brazil,BRA,Developing,gdp,2024,2185821610689.31,2191131765684.63,-0.24234758851486232
Brazil,BRA,Developing,gdp,2025,2279920092492.13,2185821610689.31,4.304947912613298
Brazil,BRA,Developing,gdp_per_capita,1960,235.266009502589,,
Brazil,BRA,Developing,gdp_per_capita,1961,231.564063269854,235.266009502589,-1.5735151204212774
Brazil,BRA,Developing,gdp_per_capita,1962,250.200572910273,231.564063269854,8.048100977871028
Brazil,BRA,Developing,gdp_per_capita,1963,294.169619376733,250.200572910273,17.573519498785565
Brazil,BRA,Developing,gdp_per_capita,1964,257.259726897671,294.169619376733,-12.547146288343521
Brazil,BRA,Developing,gdp_per_capita,1965,268.028760553723,257.259726897671,4.186054998159714
Brazil,BRA,Developing,gdp_per_capita,1966,328.343791519407,268.028760553723,22.50319362783257
Brazil,BRA,Developing,gdp_per_capita,1967,351.472600370379,328.343791519407,7.0440828937083655
Brazil,BRA,Developing,gdp_per_capita,1968,373.925432639683,351.472600370379,6.388216960765472
Brazil,BRA,Developing,gdp_per_capita,1969,399.49841913391,373.925432639683,6.839060481577164
Brazil,BRA,Developing,gdp_per_capita,1970,443.799484982738,399.49841913391,11.08917175313741
Brazil,BRA,Developing,gdp_per_capita,1971,500.001988983361,443.799484982738,12.663940789117643
Brazil,BRA,Developing,gdp_per_capita,1972,583.492034946156,500.001988983361,16.697942768698333
Brazil,BRA,Developing,gdp_per_capita,1973,814.731780553415,583.492034946156,39.63031742645769
Brazil,BRA,Developing,gdp_per_capita,1974,1044.76980947499,814.731780553415,28.234817201474506
Brazil,BRA,Developing,gdp_per_capita,1975,1200.55823714607,1044.76980947499,14.911268133730394
Brazil,BRA,Developing,gdp_per_capita,1976,1389.74952306555,1200.55823714607,15.758609625570486
Brazil,BRA,Developing,gdp_per_capita,1977,1562.29143045708,1389.74952306555,12.415324094584472
Brazil,BRA,Developing,gdp_per_capita,1978,1732.50012204556,1562.29143045708,10.89481055008296
Brazil,BRA,Developing,gdp_per_capita,1979,1869.7133759549,1732.50012204556,7.919956377684553
Brazil,BRA,Developing,gdp_per_capita,1980,1958.57159232662,1869.7133759549,4.752504716202207
Brazil,BRA,Developing,gdp_per_capita,1981,2079.70908377484,1958.57159232662,6.184991752296317
Brazil,BRA,Developing,gdp_per_capita,1982,2137.6250359394,2079.70908377484,2.78481027064793
Brazil,BRA,Developing,gdp_per_capita,1983,1461.25582714178,2137.6250359394,-31.641153028523682
Brazil,BRA,Developing,gdp_per_capita,1984,1419.73154606978,1461.25582714178,-2.8416845497356538
Brazil,BRA,Developing,gdp_per_capita,1985,1556.1297180511,1419.73154606978,9.607321353033882
Brazil,BRA,Developing,gdp_per_capita,1986,1854.03775211919,1556.1297180511,19.144164564968943
Brazil,BRA,Developing,gdp_per_capita,1987,2006.00226235757,1854.03775211919,8.196408625697222
Brazil,BRA,Developing,gdp_per_capita,1988,2140.65027561164,2006.00226235757,6.712256301038461
Brazil,BRA,Developing,gdp_per_capita,1989,2818.99277980122,2140.65027561164,31.68861873038834
Brazil,BRA,Developing,gdp_per_capita,1990,2581.14187449078,2818.99277980122,-8.43744287018755
Brazil,BRA,Developing,gdp_per_capita,1991,2257.6092968885,2581.14187449078,-12.534474791940994
Brazil,BRA,Developing,gdp_per_capita,1992,2127.31642731638,2257.6092968885,-5.771276267850822
Brazil,BRA,Developing,gdp_per_capita,1993,2348.88247685352,2127.31642731638,10.415284096529376
Brazil,BRA,Developing,gdp_per_capita,1994,3298.71250747787,2348.88247685352,40.437528909352196
Brazil,BRA,Developing,gdp_per_capita,1995,4756.74840785403,3298.71250747787,44.20015072762268
Brazil,BRA,Developing,gdp_per_capita,1996,5179.13052002464,4756.74840785403,8.879639534291956
Brazil,BRA,Developing,gdp_per_capita,1997,5299.39630404412,5179.13052002464,2.3221230581944954
Brazil,BRA,Developing,gdp_per_capita,1998,5105.89099544117,5299.39630404412,-3.651459477663159
Brazil,BRA,Developing,gdp_per_capita,1999,3493.57162513699,5105.89099544117,-31.57763006973221
Brazil,BRA,Developing,gdp_per_capita,2000,3766.54811466032,3493.57162513699,7.813679489471645
Brazil,BRA,Developing,gdp_per_capita,2001,3176.28935747524,3766.54811466032,-15.67107970525186
Brazil,BRA,Developing,gdp_per_capita,2002,2855.94018885769,3176.28935747524,-10.085641846943961
Brazil,BRA,Developing,gdp_per_capita,2003,3090.6070097455,2855.94018885769,8.216797459671985
Brazil,BRA,Developing,gdp_per_capita,2004,3663.823188064,3090.6070097455,18.547041940660787
Brazil,BRA,Developing,gdp_per_capita,2005,4827.78173074714,3663.823188064,31.768960534861034
Brazil,BRA,Developing,gdp_per_capita,2006,5934.14470924968,4827.78173074714,22.916590687112972
Brazil,BRA,Developing,gdp_per_capita,2007,7409.69130673473,5934.14470924968,24.865362571712872
Brazil,BRA,Developing,gdp_per_capita,2008,8908.33176538648,7409.69130673473,20.225410163708485
Brazil,BRA,Developing,gdp_per_capita,2009,8678.6592244676,8908.33176538648,-2.578176778409601
Brazil,BRA,Developing,gdp_per_capita,2010,11403.2821278747,8678.6592244676,31.3945142093564
Brazil,BRA,Developing,gdp_per_capita,2011,13396.6243562986,11403.2821278747,17.480425425512223
Brazil,BRA,Developing,gdp_per_capita,2012,12521.7213519966,13396.6243562986,-6.530772088796026
Brazil,BRA,Developing,gdp_per_capita,2013,12458.8912138813,12521.7213519966,-0.5017691765300554
Brazil,BRA,Developing,gdp_per_capita,2014,12274.9939689363,12458.8912138813,-1.4760321908911678
Brazil,BRA,Developing,gdp_per_capita,2015,8936.19661712113,12274.9939689363,-27.199991790338096
Brazil,BRA,Developing,gdp_per_capita,2016,8836.28652735657,8936.19661712113,-1.1180381771495445
Brazil,BRA,Developing,gdp_per_capita,2017,10080.5092819305,8836.28652735657,14.080833059474665
Brazil,BRA,Developing,gdp_per_capita,2018,9300.66164923219,10080.5092819305,-7.736192794308523
Brazil,BRA,Developing,gdp_per_capita,2019,9029.83326681073,9300.66164923219,-2.9119259751140136
Brazil,BRA,Developing,gdp_per_capita,2020,7074.19378337644,9029.83326681073,-21.657537029197087
Brazil,BRA,Developing,gdp_per_capita,2021,7972.5366498646,7074.19378337644,12.698872747862309
Brazil,BRA,Developing,gdp_per_capita,2022,9281.33334441234,7972.5366498646,16.416314556170374
Brazil,BRA,Developing,gdp_per_capita,2023,10377.5892792557,9281.33334441234,11.811405691008197
Brazil,BRA,Developing,gdp_per_capita,2024,10310.5486973693,10377.5892792557,-0.6460130583546122
Brazil,BRA,Developing,gdp_per_capita,2025,10713.2856869511,10310.5486973693,3.9060674790717598
Brazil,BRA,Developing,population,1960,72388126.0,,
Brazil,BRA,Developing,population,1961,74605447.0,72388126.0,3.063100431692347
Brazil,BRA,Developing,population,1962,76865323.0,74605447.0,3.0291032235220037
Brazil,BRA,Developing,population,1963,79164235.0,76865323.0,2.9908311189949726
Brazil,BRA,Developing,population,1964,81488595.0,79164235.0,2.936123869573173
Brazil,BRA,Developing,population,1965,83817583.0,81488595.0,2.8580539399409206
Brazil,BRA,Developing,population,1966,86139359.0,83817583.0,2.770034540366071
Brazil,BRA,Developing,population,1967,88446124.0,86139359.0,2.6779453977594607
Brazil,BRA,Developing,population,1968,90741240.0,88446124.0,2.5949311243983963
Brazil,BRA,Developing,population,1969,93045777.0,90741240.0,2.5396798633124256
Brazil,BRA,Developing,population,1970,95375651.0,93045777.0,2.5040083226990517
Brazil,BRA,Developing,population,1971,97739273.0,95375651.0,2.4782237135136302
Brazil,BRA,Developing,population,1972,100146797.0,97739273.0,2.4632104640270858
Brazil,BRA,Developing,population,1973,102600976.0,100146797.0,2.4505816196997294
Brazil,BRA,Developing,population,1974,105089675.0,102600976.0,2.4256094795823384
Brazil,BRA,Developing,population,1975,107619565.0,105089675.0,2.4073630449423313
Brazil,BRA,Developing,population,1976,110213349.0,107619565.0,2.410141687526799
Brazil,BRA,Developing,population,1977,112875292.0,110213349.0,2.4152636900635334
Brazil,BRA,Developing,population,1978,115600942.0,112875292.0,2.4147445837836683
Brazil,BRA,Developing,population,1979,118380821.0,115600942.0,2.4047200238212594
Brazil,BRA,Developing,population,1980,121207461.0,118380821.0,2.3877516443309683
Brazil,BRA,Developing,population,1981,124063109.0,121207461.0,2.3560001805499415
Brazil,BRA,Developing,population,1982,126923155.0,124063109.0,2.3053154342601556
Brazil,BRA,Developing,population,1983,129790077.0,126923155.0,2.258785640807621
Brazil,BRA,Developing,population,1984,132658864.0,129790077.0,2.210328452151238
Brazil,BRA,Developing,population,1985,135515595.0,132658864.0,2.1534414767791166
Brazil,BRA,Developing,population,1986,138336370.0,135515595.0,2.081513201487991
Brazil,BRA,Developing,population,1987,141104944.0,138336370.0,2.001334862263626
Brazil,BRA,Developing,population,1988,143826357.0,141104944.0,1.9286446830665267
Brazil,BRA,Developing,population,1989,146502972.0,143826357.0,1.8610045167173357
Brazil,BRA,Developing,population,1990,149143223.0,146502972.0,1.80218255231027
Brazil,BRA,Developing,population,1991,151724256.0,149143223.0,1.7305734367829773
Brazil,BRA,Developing,population,1992,154275079.0,151724256.0,1.6812229417028743
Brazil,BRA,Developing,population,1993,156794577.0,154275079.0,1.6331205378932265
Brazil,BRA,Developing,population,1994,159265006.0,156794577.0,1.5755831912477432
Brazil,BRA,Developing,population,1995,161735073.0,159265006.0,1.5509163387718705
Brazil,BRA,Developing,population,1996,164202549.0,161735073.0,1.5256282723537646
Brazil,BRA,Developing,population,1997,166661659.0,164202549.0,1.497607689390985
Brazil,BRA,Developing,population,1998,169159655.0,166661659.0,1.498842634225788
Brazil,BRA,Developing,population,1999,171641543.0,169159655.0,1.467186723690114
Brazil,BRA,Developing,population,2000,174018282.0,171641543.0,1.384710809783387
Brazil,BRA,Developing,population,2001,176301203.0,174018282.0,1.3118857247424154
Brazil,BRA,Developing,population,2002,178503484.0,176301203.0,1.2491582374511647
Brazil,BRA,Developing,population,2003,180622688.0,178503484.0,1.1872059595206557
Brazil,BRA,Developing,population,2004,182675143.0,180622688.0,1.1363218113551714
Brazil,BRA,Developing,population,2005,184688101.0,182675143.0,1.1019331732506157
Brazil,BRA,Developing,population,2006,186653106.0,184688101.0,1.0639586358625237
Brazil,BRA,Developing,population,2007,188552320.0,186653106.0,1.017509989895373
Brazil,BRA,Developing,population,2008,190367302.0,188552320.0,0.9625879967957965
Brazil,BRA,Developing,population,2009,192079951.0,190367302.0,0.8996550258405196
Brazil,BRA,Developing,population,2010,193701929.0,192079951.0,0.8444285785974612
Brazil,BRA,Developing,population,2011,195284734.0,193701929.0,0.8171343507890415
Brazil,BRA,Developing,population,2012,196876111.0,195284734.0,0.814900871872555
Brazil,BRA,Developing,population,2013,198478299.0,196876111.0,0.813805185333024
Brazil,BRA,Developing,population,2014,200085127.0,198478299.0,0.8095736451268156
Brazil,BRA,Developing,population,2015,201675532.0,200085127.0,0.7948641779856032
Brazil,BRA,Developing,population,2016,203218114.0,201675532.0,0.764883069702278
Brazil,BRA,Developing,population,2017,204703445.0,203218114.0,0.7309048247539587
Brazil,BRA,Developing,population,2018,206107261.0,204703445.0,0.6857803492266581
Brazil,BRA,Developing,population,2019,207455459.0,206107261.0,0.6541244561005544
Brazil,BRA,Developing,population,2020,208660842.0,207455459.0,0.5810321915896174
Brazil,BRA,Developing,population,2021,209550294.0,208660842.0,0.4262668507778762
Brazil,BRA,Developing,population,2022,210306415.0,209550294.0,0.36083032171742024
Brazil,BRA,Developing,population,2023,211140729.0,210306415.0,0.3967135286862268
Brazil,BRA,Developing,population,2024,211998573.0,211140729.0,0.4062901573101986
Brazil,BRA,Developing,population,2025,212812405.0,211998573.0,0.3838856028526192
Brazil,BRA,Developing,unemployment,1960,,,
Brazil,BRA,Developing,unemployment,1961,,,
Brazil,BRA,Developing,unemployment,1962,,,
Brazil,BRA,Developing,unemployment,1963,,,
Brazil,BRA,Developing,unemployment,1964,,,
Brazil,BRA,Developing,unemployment,1965,,,
Brazil,BRA,Developing,unemployment,1966,,,
Brazil,BRA,Developing,unemployment,1967,,,
Brazil,BRA,Developing,unemployment,1968,,,
Brazil,BRA,Developing,unemployment,1969,,,
Brazil,BRA,Developing,unemployment,1970,,,
Brazil,BRA,Developing,unemployment,1971,,,
Brazil,BRA,Developing,unemployment,1972,,,
Brazil,BRA,Developing,unemployment,1973,,,
Brazil,BRA,Developing,unemployment,1974,,,
Brazil,BRA,Developing,unemployment,1975,,,
Brazil,BRA,Developing,unemployment,1976,,,
Brazil,BRA,Developing,unemployment,1977,,,
Brazil,BRA,Developing,unemployment,1978,,,
Brazil,BRA,Developing,unemployment,1979,,,
Brazil,BRA,Developing,unemployment,1980,,,
Brazil,BRA,Developing,unemployment,1981,,,
Brazil,BRA,Developing,unemployment,1982,,,
Brazil,BRA,Developing,unemployment,1983,,,
Brazil,BRA,Developing,unemployment,1984,,,
Brazil,BRA,Developing,unemployment,1985,,,
Brazil,BRA,Developing,unemployment,1986,,,
Brazil,BRA,Developing,unemployment,1987,,,
Brazil,BRA,Developing,unemployment,1988,,,
Brazil,BRA,Developing,unemployment,1989,,,
Brazil,BRA,Developing,unemployment,1990,,,
Brazil,BRA,Developing,unemployment,1991,6.887,,
Brazil,BRA,Developing,unemployment,1992,7.086,6.887,2.8895019602149086
Brazil,BRA,Developing,unemployment,1993,6.03,7.086,-14.902624894157492
Brazil,BRA,Developing,unemployment,1994,6.579,6.03,9.10447761194029
Brazil,BRA,Developing,unemployment,1995,7.092,6.579,7.797537619699041
Brazil,BRA,Developing,unemployment,1996,8.035,7.092,13.2966723068246
Brazil,BRA,Developing,unemployment,1997,9.003,8.035,12.047293092719352
Brazil,BRA,Developing,unemployment,1998,10.15,9.003,12.74019771187382
Brazil,BRA,Developing,unemployment,1999,11.125,10.15,9.605911330049258
Brazil,BRA,Developing,unemployment,2000,10.889,11.125,-2.1213483146067476
Brazil,BRA,Developing,unemployment,2001,10.649,10.889,-2.2040591422536524
Brazil,BRA,Developing,unemployment,2002,10.641,10.649,-0.07512442482861414
Brazil,BRA,Developing,unemployment,2003,11.168,10.641,4.9525420543181955
Brazil,BRA,Developing,unemployment,2004,10.072,11.168,-9.813753581661892
Brazil,BRA,Developing,unemployment,2005,10.551,10.072,4.755758538522647
Brazil,BRA,Developing,unemployment,2006,9.692,10.551,-8.141408397308311
Brazil,BRA,Developing,unemployment,2007,9.28,9.692,-4.250928600907974
Brazil,BRA,Developing,unemployment,2008,8.268,9.28,-10.90517241379309
Brazil,BRA,Developing,unemployment,2009,9.419,8.268,13.921141751330426
Brazil,BRA,Developing,unemployment,2010,8.42,9.419,-10.60622146724706
Brazil,BRA,Developing,unemployment,2011,7.578,8.42,-9.999999999999996
Brazil,BRA,Developing,unemployment,2012,7.251,7.578,-4.315122723673792
Brazil,BRA,Developing,unemployment,2013,7.071,7.251,-2.4824162184526353
Brazil,BRA,Developing,unemployment,2014,6.755,7.071,-4.4689577146089645
Brazil,BRA,Developing,unemployment,2015,8.538,6.755,26.39526276831977
Brazil,BRA,Developing,unemployment,2016,11.58,8.538,35.628952916373855
Brazil,BRA,Developing,unemployment,2017,12.792,11.58,10.466321243523314
Brazil,BRA,Developing,unemployment,2018,12.329,12.792,-3.6194496560350156
Brazil,BRA,Developing,unemployment,2019,11.936,12.329,-3.187606456322497
Brazil,BRA,Developing,unemployment,2020,13.697,11.936,14.753686327077741
Brazil,BRA,Developing,unemployment,2021,13.158,13.697,-3.935168285025916
Brazil,BRA,Developing,unemployment,2022,9.231,13.158,-29.844961240310074
Brazil,BRA,Developing,unemployment,2023,7.947,9.231,-13.90965225869353
Brazil,BRA,Developing,unemployment,2024,6.801,7.947,-14.420536051340127
Brazil,BRA,Developing,unemployment,2025,5.97,6.801,-12.218791354212621
Canada,CAN,Developed,gdp,1960,40563768946.9503,,
Canada,CAN,Developed,gdp,1961,41038192837.9035,40563768946.9503,1.1695754691179154
Canada,CAN,Developed,gdp,1962,42336211555.8268,41038192837.9035,3.162952918151952
Canada,CAN,Developed,gdp,1963,45140337826.9869,42336211555.8268,6.623469999110411
Canada,CAN,Developed,gdp,1964,49503663836.3665,45140337826.9869,9.666135034485741
Canada,CAN,Developed,gdp,1965,54649410478.5226,49503663836.3665,10.394678380099851
Canada,CAN,Developed,gdp,1966,61252415404.686,54649410478.5226,12.082481527881077
Canada,CAN,Developed,gdp,1967,65856924423.9721,61252415404.686,7.517269300916161
Canada,CAN,Developed,gdp,1968,72048833006.1602,65856924423.9721,9.402061569601983
Canada,CAN,Developed,gdp,1969,79405011124.8208,72048833006.1602,10.20998926940516
Canada,CAN,Developed,gdp,1970,88192257632.3093,79405011124.8208,11.066362667811195
Canada,CAN,Developed,gdp,1971,99606454743.5136,88192257632.3093,12.942402675291872
Canada,CAN,Developed,gdp,1972,113463848873.624,99606454743.5136,13.912144715714616
Canada,CAN,Developed,gdp,1973,131764343565.643,113463848873.624,16.12892112658905
Canada,CAN,Developed,gdp,1974,160949188139.059,131764343565.643,22.149273303878704
Canada,CAN,Developed,gdp,1975,174419757176.563,160949188139.059,8.369454480171418
Canada,CAN,Developed,gdp,1976,207271612576.065,174419757176.563,18.83493930463765
Canada,CAN,Developed,gdp,1977,212325176304.654,207271612576.065,2.4381359636184725
Canada,CAN,Developed,gdp,1978,219369542386.254,212325176304.654,3.317725294852657
Canada,CAN,Developed,gdp,1979,243891124295.715,219369542386.254,11.178207167102864
Canada,CAN,Developed,gdp,1980,274776566028.053,243891124295.715,12.663618580432551
Canada,CAN,Developed,gdp,1981,307246642755.859,274776566028.053,11.816901709329537
Canada,CAN,Developed,gdp,1982,314647807408.608,307246642755.859,2.4088675424941894
Canada,CAN,Developed,gdp,1983,341866277182.733,314647807408.608,8.6504558853571
Canada,CAN,Developed,gdp,1984,356718400123.543,341866277182.733,4.344424686518981
Canada,CAN,Developed,gdp,1985,366186012449.652,356718400123.543,2.654085778258147
Canada,CAN,Developed,gdp,1986,379006836991.724,366186012449.652,3.501178118821454
Canada,CAN,Developed,gdp,1987,433134238310.709,379006836991.724,14.28137860219311
Canada,CAN,Developed,gdp,1988,509380027626.554,433134238310.709,17.60326997311861
Canada,CAN,Developed,gdp,1989,567211993243.243,509380027626.554,11.353402662086284
Canada,CAN,Developed,gdp,1990,596075591360.987,567211993243.243,5.088679093808611
Canada,CAN,Developed,gdp,1991,612527712315.615,596075591360.987,2.760072915762864
Canada,CAN,Developed,gdp,1992,594387358318.855,612527712315.615,-2.9615564540225887
Canada,CAN,Developed,gdp,1993,579053561739.4,594387358318.855,-2.5797649234708735
Canada,CAN,Developed,gdp,1994,579944346807.264,579053561739.4,0.15383465826342793
Canada,CAN,Developed,gdp,1995,605961090061.207,579944346807.264,4.48607584454811
Canada,CAN,Developed,gdp,1996,630607994132.747,605961090061.207,4.067407045731332
Canada,CAN,Developed,gdp,1997,654987722085.801,630607994132.747,3.866067062245645
Canada,CAN,Developed,gdp,1998,633999325918.436,654987722085.801,-3.204395358821029
Canada,CAN,Developed,gdp,1999,678414215521.303,633999325918.436,7.005510540334694
Canada,CAN,Developed,gdp,2000,744773415931.587,678414215521.303,9.781516791963552
Canada,CAN,Developed,gdp,2001,738981792355.372,744773415931.587,-0.7776356476111241
Canada,CAN,Developed,gdp,2002,760650608551.583,738981792355.372,2.932253056891374
Canada,CAN,Developed,gdp,2003,895542074084.648,760650608551.583,17.733695867268523
Canada,CAN,Developed,gdp,2004,1026691006917.76,895542074084.648,14.64464223717932
Canada,CAN,Developed,gdp,2005,1173118501402.87,1026691006917.76,14.262080168083058
Canada,CAN,Developed,gdp,2006,1319291255289.14,1173118501402.87,12.460186563545758
Canada,CAN,Developed,gdp,2007,1468820407783.26,1319291255289.14,11.334051665592892
Canada,CAN,Developed,gdp,2008,1552993439550.14,1468820407783.26,5.730655110784689
Canada,CAN,Developed,gdp,2009,1374627766599.6,1552993439550.14,-11.485281805324785
Canada,CAN,Developed,gdp,2010,1617349192091.46,1374627766599.6,17.657247393763686
Canada,CAN,Developed,gdp,2011,1793335727900.85,1617349192091.46,10.881171281373987
Canada,CAN,Developed,gdp,2012,1828359477071.97,1793335727900.85,1.9529945579189547
Canada,CAN,Developed,gdp,2013,1846583831414.43,1828359477071.97,0.9967599135179581
Canada,CAN,Developed,gdp,2014,1805751688808.98,1846583831414.43,-2.211226044049877
Canada,CAN,Developed,gdp,2015,1556510380200.23,1805751688808.98,-13.802634667513015
Canada,CAN,Developed,gdp,2016,1527996250640.92,1556510380200.23,-1.8319267203114953
Canada,CAN,Developed,gdp,2017,1649269496514.62,1527996250640.92,7.936750225848524
Canada,CAN,Developed,gdp,2018,1725330736237.69,1649269496514.62,4.611813889956072
Canada,CAN,Developed,gdp,2019,1743728952156.85,1725330736237.69,1.06635878749137
Canada,CAN,Developed,gdp,2020,1655686966881.99,1743728952156.85,-5.04906368423598
Canada,CAN,Developed,gdp,2021,2022377950896.78,1655686966881.99,22.14736187151047
Canada,CAN,Developed,gdp,2022,2200562785046.32,2022377950896.78,8.8106594551492
Canada,CAN,Developed,gdp,2023,2196593836347.42,2200562785046.32,-0.18036062074076925
Canada,CAN,Developed,gdp,2024,2270076189683.46,2196593836347.42,3.345286330140546
Canada,CAN,Developed,gdp,2025,2319899772425.92,2270076189683.46,2.1947978208346997
Canada,CAN,Developed,gdp_per_capita,1960,2264.94849658191,,
Canada,CAN,Developed,gdp_per_capita,1961,2246.08356619252,2264.94849658191,-0.8329076982483209
Canada,CAN,Developed,gdp_per_capita,1962,2274.4284708191,2246.08356619252,1.261970171244755
Canada,CAN,Developed,gdp_per_capita,1963,2380.31732899108,2274.4284708191,4.655624897882412
Canada,CAN,Developed,gdp_per_capita,1964,2561.63849088572,2380.31732899108,7.617520558550672
Canada,CAN,Developed,gdp_per_capita,1965,2777.18317301162,2561.63849088572,8.41432867646257
Canada,CAN,Developed,gdp_per_capita,1966,3055.28807884507,2777.18317301162,10.013920166881485
Canada,CAN,Developed,gdp_per_capita,1967,3226.38273682011,3055.28807884507,5.599951741366261
Canada,CAN,Developed,gdp_per_capita,1968,3473.23722551871,3226.38273682011,7.651122288792599
Canada,CAN,Developed,gdp_per_capita,1969,3776.15613110238,3473.23722551871,8.721514999265006
Canada,CAN,Developed,gdp_per_capita,1970,4135.82149842006,3776.15613110238,9.524642383170805
Canada,CAN,Developed,gdp_per_capita,1971,4535.39338907773,4135.82149842006,9.661246038067922
Canada,CAN,Developed,gdp_per_capita,1972,5106.73708049128,4535.39338907773,12.59744508137876
Canada,CAN,Developed,gdp_per_capita,1973,5858.33407318788,5106.73708049128,14.71775383870545
Canada,CAN,Developed,gdp_per_capita,1974,7056.70847496589,5858.33407318788,20.455890476828014
Canada,CAN,Developed,gdp_per_capita,1975,7536.52009823861,7056.70847496589,6.799368642971183
Canada,CAN,Developed,gdp_per_capita,1976,8838.94710677652,7536.52009823861,17.28154362438847
Canada,CAN,Developed,gdp_per_capita,1977,8949.10989272982,8838.94710677652,1.2463338067589744
Canada,CAN,Developed,gdp_per_capita,1978,9154.43325277735,8949.10989272982,2.294343934856936
Canada,CAN,Developed,gdp_per_capita,1979,10077.5026707269,9154.43325277735,10.083304913163277
Canada,CAN,Developed,gdp_per_capita,1980,11208.2027394178,10077.5026707269,11.220042362036319
Canada,CAN,Developed,gdp_per_capita,1981,12379.0368643833,11208.2027394178,10.446225431378291
Canada,CAN,Developed,gdp_per_capita,1982,12527.3135323802,12379.0368643833,1.1978045596060667
Canada,CAN,Developed,gdp_per_capita,1983,13477.1031699599,12527.3135323802,7.581750349943066
Canada,CAN,Developed,gdp_per_capita,1984,13930.4745502555,13477.1031699599,3.364012092050698
Canada,CAN,Developed,gdp_per_capita,1985,14170.1249406067,13930.4745502555,1.7203318486146246
Canada,CAN,Developed,gdp_per_capita,1986,14521.1800806,14170.1249406067,2.4774315079417266
Canada,CAN,Developed,gdp_per_capita,1987,16377.6902109541,14521.1800806,12.784843380837629
Canada,CAN,Developed,gdp_per_capita,1988,19012.5723278349,16377.6902109541,16.088240056699064
Canada,CAN,Developed,gdp_per_capita,1989,20794.682233334,19012.5723278349,9.373323476540016
Canada,CAN,Developed,gdp_per_capita,1990,21525.8611387148,20794.682233334,3.5161821526116825
Canada,CAN,Developed,gdp_per_capita,1991,21846.7930471354,21525.8611387148,1.4909132152831546
Canada,CAN,Developed,gdp_per_capita,1992,20950.3305287651,21846.7930471354,-4.103405549895338
Canada,CAN,Developed,gdp_per_capita,1993,20186.7988782965,20950.3305287651,-3.6444849851903687
Canada,CAN,Developed,gdp_per_capita,1994,19997.6237373354,20186.7988782965,-0.9371230282800673
Canada,CAN,Developed,gdp_per_capita,1995,20679.634792669,19997.6237373354,3.410460484163871
Canada,CAN,Developed,gdp_per_capita,1996,21296.9723536904,20679.634792669,2.985244020074509
Canada,CAN,Developed,gdp_per_capita,1997,21901.5870048928,21296.9723536904,2.8389699773340467
Canada,CAN,Developed,gdp_per_capita,1998,21024.5627149423,21901.5870048928,-4.004386941250297
Canada,CAN,Developed,gdp_per_capita,1999,22315.3130930482,21024.5627149423,6.13924957967641
Canada,CAN,Developed,gdp_per_capita,2000,24271.0020563821,22315.3130930482,8.76388762810211
Canada,CAN,Developed,gdp_per_capita,2001,23822.096210932,24271.0020563821,-1.8495562911135028
Canada,CAN,Developed,gdp_per_capita,2002,24256.0598742201,23822.096210932,1.8216854614538684
Canada,CAN,Developed,gdp_per_capita,2003,28301.9097055898,24256.0598742201,16.679748699291927
Canada,CAN,Developed,gdp_per_capita,2004,32145.5653280273,28301.9097055898,13.580905537545252
Canada,CAN,Developed,gdp_per_capita,2005,36383.9671341396,32145.5653280273,13.18502805242904
Canada,CAN,Developed,gdp_per_capita,2006,40504.8490329826,36383.9671341396,11.326092846473347
Canada,CAN,Developed,gdp_per_capita,2007,44660.0838892281,40504.8490329826,10.258610895850875
Canada,CAN,Developed,gdp_per_capita,2008,46710.3654423328,44660.0838892281,4.590859162266861
Canada,CAN,Developed,gdp_per_capita,2009,40874.9612318547,46710.3654423328,-12.492739363562269
Canada,CAN,Developed,gdp_per_capita,2010,47560.8378831258,40874.9612318547,16.35690028755467
Canada,CAN,Developed,gdp_per_capita,2011,52224.1237767406,47560.8378831258,9.804885912805359
Canada,CAN,Developed,gdp_per_capita,2012,52670.1429540952,52224.1237767406,0.8540481775459667
Canada,CAN,Developed,gdp_per_capita,2013,52637.7313222622,52670.1429540952,-0.0615370113220433
Canada,CAN,Developed,gdp_per_capita,2014,50960.8942086685,52637.7313222622,-3.1856181326046555
Canada,CAN,Developed,gdp_per_capita,2015,43594.2379080706,50960.8942086685,-14.455508316698298
Canada,CAN,Developed,gdp_per_capita,2016,42314.1033623905,43594.2379080706,-2.9364764865934445
Canada,CAN,Developed,gdp_per_capita,2017,45129.7335281051,42314.1033623905,6.654117521056055
Canada,CAN,Developed,gdp_per_capita,2018,46539.2177903178,45129.7335281051,3.123183214310206
Canada,CAN,Developed,gdp_per_capita,2019,46352.9695208927,46539.2177903178,-0.4001963897722599
Canada,CAN,Developed,gdp_per_capita,2020,43537.8981198851,46352.9695208927,-6.073119867193748
Canada,CAN,Developed,gdp_per_capita,2021,52886.6407813788,43537.8981198851,21.47265500909388
Canada,CAN,Developed,gdp_per_capita,2022,56496.9275340663,52886.6407813788,6.826462598771572
Canada,CAN,Developed,gdp_per_capita,2023,54847.5370112652,56496.9275340663,-2.919434020206773
Canada,CAN,Developed,gdp_per_capita,2024,55015.7066917734,54847.5370112652,0.3066130033763504
Canada,CAN,Developed,gdp_per_capita,2025,55697.6639660837,55015.7066917734,1.239568325698304
Canada,CAN,Developed,population,1960,17909356.0,,
Canada,CAN,Developed,population,1961,18271000.0,17909356.0,2.0193020899243947
Canada,CAN,Developed,population,1962,18614000.0,18271000.0,1.8772918833123529
Canada,CAN,Developed,population,1963,18964000.0,18614000.0,1.8803051466638014
Canada,CAN,Developed,population,1964,19325000.0,18964000.0,1.9036068340012657
Canada,CAN,Developed,population,1965,19678000.0,19325000.0,1.8266494178525228
Canada,CAN,Developed,population,1966,20048000.0,19678000.0,1.880272385405021
Canada,CAN,Developed,population,1967,20412000.0,20048000.0,1.8156424581005588
Canada,CAN,Developed,population,1968,20744000.0,20412000.0,1.6264942190868117
Canada,CAN,Developed,population,1969,21028000.0,20744000.0,1.3690705746239877
Canada,CAN,Developed,population,1970,21324000.0,21028000.0,1.4076469469279056
Canada,CAN,Developed,population,1971,21962032.0,21324000.0,2.992084036766085
Canada,CAN,Developed,population,1972,22218463.0,21962032.0,1.1676105380412887
Canada,CAN,Developed,population,1973,22491777.0,22218463.0,1.2301210934347708
Canada,CAN,Developed,population,1974,22807969.0,22491777.0,1.4058115550407602
Canada,CAN,Developed,population,1975,23143275.0,22807969.0,1.4701265158682038
Canada,CAN,Developed,population,1976,23449808.0,23143275.0,1.324501394033472
Canada,CAN,Developed,population,1977,23725843.0,23449808.0,1.1771311730995837
Canada,CAN,Developed,population,1978,23963203.0,23725843.0,1.0004280985927454
Canada,CAN,Developed,population,1979,24201544.0,23963203.0,0.9946124480938545
Canada,CAN,Developed,population,1980,24515667.0,24201544.0,1.2979461145123632
Canada,CAN,Developed,population,1981,24819915.0,24515667.0,1.2410349675576848
Canada,CAN,Developed,population,1982,25116942.0,24819915.0,1.1967285141790371
Canada,CAN,Developed,population,1983,25366451.0,25116942.0,0.9933892430057767
Canada,CAN,Developed,population,1984,25607053.0,25366451.0,0.9485047790090936
Canada,CAN,Developed,population,1985,25842116.0,25607053.0,0.9179619380644856
Canada,CAN,Developed,population,1986,26100278.0,25842116.0,0.9989971409461981
Canada,CAN,Developed,population,1987,26446601.0,26100278.0,1.3268939127774806
Canada,CAN,Developed,population,1988,26791747.0,26446601.0,1.305067520775165
Canada,CAN,Developed,population,1989,27276781.0,26791747.0,1.8103858624822038
Canada,CAN,Developed,population,1990,27691138.0,27276781.0,1.519083208535494
Canada,CAN,Developed,population,1991,28037420.0,27691138.0,1.2505155981671825
Canada,CAN,Developed,population,1992,28371264.0,28037420.0,1.190708702869237
Canada,CAN,Developed,population,1993,28684764.0,28371264.0,1.1049913038770498
Canada,CAN,Developed,population,1994,29000663.0,28684764.0,1.1012780164410625
Canada,CAN,Developed,population,1995,29302311.0,29000663.0,1.0401417374492439
Canada,CAN,Developed,population,1996,29610218.0,29302311.0,1.0507942530539656
Canada,CAN,Developed,population,1997,29905948.0,29610218.0,0.9987430690311028
Canada,CAN,Developed,population,1998,30155173.0,29905948.0,0.8333626474572885
Canada,CAN,Developed,population,1999,30401286.0,30155173.0,0.8161551585195681
Canada,CAN,Developed,population,2000,30685730.0,30401286.0,0.9356314729580848
Canada,CAN,Developed,population,2001,31020855.0,30685730.0,1.092120018001853
Canada,CAN,Developed,population,2002,31359199.0,31020855.0,1.0906984994449702
Canada,CAN,Developed,population,2003,31642461.0,31359199.0,0.9032820002832342
Canada,CAN,Developed,population,2004,31938807.0,31642461.0,0.9365453590983331
Canada,CAN,Developed,population,2005,32242732.0,31938807.0,0.9515853237724251
Canada,CAN,Developed,population,2006,32571193.0,32242732.0,1.0187133025824238
Canada,CAN,Developed,population,2007,32888886.0,32571193.0,0.9753803000092751
Canada,CAN,Developed,population,2008,33247298.0,32888886.0,1.089766311938933
Canada,CAN,Developed,population,2009,33630069.0,33247298.0,1.1512845344605147
Canada,CAN,Developed,population,2010,34005902.0,33630069.0,1.1175504873332254
Canada,CAN,Developed,population,2011,34339221.0,34005902.0,0.9801798523091667
Canada,CAN,Developed,population,2012,34713395.0,34339221.0,1.0896403270184842
Canada,CAN,Developed,population,2013,35080992.0,34713395.0,1.0589485701412957
Canada,CAN,Developed,population,2014,35434066.0,35080992.0,1.0064538653867028
Canada,CAN,Developed,population,2015,35704498.0,35434066.0,0.7631977656755508
Canada,CAN,Developed,population,2016,36110803.0,35704498.0,1.1379658663734749
Canada,CAN,Developed,population,2017,36545075.0,36110803.0,1.202609645650915
Canada,CAN,Developed,population,2018,37072620.0,36545075.0,1.4435460865793817
Canada,CAN,Developed,population,2019,37618495.0,37072620.0,1.4724478604425584
Canada,CAN,Developed,population,2020,38028638.0,37618495.0,1.0902695602256283
Canada,CAN,Developed,population,2021,38239864.0,38028638.0,0.5554392981415743
Canada,CAN,Developed,population,2022,38950132.0,38239864.0,1.8574020033125642
Canada,CAN,Developed,population,2023,40049088.0,38950132.0,2.8214435832977407
Canada,CAN,Developed,population,2024,41262329.0,40049088.0,3.0293848389256706
Canada,CAN,Developed,population,2025,41651653.0,41262329.0,0.9435337496339579
Canada,CAN,Developed,unemployment,1960,,,
Canada,CAN,Developed,unemployment,1961,,,
Canada,CAN,Developed,unemployment,1962,,,
Canada,CAN,Developed,unemployment,1963,,,
Canada,CAN,Developed,unemployment,1964,,,
Canada,CAN,Developed,unemployment,1965,,,
Canada,CAN,Developed,unemployment,1966,,,
Canada,CAN,Developed,unemployment,1967,,,
Canada,CAN,Developed,unemployment,1968,,,
Canada,CAN,Developed,unemployment,1969,,,
Canada,CAN,Developed,unemployment,1970,,,
Canada,CAN,Developed,unemployment,1971,,,
Canada,CAN,Developed,unemployment,1972,,,
Canada,CAN,Developed,unemployment,1973,,,
Canada,CAN,Developed,unemployment,1974,,,
Canada,CAN,Developed,unemployment,1975,,,
Canada,CAN,Developed,unemployment,1976,,,
Canada,CAN,Developed,unemployment,1977,,,
Canada,CAN,Developed,unemployment,1978,,,
Canada,CAN,Developed,unemployment,1979,,,
Canada,CAN,Developed,unemployment,1980,,,
Canada,CAN,Developed,unemployment,1981,,,
Canada,CAN,Developed,unemployment,1982,,,
Canada,CAN,Developed,unemployment,1983,,,
Canada,CAN,Developed,unemployment,1984,,,
Canada,CAN,Developed,unemployment,1985,,,
Canada,CAN,Developed,unemployment,1986,,,
Canada,CAN,Developed,unemployment,1987,,,
Canada,CAN,Developed,unemployment,1988,,,
Canada,CAN,Developed,unemployment,1989,,,
Canada,CAN,Developed,unemployment,1990,,,
Canada,CAN,Developed,unemployment,1991,10.316,,
Canada,CAN,Developed,unemployment,1992,11.197,10.316,8.540131834044187
Canada,CAN,Developed,unemployment,1993,11.377,11.197,1.607573457176043
Canada,CAN,Developed,unemployment,1994,10.395,11.377,-8.631449415487397
Canada,CAN,Developed,unemployment,1995,9.489,10.395,-8.715728715728705
Canada,CAN,Developed,unemployment,1996,9.62,9.489,1.380545895247112
Canada,CAN,Developed,unemployment,1997,9.1,9.62,-5.405405405405402
Canada,CAN,Developed,unemployment,1998,8.278,9.1,-9.032967032967024
Canada,CAN,Developed,unemployment,1999,7.583,8.278,-8.395747765160671
Canada,CAN,Developed,unemployment,2000,6.829,7.583,-9.943294210734543
Canada,CAN,Developed,unemployment,2001,7.219,6.829,5.710938644018166
Canada,CAN,Developed,unemployment,2002,7.665,7.219,6.17814101676132
Canada,CAN,Developed,unemployment,2003,7.574,7.665,-1.1872146118721485
Canada,CAN,Developed,unemployment,2004,7.185,7.574,-5.135991550039613
Canada,CAN,Developed,unemployment,2005,6.758,7.185,-5.942936673625604
Canada,CAN,Developed,unemployment,2006,6.484,6.758,-4.054453980467594
Canada,CAN,Developed,unemployment,2007,6.156,6.484,-5.0586057988895785
Canada,CAN,Developed,unemployment,2008,6.284,6.156,2.0792722547108533
Canada,CAN,Developed,unemployment,2009,8.46,6.284,34.62762571610441
Canada,CAN,Developed,unemployment,2010,8.178,8.46,-3.3333333333333335
Canada,CAN,Developed,unemployment,2011,7.637,8.178,-6.615309366593314
Canada,CAN,Developed,unemployment,2012,7.392,7.637,-3.208065994500448
Canada,CAN,Developed,unemployment,2013,7.143,7.392,-3.3685064935065006
Canada,CAN,Developed,unemployment,2014,7.023,7.143,-1.679966400671988
Canada,CAN,Developed,unemployment,2015,6.945,7.023,-1.1106364801366853
Canada,CAN,Developed,unemployment,2016,7.038,6.945,1.3390928725701938
Canada,CAN,Developed,unemployment,2017,6.426,7.038,-8.695652173913045
Canada,CAN,Developed,unemployment,2018,5.837,6.426,-9.16588857765329
Canada,CAN,Developed,unemployment,2019,5.69,5.837,-2.5184169950316835
Canada,CAN,Developed,unemployment,2020,9.657,5.69,69.71880492091387
Canada,CAN,Developed,unemployment,2021,7.527,9.657,-22.056539297918608
Canada,CAN,Developed,unemployment,2022,5.279,7.527,-29.865816394313804
Canada,CAN,Developed,unemployment,2023,5.415,5.279,2.5762455010418663
Canada,CAN,Developed,unemployment,2024,6.351,5.415,17.285318559556785
Canada,CAN,Developed,unemployment,2025,6.907,6.351,8.754526846165959
China,CHN,Developing,gdp,1960,59846235024.7318,,
China,CHN,Developing,gdp,1961,50162299349.7871,59846235024.7318,-16.181361569266226
China,CHN,Developing,gdp,1962,47310737754.2287,50162299349.7871,-5.684670823548493
China,CHN,Developing,gdp,1963,50812227918.5753,47310737754.2287,7.401047480037732
China,CHN,Developing,gdp,1964,59821862703.4023,50812227918.5753,17.73123351187159
China,CHN,Developing,gdp,1965,70565994356.1828,59821862703.4023,17.960209139675356
China,CHN,Developing,gdp,1966,76854053259.209,70565994356.1828,8.910891089108924
China,CHN,Developing,gdp,1967,73011350596.2485,76854053259.209,-5.000000000000059
China,CHN,Developing,gdp,1968,70980323818.7853,73011350596.2485,-2.7817959274507245
China,CHN,Developing,gdp,1969,79847786729.1898,70980323818.7853,12.49284651482203
China,CHN,Developing,gdp,1970,92752930873.1912,79847786729.1898,16.16218141120207
China,CHN,Developing,gdp,1971,99959013879.6308,92752930873.1912,7.769116230183097
China,CHN,Developing,gdp,1972,113871930713.841,99959013879.6308,13.918621537187171
China,CHN,Developing,gdp,1973,138764340892.0,113871930713.841,21.86000537807106
China,CHN,Developing,gdp,1974,144418433058.472,138764340892.0,4.074600239605183
China,CHN,Developing,gdp,1975,163687619735.857,144418433058.472,13.342608882609412
China,CHN,Developing,gdp,1976,154196810058.643,163687619735.857,-5.79812309112279
China,CHN,Developing,gdp,1977,175226595859.778,154196810058.643,13.638275521482655
China,CHN,Developing,gdp,1978,149788617886.179,175226595859.778,-14.51719006968287
China,CHN,Developing,gdp,1979,178573913043.478,149788617886.179,19.21727803054589
China,CHN,Developing,gdp,1980,191487500000.0,178573913043.478,7.231508083365955
China,CHN,Developing,gdp,1981,196218253968.254,191487500000.0,2.470528869118871
China,CHN,Developing,gdp,1982,205480916030.534,196218253968.254,4.720591420499847
China,CHN,Developing,gdp,1983,231130268199.234,205480916030.534,12.482595787575999
China,CHN,Developing,gdp,1984,260442857142.857,231130268199.234,12.682280504410425
China,CHN,Developing,gdp,1985,310064625850.34,260442857142.857,19.052843012033428
China,CHN,Developing,gdp,1986,301310144927.536,310064625850.34,-2.8234375007452712
China,CHN,Developing,gdp,1987,273455156950.673,301310144927.536,-9.24462333771139
China,CHN,Developing,gdp,1988,312888888888.889,273455156950.673,14.420547916501421
China,CHN,Developing,gdp,1989,348380566801.619,312888888888.889,11.343220923812865
China,CHN,Developing,gdp,1990,361560229445.507,348380566801.619,3.7831222231729686
China,CHN,Developing,gdp,1991,384510452961.672,361560229445.507,6.347551983624335
China,CHN,Developing,gdp,1992,428502354788.069,384510452961.672,11.441015839114804
China,CHN,Developing,gdp,1993,446557291212.148,428502354788.069,4.213497597465654
China,CHN,Developing,gdp,1994,566929539493.172,446557291212.148,26.955611441094618
China,CHN,Developing,gdp,1995,738190896227.55,566929539493.172,30.20857880989648
China,CHN,Developing,gdp,1996,868523936530.083,738190896227.55,17.655736608049054
China,CHN,Developing,gdp,1997,967753570434.667,868523936530.083,11.4250891346789
China,CHN,Developing,gdp,1998,1037134141760.35,967753570434.667,7.169239509446673
China,CHN,Developing,gdp,1999,1103843203575.64,1037134141760.35,6.432057255589253
China,CHN,Developing,gdp,2000,1223754919971.05,1103843203575.64,10.863111355578802
China,CHN,Developing,gdp,2001,1355036590251.52,1223754919971.05,10.727774666154206
China,CHN,Developing,gdp,2002,1489821682050.54,1355036590251.52,9.946970640401776
China,CHN,Developing,gdp,2003,1683903309843.85,1489821682050.54,13.027171649575047
China,CHN,Developing,gdp,2004,1984196551300.44,1683903309843.85,17.833164155039064
China,CHN,Developing,gdp,2005,2317551298052.05,1984196551300.44,16.800490179923436
China,CHN,Developing,gdp,2006,2791498472804.33,2317551298052.05,20.45034235706639
China,CHN,Developing,gdp,2007,3604055822571.63,2791498472804.33,29.10828566390034
China,CHN,Developing,gdp,2008,4667346414521.95,3604055822571.63,29.502611621360025
China,CHN,Developing,gdp,2009,5189577094997.58,4667346414521.95,11.189027642147256
China,CHN,Developing,gdp,2010,6192564874453.29,5189577094997.58,19.326965590751623
China,CHN,Developing,gdp,2011,7671757207851.29,6192564874453.29,23.886585984754667
China,CHN,Developing,gdp,2012,8673664713189.24,7671757207851.29,13.059687346630264
China,CHN,Developing,gdp,2013,9743124247267.24,8673664713189.24,12.32996166489779
China,CHN,Developing,gdp,2014,10674533168257.4,9743124247267.24,9.559653529527786
China,CHN,Developing,gdp,2015,11280814787468.9,10674533168257.4,5.67970148815861
China,CHN,Developing,gdp,2016,11456024084962.0,11280814787468.9,1.5531617245212452
China,CHN,Developing,gdp,2017,12537559062282.9,11456024084962.0,9.440753347757019
China,CHN,Developing,gdp,2018,14147765772963.8,12537559062282.9,12.843063810761471
China,CHN,Developing,gdp,2019,14560167101283.4,14147765772963.8,2.9149572797401926
China,CHN,Developing,gdp,2020,14996414166715.1,14560167101283.4,2.996167986239982
China,CHN,Developing,gdp,2021,18201698719564.0,14996414166715.1,21.37367318090685
China,CHN,Developing,gdp,2022,18316765021690.2,18201698719564.0,0.6321734245744921
China,CHN,Developing,gdp,2023,18270356654533.2,18316765021690.2,-0.25336552116077543
China,CHN,Developing,gdp,2024,18729668435848.0,18270356654533.2,2.513972715474262
China,CHN,Developing,gdp,2025,19498039388042.6,18729668435848.0,4.102426878651859
China,CHN,Developing,gdp_per_capita,1960,89.7150749167731,,
China,CHN,Developing,gdp_per_capita,1961,75.9655011127574,89.7150749167731,-15.325823242939848
China,CHN,Developing,gdp_per_capita,1962,71.0616845971262,75.9655011127574,-6.455320433353479
China,CHN,Developing,gdp_per_capita,1963,74.4681540864463,71.0616845971262,4.793679616002043
China,CHN,Developing,gdp_per_capita,1964,85.6611074645449,74.4681540864463,15.030523470617066
China,CHN,Developing,gdp_per_capita,1965,98.6681688740435,85.6611074645449,15.184325529391762
China,CHN,Developing,gdp_per_capita,1966,104.50646350178,98.6681688740435,5.917100412788115
China,CHN,Developing,gdp_per_capita,1967,96.7614480104016,104.50646350178,-7.411039692532026
China,CHN,Developing,gdp_per_capita,1968,91.6454581848979,96.7614480104016,-5.287219167032033
China,CHN,Developing,gdp_per_capita,1969,100.308139479526,91.6454581848979,9.452384729367427
China,CHN,Developing,gdp_per_capita,1970,113.346243039894,100.308139479526,12.998051432335878
China,CHN,Developing,gdp_per_capita,1971,118.84249157909,113.346243039894,4.849078709438563
China,CHN,Developing,gdp_per_capita,1972,132.097410431007,118.84249157909,11.153349846334908
China,CHN,Developing,gdp_per_capita,1973,157.339888078555,132.097410431007,19.108987500350622
China,CHN,Developing,gdp_per_capita,1974,160.402546852304,157.339888078555,1.9465240576629337
China,CHN,Developing,gdp_per_capita,1975,178.621249282085,160.402546852304,11.358112939787961
China,CHN,Developing,gdp_per_capita,1976,165.680987722637,178.621249282085,-7.244525279863123
China,CHN,Developing,gdp_per_capita,1977,185.728620718294,165.680987722637,12.100140922154747
China,CHN,Developing,gdp_per_capita,1978,156.655616850835,185.728620718294,-15.65348612132096
China,CHN,Developing,gdp_per_capita,1979,184.285853059043,156.655616850835,17.637564974460556
China,CHN,Developing,gdp_per_capita,1980,195.149479992051,184.285853059043,5.894986919873559
China,CHN,Developing,gdp_per_capita,1981,197.425510967822,195.149479992051,1.1663013275073564
China,CHN,Developing,gdp_per_capita,1982,203.722788366928,197.425510967822,3.189697910992055
China,CHN,Developing,gdp_per_capita,1983,225.86534696156,203.722788366928,10.868965014729092
China,CHN,Developing,gdp_per_capita,1984,251.192686463827,225.86534696156,11.213468485972507
China,CHN,Developing,gdp_per_capita,1985,295.007445815897,251.192686463827,17.44268910407928
China,CHN,Developing,gdp_per_capita,1986,282.445603096707,295.007445815897,-4.258144293425519
China,CHN,Developing,gdp_per_capita,1987,252.256760114454,282.445603096707,-10.688374204188465
China,CHN,Developing,gdp_per_capita,1988,284.023573149686,252.256760114454,12.593047266927057
China,CHN,Developing,gdp_per_capita,1989,311.429461227032,284.023573149686,9.649159671300435
China,CHN,Developing,gdp_per_capita,1990,318.50335359039,311.429461227032,2.2714268378742632
China,CHN,Developing,gdp_per_capita,1991,334.130288119078,318.50335359039,4.9063642038711235
China,CHN,Developing,gdp_per_capita,1992,367.822651903542,334.130288119078,10.08360061403852
China,CHN,Developing,gdp_per_capita,1993,378.939353053314,367.822651903542,3.0222992228024155
China,CHN,Developing,gdp_per_capita,1994,475.677874448369,378.939353053314,25.528760899490056
China,CHN,Developing,gdp_per_capita,1995,612.680277898627,475.677874448369,28.80150850176415
China,CHN,Developing,gdp_per_capita,1996,713.337387811657,612.680277898627,16.428978301417523
China,CHN,Developing,gdp_per_capita,1997,786.743548510999,713.337387811657,10.290524785828756
China,CHN,Developing,gdp_per_capita,1998,835.095348597432,786.743548510999,6.145814627643824
China,CHN,Developing,gdp_per_capita,1999,881.146614068925,835.095348597432,5.514491913867982
China,CHN,Developing,gdp_per_capita,2000,969.199513696287,881.146614068925,9.992990748810197
China,CHN,Developing,gdp_per_capita,2001,1065.40597574519,969.199513696287,9.926383648501373
China,CHN,Developing,gdp_per_capita,2002,1163.55957673426,1065.40597574519,9.212788666819437
China,CHN,Developing,gdp_per_capita,2003,1306.97245408557,1163.55957673426,12.325357482237752
China,CHN,Developing,gdp_per_capita,2004,1530.92726215723,1306.97245408557,17.135388536428724
China,CHN,Developing,gdp_per_capita,2005,1777.64496828464,1530.92726215723,16.11557336693842
China,CHN,Developing,gdp_per_capita,2006,2129.25696999613,1777.64496828464,19.779652741952304
China,CHN,Developing,gdp_per_capita,2007,2734.72709877693,2129.25696999613,28.43574717906877
China,CHN,Developing,gdp_per_capita,2008,3523.44302065213,2734.72709877693,28.840754246664797
China,CHN,Developing,gdp_per_capita,2009,3898.24459158811,3523.44302065213,10.637367164422322
China,CHN,Developing,gdp_per_capita,2010,4629.24551710077,3898.24459158811,18.75205386265556
China,CHN,Developing,gdp_per_capita,2011,5703.76027973346,4629.24551710077,23.211444687117048
China,CHN,Developing,gdp_per_capita,2012,6405.0574241349,5703.76027973346,12.295347455139053
China,CHN,Developing,gdp_per_capita,2013,7147.03518622344,6405.0574241349,11.58424839865905
China,CHN,Developing,gdp_per_capita,2014,7781.06597484974,7147.03518622344,8.871242020026036
China,CHN,Developing,gdp_per_capita,2015,8175.33285077393,7781.06597484974,5.067003379723989
China,CHN,Developing,gdp_per_capita,2016,8254.86859320357,8175.33285077393,0.972874669220477
China,CHN,Developing,gdp_per_capita,2017,8979.67652709856,8254.86859320357,8.780369132607898
China,CHN,Developing,gdp_per_capita,2018,10085.6638148819,8979.67652709856,12.316560451211465
China,CHN,Developing,gdp_per_capita,2019,10342.9009524335,10085.6638148819,2.550522625709904
China,CHN,Developing,gdp_per_capita,2020,10627.4637989619,10342.9009524335,2.75128658620141
China,CHN,Developing,gdp_per_capita,2021,12887.4357242941,10627.4637989619,21.26539283580487
China,CHN,Developing,gdp_per_capita,2022,12970.6056414327,12887.4357242941,0.6453566009397462
China,CHN,Developing,gdp_per_capita,2023,12951.1782397043,12970.6056414327,-0.14978022048824594
China,CHN,Developing,gdp_per_capita,2024,13293.1162269366,12951.1782397043,2.6402075618419247
China,CHN,Developing,gdp_per_capita,2025,13861.970224368,13293.1162269366,4.279312598491387
China,CHN,Developing,population,1960,667070000.0,,
China,CHN,Developing,population,1961,660330000.0,667070000.0,-1.0103887148275295
China,CHN,Developing,population,1962,665770000.0,660330000.0,0.8238305089879303
China,CHN,Developing,population,1963,682335000.0,665770000.0,2.4880964897787523
China,CHN,Developing,population,1964,698355000.0,682335000.0,2.347820352173053
China,CHN,Developing,population,1965,715185000.0,698355000.0,2.409949094658161
China,CHN,Developing,population,1966,735400000.0,715185000.0,2.826541384397044
China,CHN,Developing,population,1967,754550000.0,735400000.0,2.6040250203970627
China,CHN,Developing,population,1968,774510000.0,754550000.0,2.6452852693658473
China,CHN,Developing,population,1969,796025000.0,774510000.0,2.7778853726872477
China,CHN,Developing,population,1970,818315000.0,796025000.0,2.800163311453786
China,CHN,Developing,population,1971,841105000.0,818315000.0,2.7849911097804636
China,CHN,Developing,population,1972,862030000.0,841105000.0,2.4877987884984636
China,CHN,Developing,population,1973,881940000.0,862030000.0,2.309664396830737
China,CHN,Developing,population,1974,900350000.0,881940000.0,2.0874435902669117
China,CHN,Developing,population,1975,916395000.0,900350000.0,1.7820847448214585
China,CHN,Developing,population,1976,930685000.0,916395000.0,1.5593712318377992
China,CHN,Developing,population,1977,943455000.0,930685000.0,1.3721076411460376
China,CHN,Developing,population,1978,956165000.0,943455000.0,1.347176070930781
China,CHN,Developing,population,1979,969005000.0,956165000.0,1.3428644637693286
China,CHN,Developing,population,1980,981235000.0,969005000.0,1.2621193905088208
China,CHN,Developing,population,1981,993885000.0,981235000.0,1.2891916819110611
China,CHN,Developing,population,1982,1008630000.0,993885000.0,1.4835720430432093
China,CHN,Developing,population,1983,1023310000.0,1008630000.0,1.455439556626315
China,CHN,Developing,population,1984,1036825000.0,1023310000.0,1.3207141530914386
China,CHN,Developing,population,1985,1051040000.0,1036825000.0,1.371012465941697
China,CHN,Developing,population,1986,1066790000.0,1051040000.0,1.4985157558228042
China,CHN,Developing,population,1987,1084035000.0,1066790000.0,1.6165318385061727
China,CHN,Developing,population,1988,1101630000.0,1084035000.0,1.6231025751013575
China,CHN,Developing,population,1989,1118650000.0,1101630000.0,1.5449833428646642
China,CHN,Developing,population,1990,1135185000.0,1118650000.0,1.4781209493586018
China,CHN,Developing,population,1991,1150780000.0,1135185000.0,1.373784889687584
China,CHN,Developing,population,1992,1164970000.0,1150780000.0,1.2330766958063226
China,CHN,Developing,population,1993,1178440000.0,1164970000.0,1.156252950719761
China,CHN,Developing,population,1994,1191835000.0,1178440000.0,1.136672210719256
China,CHN,Developing,population,1995,1204855000.0,1191835000.0,1.0924330968632403
China,CHN,Developing,population,1996,1217550000.0,1204855000.0,1.0536537591660406
China,CHN,Developing,population,1997,1230075000.0,1217550000.0,1.0287051866453123
China,CHN,Developing,population,1998,1241935000.0,1230075000.0,0.9641688514927952
China,CHN,Developing,population,1999,1252735000.0,1241935000.0,0.8696107284197643
China,CHN,Developing,population,2000,1262645000.0,1252735000.0,0.7910691407201045
China,CHN,Developing,population,2001,1271850000.0,1262645000.0,0.72902518126631
China,CHN,Developing,population,2002,1280400000.0,1271850000.0,0.67224908597712
China,CHN,Developing,population,2003,1288400000.0,1280400000.0,0.6248047485160888
China,CHN,Developing,population,2004,1296075000.0,1288400000.0,0.5957000931387768
China,CHN,Developing,population,2005,1303720000.0,1296075000.0,0.5898578400169744
China,CHN,Developing,population,2006,1311020000.0,1303720000.0,0.5599361826158991
China,CHN,Developing,population,2007,1317885000.0,1311020000.0,0.5236380833244344
China,CHN,Developing,population,2008,1324655000.0,1317885000.0,0.5137018783884786
China,CHN,Developing,population,2009,1331260000.0,1324655000.0,0.4986203954992055
China,CHN,Developing,population,2010,1337705000.0,1331260000.0,0.48412781875816896
China,CHN,Developing,population,2011,1345035000.0,1337705000.0,0.5479533977969732
China,CHN,Developing,population,2012,1354190000.0,1345035000.0,0.6806514328623419
China,CHN,Developing,population,2013,1363240000.0,1354190000.0,0.6682961770504877
China,CHN,Developing,population,2014,1371860000.0,1363240000.0,0.6323171268448695
China,CHN,Developing,population,2015,1379860000.0,1371860000.0,0.5831498840989605
China,CHN,Developing,population,2016,1387790000.0,1379860000.0,0.5746959836505152
China,CHN,Developing,population,2017,1396215000.0,1387790000.0,0.6070803219507274
China,CHN,Developing,population,2018,1402760000.0,1396215000.0,0.4687673460033018
China,CHN,Developing,population,2019,1407745000.0,1402760000.0,0.35537084034332317
China,CHN,Developing,population,2020,1411100000.0,1407745000.0,0.23832441244685648
China,CHN,Developing,population,2021,1412360000.0,1411100000.0,0.08929204166961945
China,CHN,Developing,population,2022,1412175000.0,1412360000.0,-0.013098643405364072
China,CHN,Developing,population,2023,1410710000.0,1412175000.0,-0.10374068369713386
China,CHN,Developing,population,2024,1408975000.0,1410710000.0,-0.12298771540571768
China,CHN,Developing,population,2025,1406585000.0,1408975000.0,-0.16962685640270408
China,CHN,Developing,unemployment,1960,,,
China,CHN,Developing,unemployment,1961,,,
China,CHN,Developing,unemployment,1962,,,
China,CHN,Developing,unemployment,1963,,,
China,CHN,Developing,unemployment,1964,,,
China,CHN,Developing,unemployment,1965,,,
China,CHN,Developing,unemployment,1966,,,
China,CHN,Developing,unemployment,1967,,,
China,CHN,Developing,unemployment,1968,,,
China,CHN,Developing,unemployment,1969,,,
China,CHN,Developing,unemployment,1970,,,
China,CHN,Developing,unemployment,1971,,,
China,CHN,Developing,unemployment,1972,,,
China,CHN,Developing,unemployment,1973,,,
China,CHN,Developing,unemployment,1974,,,
China,CHN,Developing,unemployment,1975,,,
China,CHN,Developing,unemployment,1976,,,
China,CHN,Developing,unemployment,1977,,,
China,CHN,Developing,unemployment,1978,,,
China,CHN,Developing,unemployment,1979,,,
China,CHN,Developing,unemployment,1980,,,
China,CHN,Developing,unemployment,1981,,,
China,CHN,Developing,unemployment,1982,,,
China,CHN,Developing,unemployment,1983,,,
China,CHN,Developing,unemployment,1984,,,
China,CHN,Developing,unemployment,1985,,,
China,CHN,Developing,unemployment,1986,,,
China,CHN,Developing,unemployment,1987,,,
China,CHN,Developing,unemployment,1988,,,
China,CHN,Developing,unemployment,1989,,,
China,CHN,Developing,unemployment,1990,,,
China,CHN,Developing,unemployment,1991,2.37,,
China,CHN,Developing,unemployment,1992,2.37,2.37,0.0
China,CHN,Developing,unemployment,1993,2.69,2.37,13.502109704641343
China,CHN,Developing,unemployment,1994,2.9,2.69,7.806691449814125
China,CHN,Developing,unemployment,1995,3.0,2.9,3.448275862068969
China,CHN,Developing,unemployment,1996,3.12,3.0,4.0000000000000036
China,CHN,Developing,unemployment,1997,3.23,3.12,3.5256410256410216
China,CHN,Developing,unemployment,1998,3.24,3.23,0.30959752321982137
China,CHN,Developing,unemployment,1999,3.25,3.24,0.30864197530863535
China,CHN,Developing,unemployment,2000,3.26,3.25,0.30769230769230116
China,CHN,Developing,unemployment,2001,3.8,3.26,16.564417177914113
China,CHN,Developing,unemployment,2002,4.24,3.8,11.578947368421064
China,CHN,Developing,unemployment,2003,4.58,4.24,8.0188679245283
China,CHN,Developing,unemployment,2004,4.49,4.58,-1.9650655021834031
China,CHN,Developing,unemployment,2005,4.52,4.49,0.6681514476614556
China,CHN,Developing,unemployment,2006,4.43,4.52,-1.9911504424778732
China,CHN,Developing,unemployment,2007,4.35,4.43,-1.8058690744921009
China,CHN,Developing,unemployment,2008,4.59,4.35,5.5172413793103505
China,CHN,Developing,unemployment,2009,4.72,4.59,2.8322440087145946
China,CHN,Developing,unemployment,2010,4.53,4.72,-4.025423728813549
China,CHN,Developing,unemployment,2011,4.55,4.53,0.4415011037527499
China,CHN,Developing,unemployment,2012,4.58,4.55,0.6593406593406648
China,CHN,Developing,unemployment,2013,4.6,4.58,0.4366812227074143
China,CHN,Developing,unemployment,2014,4.63,4.6,0.6521739130434837
China,CHN,Developing,unemployment,2015,4.65,4.63,0.4319654427645888
China,CHN,Developing,unemployment,2016,4.56,4.65,-1.935483870967758
China,CHN,Developing,unemployment,2017,4.47,4.56,-1.9736842105263128
China,CHN,Developing,unemployment,2018,4.31,4.47,-3.579418344519019
China,CHN,Developing,unemployment,2019,4.56,4.31,5.80046403712297
China,CHN,Developing,unemployment,2020,5.0,4.56,9.649122807017553
China,CHN,Developing,unemployment,2021,4.55,5.0,-9.000000000000004
China,CHN,Developing,unemployment,2022,4.98,4.55,9.450549450549465
China,CHN,Developing,unemployment,2023,4.67,4.98,-6.224899598393583
China,CHN,Developing,unemployment,2024,4.59,4.67,-1.713062098501072
China,CHN,Developing,unemployment,2025,4.615,4.59,0.5446623093681995
Ethiopia,ETH,Least Developed,gdp,1960,1610511693.84215,,
Ethiopia,ETH,Least Developed,gdp,1961,1680859514.1016,1610511693.84215,4.3680415689266585
Ethiopia,ETH,Least Developed,gdp,1962,1747566307.0997,1680859514.1016,3.968612036786076
Ethiopia,ETH,Least Developed,gdp,1963,1825058827.83853,1747566307.0997,4.4343107568512465
Ethiopia,ETH,Least Developed,gdp,1964,1984129185.6,1825058827.83853,8.71590303474554
Ethiopia,ETH,Least Developed,gdp,1965,2159998591.2,1984129185.6,8.863808207468963
Ethiopia,ETH,Least Developed,gdp,1966,2324466416.0,2159998591.2,7.614256114335201
Ethiopia,ETH,Least Developed,gdp,1967,2461762002.8,2324466416.0,5.906542071546117
Ethiopia,ETH,Least Developed,gdp,1968,2619948864.8,2461762002.8,6.425757722317542
Ethiopia,ETH,Least Developed,gdp,1969,2768987372.0,2619948864.8,5.688603667132145
Ethiopia,ETH,Least Developed,gdp,1970,3045354454.8,2768987372.0,9.98079968130675
Ethiopia,ETH,Least Developed,gdp,1971,3224280834.97092,3045354454.8,5.8753876708473545
Ethiopia,ETH,Least Developed,gdp,1972,3520252938.26087,3224280834.97092,9.17947655426917
Ethiopia,ETH,Least Developed,gdp,1973,4070570549.8642,3520252938.26087,15.632899716439313
Ethiopia,ETH,Least Developed,gdp,1974,4577209966.18358,4070570549.8642,12.44639811822651
Ethiopia,ETH,Least Developed,gdp,1975,4577047854.10628,4577209966.18358,-0.003541722544907388
Ethiopia,ETH,Least Developed,gdp,1976,4943806093.23672,4577047854.10628,8.01298677271648
Ethiopia,ETH,Least Developed,gdp,1977,5651840584.54106,4943806093.23672,14.32164769311955
Ethiopia,ETH,Least Developed,gdp,1978,6014961434.78261,5651840584.54106,6.424824706393157
Ethiopia,ETH,Least Developed,gdp,1979,6586048398.06763,6014961434.78261,9.494440978168297
Ethiopia,ETH,Least Developed,gdp,1980,7012585454.10628,6586048398.06763,6.4763729365213605
Ethiopia,ETH,Least Developed,gdp,1981,7507663566.66667,7012585454.10628,7.05985140288725
Ethiopia,ETH,Least Developed,gdp,1982,7899988840.57971,7507663566.66667,5.22566402222561
Ethiopia,ETH,Least Developed,gdp,1983,8781664427.05314,7899988840.57971,11.16046622679447
Ethiopia,ETH,Least Developed,gdp,1984,8298309580.67633,8781664427.05314,-5.50413706185093
Ethiopia,ETH,Least Developed,gdp,1985,9717392686.95652,8298309580.67633,17.100869670911123
Ethiopia,ETH,Least Developed,gdp,1986,10094328898.0676,9717392686.95652,3.878985065788633
Ethiopia,ETH,Least Developed,gdp,1987,10790001557.971,10094328898.0676,6.891717784592653
Ethiopia,ETH,Least Developed,gdp,1988,11181119717.8744,10790001557.971,3.624820235678873
Ethiopia,ETH,Least Developed,gdp,1989,11762932007.2464,11181119717.8744,5.203524370121026
Ethiopia,ETH,Least Developed,gdp,1990,12478943895.1691,11762932007.2464,6.087018844295021
Ethiopia,ETH,Least Developed,gdp,1991,13799799323.6715,12478943895.1691,10.584673187077428
Ethiopia,ETH,Least Developed,gdp,1992,10754799036.5745,13799799323.6715,-22.065540343574096
Ethiopia,ETH,Least Developed,gdp,1993,9051043870.12197,10754799036.5745,-15.841813135312579
Ethiopia,ETH,Least Developed,gdp,1994,7100806753.92942,9051043870.12197,-21.547096049665573
Ethiopia,ETH,Least Developed,gdp,1995,7855205206.93405,7100806753.92942,10.624123133433573
Ethiopia,ETH,Least Developed,gdp,1996,8761215548.48614,7855205206.93405,11.533885082369641
Ethiopia,ETH,Least Developed,gdp,1997,8803539988.33248,8761215548.48614,0.48308867202398037
Ethiopia,ETH,Least Developed,gdp,1998,8013274131.69715,8803539988.33248,-8.976682762646453
Ethiopia,ETH,Least Developed,gdp,1999,7892973531.80045,8013274131.69715,-1.5012664975586099
Ethiopia,ETH,Least Developed,gdp,2000,8242349617.8638,7892973531.80045,4.426419075849279
Ethiopia,ETH,Least Developed,gdp,2001,8231326016.47494,8242349617.8638,-0.13374343360742777
Ethiopia,ETH,Least Developed,gdp,2002,7850809498.16803,8231326016.47494,-4.622785169064005
Ethiopia,ETH,Least Developed,gdp,2003,8623691300.04079,7850809498.16803,9.844612865120611
Ethiopia,ETH,Least Developed,gdp,2004,10131187261.4421,8623691300.04079,17.48086647528976
Ethiopia,ETH,Least Developed,gdp,2005,12401139453.9738,10131187261.4421,22.40558913732475
Ethiopia,ETH,Least Developed,gdp,2006,15280861834.6024,12401139453.9738,23.221433734509176
Ethiopia,ETH,Least Developed,gdp,2007,19707616772.7996,15280861834.6024,28.969275333496796
Ethiopia,ETH,Least Developed,gdp,2008,27066912635.2228,19707616772.7996,37.342393792538545
Ethiopia,ETH,Least Developed,gdp,2009,32437389116.038,27066912635.2228,19.841481565305944
Ethiopia,ETH,Least Developed,gdp,2010,29933790334.3418,32437389116.038,-7.718249988431852
Ethiopia,ETH,Least Developed,gdp,2011,31952763089.33,29933790334.3418,6.74479487040409
Ethiopia,ETH,Least Developed,gdp,2012,43310721414.0829,31952763089.33,35.546091250386006
Ethiopia,ETH,Least Developed,gdp,2013,47648276605.0123,43310721414.0829,10.01496869437737
Ethiopia,ETH,Least Developed,gdp,2014,55612228233.5179,47648276605.0123,16.71403919710255
Ethiopia,ETH,Least Developed,gdp,2015,62103418181.8182,55612228233.5179,11.672234964302353
Ethiopia,ETH,Least Developed,gdp,2016,68475871209.607,62103418181.8182,10.261034278551907
Ethiopia,ETH,Least Developed,gdp,2017,76366081766.6667,68475871209.607,11.522614342368122
Ethiopia,ETH,Least Developed,gdp,2018,83337901071.9697,76366081766.6667,9.129471021709728
Ethiopia,ETH,Least Developed,gdp,2019,91834517113.6386,83337901071.9697,10.195380412006436
Ethiopia,ETH,Least Developed,gdp,2020,98676811061.9985,91834517113.6386,7.450677766283742
Ethiopia,ETH,Least Developed,gdp,2021,109070960370.972,98676811061.9985,10.533527783384553
Ethiopia,ETH,Least Developed,gdp,2022,123140304665.399,109070960370.972,12.899257736958003
Ethiopia,ETH,Least Developed,gdp,2023,135874093203.18,123140304665.399,10.340877889153898
Ethiopia,ETH,Least Developed,gdp,2024,149740297952.375,135874093203.18,10.205186597609972
Ethiopia,ETH,Least Developed,gdp,2025,126358758448.356,149740297952.375,-15.614727514069399
Ethiopia,ETH,Least Developed,gdp_per_capita,1960,75.3396090705961,,
Ethiopia,ETH,Least Developed,gdp_per_capita,1961,76.7301966411733,75.3396090705961,1.845758941056042
Ethiopia,ETH,Least Developed,gdp_per_capita,1962,77.7901849782504,76.7301966411733,1.3814487430992886
Ethiopia,ETH,Least Developed,gdp_per_capita,1963,79.1726343703284,77.7901849782504,1.7771514394322687
Ethiopia,ETH,Least Developed,gdp_per_capita,1964,83.8368648270969,79.1726343703284,5.891215435565354
Ethiopia,ETH,Least Developed,gdp_per_capita,1965,88.8500294110243,83.8368648270969,5.979666098280774
Ethiopia,ETH,Least Developed,gdp_per_capita,1966,93.1549467874985,88.8500294110243,4.845150198611036
Ethiopia,ETH,Least Developed,gdp_per_capita,1967,96.0864747436757,93.1549467874985,3.146937502808607
Ethiopia,ETH,Least Developed,gdp_per_capita,1968,99.4743651000667,96.0864747436757,3.525876420618708
Ethiopia,ETH,Least Developed,gdp_per_capita,1969,102.280177675035,99.4743651000667,2.8206388370971553
Ethiopia,ETH,Least Developed,gdp_per_capita,1970,109.430466337285,102.280177675035,6.990884084077285
Ethiopia,ETH,Least Developed,gdp_per_capita,1971,112.736674296624,109.430466337285,3.0212865484358433
Ethiopia,ETH,Least Developed,gdp_per_capita,1972,119.839997124757,112.736674296624,6.300809272981825
Ethiopia,ETH,Least Developed,gdp_per_capita,1973,134.935511021947,119.839997124757,12.596390403343488
Ethiopia,ETH,Least Developed,gdp_per_capita,1974,147.855722504485,134.935511021947,9.575101012836074
Ethiopia,ETH,Least Developed,gdp_per_capita,1975,144.280537635495,147.855722504485,-2.4180226564322154
Ethiopia,ETH,Least Developed,gdp_per_capita,1976,151.95618662171,144.280537635495,5.3199475909955956
Ethiopia,ETH,Least Developed,gdp_per_capita,1977,170.40414371556,151.95618662171,12.140313273177608
Ethiopia,ETH,Least Developed,gdp_per_capita,1978,178.302480574913,170.40414371556,4.635061499758467
Ethiopia,ETH,Least Developed,gdp_per_capita,1979,192.357117273999,178.302480574913,7.882468406366897
Ethiopia,ETH,Least Developed,gdp_per_capita,1980,203.685394440965,192.357117273999,5.8891905469916646
Ethiopia,ETH,Least Developed,gdp_per_capita,1981,212.657517980298,203.685394440965,4.404892930078701
Ethiopia,ETH,Least Developed,gdp_per_capita,1982,215.25098547162,212.657517980298,1.2195512841273162
Ethiopia,ETH,Least Developed,gdp_per_capita,1983,232.683474421159,215.25098547162,8.098680204108705
Ethiopia,ETH,Least Developed,gdp_per_capita,1984,214.228860396002,232.683474421159,-7.931209584636846
Ethiopia,ETH,Least Developed,gdp_per_capita,1985,243.897382584019,214.228860396002,13.848984741446477
Ethiopia,ETH,Least Developed,gdp_per_capita,1986,245.977228769295,243.897382584019,0.8527546147648942
Ethiopia,ETH,Least Developed,gdp_per_capita,1987,254.121329421554,245.977228769295,3.3109164994689197
Ethiopia,ETH,Least Developed,gdp_per_capita,1988,253.248262470167,254.121329421554,-0.34356303478119815
Ethiopia,ETH,Least Developed,gdp_per_capita,1989,256.386475306315,253.248262470167,1.2391843503833262
Ethiopia,ETH,Least Developed,gdp_per_capita,1990,262.108971053707,256.386475306315,2.2319803494139623
Ethiopia,ETH,Least Developed,gdp_per_capita,1991,277.565910365091,262.108971053707,5.897142417234083
Ethiopia,ETH,Least Developed,gdp_per_capita,1992,207.406400863847,277.565910365091,-25.276702534890187
Ethiopia,ETH,Least Developed,gdp_per_capita,1993,168.520401400989,207.406400863847,-18.74869787089403
Ethiopia,ETH,Least Developed,gdp_per_capita,1994,127.685923459033,168.520401400989,-24.23117771052042
Ethiopia,ETH,Least Developed,gdp_per_capita,1995,136.523619088963,127.685923459033,6.921432990039412
Ethiopia,ETH,Least Developed,gdp_per_capita,1996,147.327458851964,136.523619088963,7.913531618262254
Ethiopia,ETH,Least Developed,gdp_per_capita,1997,143.369531498844,147.327458851964,-2.6864831471076696
Ethiopia,ETH,Least Developed,gdp_per_capita,1998,126.465095781244,143.369531498844,-11.790814645813569
Ethiopia,ETH,Least Developed,gdp_per_capita,1999,120.734631499865,126.465095781244,-4.531261567453684
Ethiopia,ETH,Least Developed,gdp_per_capita,2000,122.269202606069,120.734631499865,1.271028111106393
Ethiopia,ETH,Least Developed,gdp_per_capita,2001,118.457204255261,122.269202606069,-3.117709340993758
Ethiopia,ETH,Least Developed,gdp_per_capita,2002,109.593813612988,118.457204255261,-7.482356770107004
Ethiopia,ETH,Least Developed,gdp_per_capita,2003,116.800491132777,109.593813612988,6.575806865557356
Ethiopia,ETH,Least Developed,gdp_per_capita,2004,133.169812538096,116.800491132777,14.014771039541795
Ethiopia,ETH,Least Developed,gdp_per_capita,2005,158.243458082465,133.169812538096,18.82832532875733
Ethiopia,ETH,Least Developed,gdp_per_capita,2006,189.345737521418,158.243458082465,19.654701569239432
Ethiopia,ETH,Least Developed,gdp_per_capita,2007,237.146255996319,189.345737521418,25.245098781003207
Ethiopia,ETH,Least Developed,gdp_per_capita,2008,316.410475118075,237.146255996319,33.42419166127857
Ethiopia,ETH,Least Developed,gdp_per_capita,2009,368.574712267445,316.410475118075,16.48625480237463
Ethiopia,ETH,Least Developed,gdp_per_capita,2010,330.619412798644,368.574712267445,-10.297857722062032
Ethiopia,ETH,Least Developed,gdp_per_capita,2011,343.024942351887,330.619412798644,3.752208452683404
Ethiopia,ETH,Least Developed,gdp_per_capita,2012,452.101031885754,343.024942351887,31.798296877774263
Ethiopia,ETH,Least Developed,gdp_per_capita,2013,484.039833104062,452.101031885754,7.064527387846993
Ethiopia,ETH,Least Developed,gdp_per_capita,2014,549.986577082588,484.039833104062,13.62423905396819
Ethiopia,ETH,Least Developed,gdp_per_capita,2015,597.912113218663,549.986577082588,8.713946509439674
Ethiopia,ETH,Least Developed,gdp_per_capita,2016,641.651523286233,597.912113218663,7.315357742480464
Ethiopia,ETH,Least Developed,gdp_per_capita,2017,696.348429076216,641.651523286233,8.524394286458103
Ethiopia,ETH,Least Developed,gdp_per_capita,2018,739.702022272086,696.348429076216,6.225847777582172
Ethiopia,ETH,Least Developed,gdp_per_capita,2019,793.473247218996,739.702022272086,7.269308901136308
Ethiopia,ETH,Least Developed,gdp_per_capita,2020,829.790982552951,793.473247218996,4.5770585790060645
Ethiopia,ETH,Least Developed,gdp_per_capita,2021,893.009835441784,829.790982552951,7.618647854467235
Ethiopia,ETH,Least Developed,gdp_per_capita,2022,982.103161502198,893.009835441784,9.976746338559444
Ethiopia,ETH,Least Developed,gdp_per_capita,2023,1055.81091593061,982.103161502198,7.505092877989589
Ethiopia,ETH,Least Developed,gdp_per_capita,2024,1133.88279681256,1055.81091593061,7.394494573219679
Ethiopia,ETH,Least Developed,gdp_per_capita,2025,932.729352775179,1133.88279681256,-17.74023246519307
Ethiopia,ETH,Least Developed,population,1960,21376693.0,,
Ethiopia,ETH,Least Developed,population,1961,21906102.0,21376693.0,2.4765710954449314
Ethiopia,ETH,Least Developed,population,1962,22465126.0,21906102.0,2.5519099655429343
Ethiopia,ETH,Least Developed,population,1963,23051637.0,22465126.0,2.6107621208089373
Ethiopia,ETH,Least Developed,population,1964,23666548.0,23051637.0,2.667537233906642
Ethiopia,ETH,Least Developed,population,1965,24310612.0,23666548.0,2.721410828482464
Ethiopia,ETH,Least Developed,population,1966,24952689.0,24310612.0,2.6411387751159863
Ethiopia,ETH,Least Developed,population,1967,25620276.0,24952689.0,2.675411054896729
Ethiopia,ETH,Least Developed,population,1968,26337930.0,25620276.0,2.8011173650119927
Ethiopia,ETH,Least Developed,population,1969,27072571.0,26337930.0,2.7892890595426443
Ethiopia,ETH,Least Developed,population,1970,27829128.0,27072571.0,2.7945517254345735
Ethiopia,ETH,Least Developed,population,1971,28600106.0,27829128.0,2.7703994174736626
Ethiopia,ETH,Least Developed,population,1972,29374608.0,28600106.0,2.708038914261367
Ethiopia,ETH,Least Developed,population,1973,30166785.0,29374608.0,2.6968087540095853
Ethiopia,ETH,Least Developed,population,1974,30957273.0,30166785.0,2.620391931059276
Ethiopia,ETH,Least Developed,population,1975,31723252.0,30957273.0,2.4743103179663146
Ethiopia,ETH,Least Developed,population,1976,32534418.0,31723252.0,2.557007711567528
Ethiopia,ETH,Least Developed,population,1977,33167272.0,32534418.0,1.9451830980962992
Ethiopia,ETH,Least Developed,population,1978,33734592.0,33167272.0,1.7104813443806894
Ethiopia,ETH,Least Developed,population,1979,34238652.0,33734592.0,1.4941932601408074
Ethiopia,ETH,Least Developed,population,1980,34428514.0,34238652.0,0.5545253358689471
Ethiopia,ETH,Least Developed,population,1981,35304012.0,34428514.0,2.5429444907206857
Ethiopia,ETH,Least Developed,population,1982,36701290.0,35304012.0,3.9578447911245895
Ethiopia,ETH,Least Developed,population,1983,37740817.0,36701290.0,2.8323990791604325
Ethiopia,ETH,Least Developed,population,1984,38735722.0,37740817.0,2.6361511993765263
Ethiopia,ETH,Least Developed,population,1985,39842136.0,38735722.0,2.856314385982014
Ethiopia,ETH,Least Developed,population,1986,41037656.0,39842136.0,3.000642335039467
Ethiopia,ETH,Least Developed,population,1987,42460039.0,41037656.0,3.4660434796763244
Ethiopia,ETH,Least Developed,population,1988,44150825.0,42460039.0,3.9820641709726172
Ethiopia,ETH,Least Developed,population,1989,45879690.0,44150825.0,3.9158158426258174
Ethiopia,ETH,Least Developed,population,1990,47609755.0,45879690.0,3.7708733428669636
Ethiopia,ETH,Least Developed,population,1991,49717198.0,47609755.0,4.426494108192744
Ethiopia,ETH,Least Developed,population,1992,51853747.0,49717198.0,4.297404290563599
Ethiopia,ETH,Least Developed,population,1993,53708891.0,51853747.0,3.5776469538450137
Ethiopia,ETH,Least Developed,population,1994,55611508.0,53708891.0,3.542461898906086
Ethiopia,ETH,Least Developed,population,1995,57537335.0,55611508.0,3.4630008594623978
Ethiopia,ETH,Least Developed,population,1996,59467635.0,57537335.0,3.3548651497327784
Ethiopia,ETH,Least Developed,population,1997,61404539.0,59467635.0,3.2570725235668103
Ethiopia,ETH,Least Developed,population,1998,63363524.0,61404539.0,3.1902934732561055
Ethiopia,ETH,Least Developed,population,1999,65374561.0,63363524.0,3.173808641072425
Ethiopia,ETH,Least Developed,population,2000,67411494.0,65374561.0,3.115788418066777
Ethiopia,ETH,Least Developed,population,2001,69487762.0,67411494.0,3.079991076892614
Ethiopia,ETH,Least Developed,population,2002,71635517.0,69487762.0,3.090839218566285
Ethiopia,ETH,Least Developed,population,2003,73832663.0,71635517.0,3.0671182285178453
Ethiopia,ETH,Least Developed,population,2004,76077206.0,73832663.0,3.04004069310083
Ethiopia,ETH,Least Developed,population,2005,78367470.0,76077206.0,3.0104470450715555
Ethiopia,ETH,Least Developed,population,2006,80703490.0,78367470.0,2.9808541732940976
Ethiopia,ETH,Least Developed,population,2007,83103217.0,80703490.0,2.973510810994667
Ethiopia,ETH,Least Developed,population,2008,85543668.0,83103217.0,2.936650454819336
Ethiopia,ETH,Least Developed,population,2009,88007636.0,85543668.0,2.880362810722589
Ethiopia,ETH,Least Developed,population,2010,90538514.0,88007636.0,2.8757481907592655
Ethiopia,ETH,Least Developed,population,2011,93149970.0,90538514.0,2.8843592462761207
Ethiopia,ETH,Least Developed,population,2012,95798767.0,93149970.0,2.84358330979602
Ethiopia,ETH,Least Developed,population,2013,98438751.0,95798767.0,2.755759894070453
Ethiopia,ETH,Least Developed,population,2014,101115610.0,98438751.0,2.7193142667972294
Ethiopia,ETH,Least Developed,population,2015,103867135.0,101115610.0,2.7211673845413187
Ethiopia,ETH,Least Developed,population,2016,106718162.0,103867135.0,2.7448788300553395
Ethiopia,ETH,Least Developed,population,2017,109666481.0,106718162.0,2.7627153098832418
Ethiopia,ETH,Least Developed,population,2018,112664152.0,109666481.0,2.733443229568021
Ethiopia,ETH,Least Developed,population,2019,115737383.0,112664152.0,2.7277807052592915
Ethiopia,ETH,Least Developed,population,2020,118917671.0,115737383.0,2.747848549504528
Ethiopia,ETH,Least Developed,population,2021,122138588.0,118917671.0,2.708526809274628
Ethiopia,ETH,Least Developed,population,2022,125384287.0,122138588.0,2.657390308130957
Ethiopia,ETH,Least Developed,population,2023,128691692.0,125384287.0,2.637814577196583
Ethiopia,ETH,Least Developed,population,2024,132059767.0,128691692.0,2.617165838490957
Ethiopia,ETH,Least Developed,population,2025,135472051.0,132059767.0,2.583893700191066
Ethiopia,ETH,Least Developed,unemployment,1960,,,
Ethiopia,ETH,Least Developed,unemployment,1961,,,
Ethiopia,ETH,Least Developed,unemployment,1962,,,
Ethiopia,ETH,Least Developed,unemployment,1963,,,
Ethiopia,ETH,Least Developed,unemployment,1964,,,
Ethiopia,ETH,Least Developed,unemployment,1965,,,
Ethiopia,ETH,Least Developed,unemployment,1966,,,
Ethiopia,ETH,Least Developed,unemployment,1967,,,
Ethiopia,ETH,Least Developed,unemployment,1968,,,
Ethiopia,ETH,Least Developed,unemployment,1969,,,
Ethiopia,ETH,Least Developed,unemployment,1970,,,
Ethiopia,ETH,Least Developed,unemployment,1971,,,
Ethiopia,ETH,Least Developed,unemployment,1972,,,
Ethiopia,ETH,Least Developed,unemployment,1973,,,
Ethiopia,ETH,Least Developed,unemployment,1974,,,
Ethiopia,ETH,Least Developed,unemployment,1975,,,
Ethiopia,ETH,Least Developed,unemployment,1976,,,
Ethiopia,ETH,Least Developed,unemployment,1977,,,
Ethiopia,ETH,Least Developed,unemployment,1978,,,
Ethiopia,ETH,Least Developed,unemployment,1979,,,
Ethiopia,ETH,Least Developed,unemployment,1980,,,
Ethiopia,ETH,Least Developed,unemployment,1981,,,
Ethiopia,ETH,Least Developed,unemployment,1982,,,
Ethiopia,ETH,Least Developed,unemployment,1983,,,
Ethiopia,ETH,Least Developed,unemployment,1984,,,
Ethiopia,ETH,Least Developed,unemployment,1985,,,
Ethiopia,ETH,Least Developed,unemployment,1986,,,
Ethiopia,ETH,Least Developed,unemployment,1987,,,
Ethiopia,ETH,Least Developed,unemployment,1988,,,
Ethiopia,ETH,Least Developed,unemployment,1989,,,
Ethiopia,ETH,Least Developed,unemployment,1990,,,
Ethiopia,ETH,Least Developed,unemployment,1991,3.284,,
Ethiopia,ETH,Least Developed,unemployment,1992,3.416,3.284,4.0194884287454355
Ethiopia,ETH,Least Developed,unemployment,1993,3.252,3.416,-4.800936768149888
Ethiopia,ETH,Least Developed,unemployment,1994,3.1,3.252,-4.6740467404673955
Ethiopia,ETH,Least Developed,unemployment,1995,3.005,3.1,-3.0645161290322642
Ethiopia,ETH,Least Developed,unemployment,1996,3.121,3.005,3.860232945091518
Ethiopia,ETH,Least Developed,unemployment,1997,3.227,3.121,3.3963473245754523
Ethiopia,ETH,Least Developed,unemployment,1998,3.481,3.227,7.871087697551907
Ethiopia,ETH,Least Developed,unemployment,1999,3.714,3.481,6.693478885377768
Ethiopia,ETH,Least Developed,unemployment,2000,3.499,3.714,-5.788906838987611
Ethiopia,ETH,Least Developed,unemployment,2001,3.16,3.499,-9.688482423549583
Ethiopia,ETH,Least Developed,unemployment,2002,3.054,3.16,-3.354430379746845
Ethiopia,ETH,Least Developed,unemployment,2003,3.008,3.054,-1.5062213490504197
Ethiopia,ETH,Least Developed,unemployment,2004,2.776,3.008,-7.712765957446815
Ethiopia,ETH,Least Developed,unemployment,2005,2.497,2.776,-10.050432276657057
Ethiopia,ETH,Least Developed,unemployment,2006,2.337,2.497,-6.407689227072476
Ethiopia,ETH,Least Developed,unemployment,2007,2.337,2.337,0.0
Ethiopia,ETH,Least Developed,unemployment,2008,2.326,2.337,-0.47068891741549507
Ethiopia,ETH,Least Developed,unemployment,2009,2.326,2.326,0.0
Ethiopia,ETH,Least Developed,unemployment,2010,2.295,2.326,-1.3327601031814331
Ethiopia,ETH,Least Developed,unemployment,2011,2.27,2.295,-1.0893246187363796
Ethiopia,ETH,Least Developed,unemployment,2012,2.252,2.27,-0.7929515418502308
Ethiopia,ETH,Least Developed,unemployment,2013,2.251,2.252,-0.044404973357011095
Ethiopia,ETH,Least Developed,unemployment,2014,2.361,2.251,4.8867170146601655
Ethiopia,ETH,Least Developed,unemployment,2015,2.442,2.361,3.4307496823379906
Ethiopia,ETH,Least Developed,unemployment,2016,2.556,2.442,4.668304668304663
Ethiopia,ETH,Least Developed,unemployment,2017,2.665,2.556,4.2644757433489815
Ethiopia,ETH,Least Developed,unemployment,2018,2.811,2.665,5.478424015009377
Ethiopia,ETH,Least Developed,unemployment,2019,2.928,2.811,4.16221985058698
Ethiopia,ETH,Least Developed,unemployment,2020,3.998,2.928,36.543715846994544
Ethiopia,ETH,Least Developed,unemployment,2021,3.935,3.998,-1.5757878939469776
Ethiopia,ETH,Least Developed,unemployment,2022,3.386,3.935,-13.951715374841168
Ethiopia,ETH,Least Developed,unemployment,2023,3.375,3.386,-0.3248670998228033
Ethiopia,ETH,Least Developed,unemployment,2024,3.357,3.375,-0.5333333333333272
Ethiopia,ETH,Least Developed,unemployment,2025,3.323,3.357,-1.0128090557045055
Germany,DEU,Developed,gdp,1960,84619845881.2608,,
Germany,DEU,Developed,gdp,1961,96558204043.1028,84619845881.2608,14.108224893949806
Germany,DEU,Developed,gdp,1962,105895435234.343,96558204043.1028,9.670054744464943
Germany,DEU,Developed,gdp,1963,112232503744.1,105895435234.343,5.984269761707185
Germany,DEU,Developed,gdp,1964,123330404665.086,112232503744.1,9.888312699759586
Germany,DEU,Developed,gdp,1965,134774688191.161,123330404665.086,9.279369152442907
Germany,DEU,Developed,gdp,1966,143304275683.979,134774688191.161,6.328775534408848
Germany,DEU,Developed,gdp,1967,145100667772.69,143304275683.979,1.2535509356835122
Germany,DEU,Developed,gdp,1968,156527292653.157,145100667772.69,7.87496367581684
Germany,DEU,Developed,gdp,1969,177733486326.06,156527292653.157,13.547920821637794
Germany,DEU,Developed,gdp,1970,216629229947.096,177733486326.06,21.884308030553136
Germany,DEU,Developed,gdp,1971,250900942396.699,216629229947.096,15.820446971986488
Germany,DEU,Developed,gdp,1972,300899944795.436,250900942396.699,19.927785811056715
Germany,DEU,Developed,gdp,1973,399833571167.215,300899944795.436,32.87924377621211
Germany,DEU,Developed,gdp,1974,446934971657.471,399833571167.215,11.78025155635509
Germany,DEU,Developed,gdp,1975,492434094920.105,446934971657.471,10.18025577499545
Germany,DEU,Developed,gdp,1976,521658712132.981,492434094920.105,5.93472659881879
Germany,DEU,Developed,gdp,1977,602698323085.993,521658712132.981,15.534986585703459
Germany,DEU,Developed,gdp,1978,743182891918.208,602698323085.993,23.309268244333676
Germany,DEU,Developed,gdp,1979,884574218333.155,743182891918.208,19.02510511914583
Germany,DEU,Developed,gdp,1980,953772499462.019,884574218333.155,7.822778427711538
Germany,DEU,Developed,gdp,1981,803404797057.551,953772499462.019,-15.765573288104218
Germany,DEU,Developed,gdp,1982,779421633755.138,803404797057.551,-2.9851904532124767
Germany,DEU,Developed,gdp,1983,773507930294.906,779421633755.138,-0.7587297047094506
Germany,DEU,Developed,gdp,1984,727767760978.627,773507930294.906,-5.913342000105966
Germany,DEU,Developed,gdp,1985,735218723093.277,727767760978.627,1.0238104123533502
Germany,DEU,Developed,gdp,1986,1050092624515.9,735218723093.277,42.827241952960314
Germany,DEU,Developed,gdp,1987,1302932318824.81,1050092624515.9,24.077846887599165
Germany,DEU,Developed,gdp,1988,1406367016371.53,1302932318824.81,7.938608633180095
Germany,DEU,Developed,gdp,1989,1404092925205.45,1406367016371.53,-0.16169969429084755
Germany,DEU,Developed,gdp,1990,1778162195860.07,1404092925205.45,26.64134716011659
Germany,DEU,Developed,gdp,1991,1875792575132.59,1778162195860.07,5.490521590202725
Germany,DEU,Developed,gdp,1992,2141377582968.07,1875792575132.59,14.158548837240554
Germany,DEU,Developed,gdp,1993,2078954217437.6,2141377582968.07,-2.915103157283811
Germany,DEU,Developed,gdp,1994,2215282632276.73,2078954217437.6,6.55754771777324
Germany,DEU,Developed,gdp,1995,2593053091306.13,2215282632276.73,17.052923790638438
Germany,DEU,Developed,gdp,1996,2506576553158.31,2593053091306.13,-3.3349312606731587
Germany,DEU,Developed,gdp,1997,2218790886532.82,2506576553158.31,-11.481223913264392
Germany,DEU,Developed,gdp,1998,2247760364565.97,2218790886532.82,1.3056425555460691
Germany,DEU,Developed,gdp,1999,2213873468586.88,2247760364565.97,-1.5075849059930237
Germany,DEU,Developed,gdp,2000,1966980701145.1,2213873468586.88,-11.152072191342171
Germany,DEU,Developed,gdp,2001,1966381496641.73,1966980701145.1,-0.030463161281718908
Germany,DEU,Developed,gdp,2002,2102350798305.89,1966381496641.73,6.914695947677196
Germany,DEU,Developed,gdp,2003,2534715518349.01,2102350798305.89,20.56577429378231
Germany,DEU,Developed,gdp,2004,2852317768061.78,2534715518349.01,12.530094498322267
Germany,DEU,Developed,gdp,2005,2893393187361.87,2852317768061.78,1.44007164138665
Germany,DEU,Developed,gdp,2006,3046308753670.58,2893393187361.87,5.284990888090633
Germany,DEU,Developed,gdp,2007,3484056680854.91,3046308753670.58,14.369782007712637
Germany,DEU,Developed,gdp,2008,3808197720125.0,3484056680854.91,9.303552409214905
Germany,DEU,Developed,gdp,2009,3478545516683.59,3808197720125.0,-8.656383614204508
Germany,DEU,Developed,gdp,2010,3467093769666.67,3478545516683.59,-0.32921078542729265
Germany,DEU,Developed,gdp,2011,3823575803793.78,3467093769666.67,10.281868844908178
Germany,DEU,Developed,gdp,2012,3596483233406.25,3823575803793.78,-5.939272085627461
Germany,DEU,Developed,gdp,2013,3807023797050.99,3596483233406.25,5.854067709508993
Germany,DEU,Developed,gdp,2014,3964870735760.77,3807023797050.99,4.1462031004915625
Germany,DEU,Developed,gdp,2015,3425099578746.09,3964870735760.77,-13.613839970778017
Germany,DEU,Developed,gdp,2016,3536787895179.0,3425099578746.09,3.260877935519721
Germany,DEU,Developed,gdp,2017,3765351626105.89,3536787895179.0,6.462466444155321
Germany,DEU,Developed,gdp,2018,4055433215301.96,3765351626105.89,7.703970784159431
Germany,DEU,Developed,gdp,2019,3959894794039.21,4055433215301.96,-2.355812959815599
Germany,DEU,Developed,gdp,2020,3941398957073.94,3959894794039.21,-0.46707899899541816
Germany,DEU,Developed,gdp,2021,4355251953410.78,3941398957073.94,10.500154915656665
Germany,DEU,Developed,gdp,2022,4201021706478.62,4355251953410.78,-3.5412474084622247
Germany,DEU,Developed,gdp,2023,4562207532490.28,4201021706478.62,8.597571049315365
Germany,DEU,Developed,gdp,2024,4685592577804.69,4562207532490.28,2.704503125640592
Germany,DEU,Developed,gdp,2025,5050922925047.05,4685592577804.69,7.796886758206475
Germany,DEU,Developed,gdp_per_capita,1960,1162.12266831735,,
Germany,DEU,Developed,gdp_per_capita,1961,1315.90787834504,1162.12266831735,13.233130565326404
Germany,DEU,Developed,gdp_per_capita,1962,1430.52095516263,1315.90787834504,8.709810063735905
Germany,DEU,Developed,gdp_per_capita,1963,1502.15452905146,1430.52095516263,5.007516571519669
Germany,DEU,Developed,gdp_per_capita,1964,1637.45522773672,1502.15452905146,9.007109193399428
Germany,DEU,Developed,gdp_per_capita,1965,1774.1986904555,1637.45522773672,8.350974145887694
Germany,DEU,Developed,gdp_per_capita,1966,1870.80540291774,1774.1986904555,5.445089830239793
Germany,DEU,Developed,gdp_per_capita,1967,1885.61596607874,1870.80540291774,0.7916677564594004
Germany,DEU,Developed,gdp_per_capita,1968,2025.08159465853,1885.61596607874,7.396290182555987
Germany,DEU,Developed,gdp_per_capita,1969,2281.27598218229,2025.08159465853,12.651064934840791
Germany,DEU,Developed,gdp_per_capita,1970,2771.28310514754,2281.27598218229,21.479519654456908
Germany,DEU,Developed,gdp_per_capita,1971,3203.82884836051,2771.28310514754,15.608139868840354
Germany,DEU,Developed,gdp_per_capita,1972,3823.94032602696,3203.82884836051,19.355324738516494
Germany,DEU,Developed,gdp_per_capita,1973,5065.24523302283,3823.94032602696,32.46140894373146
Germany,DEU,Developed,gdp_per_capita,1974,5659.73787773336,5065.24523302283,11.736700147008468
Germany,DEU,Developed,gdp_per_capita,1975,6259.20744498342,5659.73787773336,10.591825632217066
Germany,DEU,Developed,gdp_per_capita,1976,6659.16546576017,6259.20744498342,6.389914766242579
Germany,DEU,Developed,gdp_per_capita,1977,7711.10232025365,6659.16546576017,15.796827093459175
Germany,DEU,Developed,gdp_per_capita,1978,9516.78283228907,7711.10232025365,23.416632759400642
Germany,DEU,Developed,gdp_per_capita,1979,11322.3543443813,9516.78283228907,18.97249883612125
Germany,DEU,Developed,gdp_per_capita,1980,12182.7800196802,11322.3543443813,7.5993530066994
Germany,DEU,Developed,gdp_per_capita,1981,10246.4767623188,12182.7800196802,-15.893771817544714
Germany,DEU,Developed,gdp_per_capita,1982,9950.05926025365,10246.4767623188,-2.892872437433501
Germany,DEU,Developed,gdp_per_capita,1983,9900.48559233526,9950.05926025365,-0.4982248509455247
Germany,DEU,Developed,gdp_per_capita,1984,9347.29068412377,9900.48559233526,-5.587553287686848
Germany,DEU,Developed,gdp_per_capita,1985,9464.11694710857,9347.29068412377,1.2498409104065735
Germany,DEU,Developed,gdp_per_capita,1986,13511.1520027486,9464.11694710857,42.76188764633197
Germany,DEU,Developed,gdp_per_capita,1987,16738.6132825523,13511.1520027486,23.88738783448761
Germany,DEU,Developed,gdp_per_capita,1988,17996.9783507619,16738.6132825523,7.517737861363186
Germany,DEU,Developed,gdp_per_capita,1989,17829.4609524705,17996.9783507619,-0.9308084669908302
Germany,DEU,Developed,gdp_per_capita,1990,22385.6778250275,17829.4609524705,25.55442862071315
Germany,DEU,Developed,gdp_per_capita,1991,23443.3350818536,22385.6778250275,4.724705077474243
Germany,DEU,Developed,gdp_per_capita,1992,26559.8543879632,23443.3350818536,13.293839358726553
Germany,DEU,Developed,gdp_per_capita,1993,25616.6508772405,26559.8543879632,-3.551237506596261
Germany,DEU,Developed,gdp_per_capita,1994,27201.9593555204,25616.6508772405,6.188586032877517
Germany,DEU,Developed,gdp_per_capita,1995,31747.2449398447,27201.9593555204,16.709405101739012
Germany,DEU,Developed,gdp_per_capita,1996,30599.7891048363,31747.2449398447,-3.614347755789893
Germany,DEU,Developed,gdp_per_capita,1997,27046.9565464237,30599.7891048363,-11.610643936925296
Germany,DEU,Developed,gdp_per_capita,1998,27395.9440608051,27046.9565464237,1.2903023443040489
Germany,DEU,Developed,gdp_per_capita,1999,26965.4922773722,27395.9440608051,-1.571224493952525
Germany,DEU,Developed,gdp_per_capita,2000,23925.8559901991,26965.4922773722,-11.272318917477273
Germany,DEU,Developed,gdp_per_capita,2001,23878.3641471651,23925.8559901991,-0.1984958993879037
Germany,DEU,Developed,gdp_per_capita,2002,25486.5942008748,23878.3641471651,6.735093090121222
Germany,DEU,Developed,gdp_per_capita,2003,30711.1022511331,25486.5942008748,20.49904357200844
Germany,DEU,Developed,gdp_per_capita,2004,34566.7359143735,30711.1022511331,12.55452712739461
Germany,DEU,Developed,gdp_per_capita,2005,35084.4363546269,34566.7359143735,1.497683904942065
Germany,DEU,Developed,gdp_per_capita,2006,36980.3349948954,35084.4363546269,5.403816726895963
Germany,DEU,Developed,gdp_per_capita,2007,42350.9217211489,36980.3349948954,14.522817943630947
Germany,DEU,Developed,gdp_per_capita,2008,46379.1647953479,42350.9217211489,9.511583008091652
Germany,DEU,Developed,gdp_per_capita,2009,42471.8868625226,46379.1647953479,-8.424640568812523
Germany,DEU,Developed,gdp_per_capita,2010,42396.9665976293,42471.8868625226,-0.17639966205365068
Germany,DEU,Developed,gdp_per_capita,2011,47630.9761883572,42396.9665976293,12.345245452113463
Germany,DEU,Developed,gdp_per_capita,2012,44718.0159214069,47630.9761883572,-6.11568458188001
Germany,DEU,Developed,gdp_per_capita,2013,47206.8353514242,44718.0159214069,5.565585544742111
Germany,DEU,Developed,gdp_per_capita,2014,48959.5991203133,47206.8353514242,3.7129448645326844
Germany,DEU,Developed,gdp_per_capita,2015,41929.7549110722,48959.5991203133,-14.358459496300128
Germany,DEU,Developed,gdp_per_capita,2016,42948.9381932694,41929.7549110722,2.4306922002257334
Germany,DEU,Developed,gdp_per_capita,2017,45553.9341495339,42948.9381932694,6.065332615540039
Germany,DEU,Developed,gdp_per_capita,2018,48916.1686612154,45553.9341495339,7.380777477187224
Germany,DEU,Developed,gdp_per_capita,2019,47656.199739747,48916.1686612154,-2.575771888830302
Germany,DEU,Developed,gdp_per_capita,2020,47394.8734504469,47656.199739747,-0.5483573820976292
Germany,DEU,Developed,gdp_per_capita,2021,52349.2459994422,47394.8734504469,10.45339334891416
Germany,DEU,Developed,gdp_per_capita,2022,50506.5179638543,52349.2459994422,-3.5200660494852967
Germany,DEU,Developed,gdp_per_capita,2023,54776.7668235491,50506.5179638543,8.454847080827996
Germany,DEU,Developed,gdp_per_capita,2024,56103.7323182554,54776.7668235491,2.4224969300959662
Germany,DEU,Developed,gdp_per_capita,2025,60496.4350820414,56103.7323182554,7.829608801902592
Germany,DEU,Developed,population,1960,72814900.0,,
Germany,DEU,Developed,population,1961,73377632.0,72814900.0,0.7728253420659782
Germany,DEU,Developed,population,1962,74025784.0,73377632.0,0.8833100528509833
Germany,DEU,Developed,population,1963,74714353.0,74025784.0,0.9301745456691145
Germany,DEU,Developed,population,1964,75318337.0,74714353.0,0.8083908589826108
Germany,DEU,Developed,population,1965,75963695.0,75318337.0,0.8568404796298144
Germany,DEU,Developed,population,1966,76600311.0,75963695.0,0.8380529672760126
Germany,DEU,Developed,population,1967,76951336.0,76600311.0,0.45825531961613053
Germany,DEU,Developed,population,1968,77294314.0,76951336.0,0.44570766126789535
Germany,DEU,Developed,population,1969,77909682.0,77294314.0,0.7961361815048905
Germany,DEU,Developed,population,1970,78169289.0,77909682.0,0.3332153248937661
Germany,DEU,Developed,population,1971,78312842.0,78169289.0,0.18364373251495225
Germany,DEU,Developed,population,1972,78688452.0,78312842.0,0.4796275941562688
Germany,DEU,Developed,population,1973,78936666.0,78688452.0,0.3154389159924
Germany,DEU,Developed,population,1974,78967433.0,78936666.0,0.038976817186578416
Germany,DEU,Developed,population,1975,78673554.0,78967433.0,-0.37215215036811444
Germany,DEU,Developed,population,1976,78336950.0,78673554.0,-0.4278489821369962
Germany,DEU,Developed,population,1977,78159814.0,78336950.0,-0.22612062379247597
Germany,DEU,Developed,population,1978,78091820.0,78159814.0,-0.08699355400206045
Germany,DEU,Developed,population,1979,78126350.0,78091820.0,0.04421717921288043
Germany,DEU,Developed,population,1980,78288576.0,78126350.0,0.20764569188244428
Germany,DEU,Developed,population,1981,78407907.0,78288576.0,0.15242453764901792
Germany,DEU,Developed,population,1982,78333366.0,78407907.0,-0.09506821805612028
Germany,DEU,Developed,population,1983,78128282.0,78333366.0,-0.2618092525220989
Germany,DEU,Developed,population,1984,77858685.0,78128282.0,-0.34506966376145326
Germany,DEU,Developed,population,1985,77684873.0,77858685.0,-0.22324034884483343
Germany,DEU,Developed,population,1986,77720436.0,77684873.0,0.045778539150086534
Germany,DEU,Developed,population,1987,77839920.0,77720436.0,0.15373562752530107
Germany,DEU,Developed,population,1988,78144619.0,77839920.0,0.3914431052858225
Germany,DEU,Developed,population,1989,78751283.0,78144619.0,0.7763349642794982
Germany,DEU,Developed,population,1990,79433029.0,78751283.0,0.8656951023896334
Germany,DEU,Developed,population,1991,80013896.0,79433029.0,0.7312663350657319
Germany,DEU,Developed,population,1992,80624598.0,80013896.0,0.7632449243566393
Germany,DEU,Developed,population,1993,81156363.0,80624598.0,0.65955677695286
Germany,DEU,Developed,population,1994,81438348.0,81156363.0,0.34745889240995187
Germany,DEU,Developed,population,1995,81678051.0,81438348.0,0.294336766261516
Germany,DEU,Developed,population,1996,81914831.0,81678051.0,0.2898942826145545
Germany,DEU,Developed,population,1997,82034771.0,81914831.0,0.14642037166627372
Germany,DEU,Developed,population,1998,82047195.0,82034771.0,0.015144797563950048
Germany,DEU,Developed,population,1999,82100243.0,82047195.0,0.06465547054960258
Germany,DEU,Developed,population,2000,82211508.0,82100243.0,0.13552335039982769
Germany,DEU,Developed,population,2001,82349925.0,82211508.0,0.1683669395773643
Germany,DEU,Developed,population,2002,82488495.0,82349925.0,0.16826973430759043
Germany,DEU,Developed,population,2003,82534176.0,82488495.0,0.0553786318928476
Germany,DEU,Developed,population,2004,82516260.0,82534176.0,-0.021707371259149663
Germany,DEU,Developed,population,2005,82469422.0,82516260.0,-0.056762146030370254
Germany,DEU,Developed,population,2006,82376451.0,82469422.0,-0.11273390518003144
Germany,DEU,Developed,population,2007,82266372.0,82376451.0,-0.13362920915347518
Germany,DEU,Developed,population,2008,82110097.0,82266372.0,-0.18996218770897055
Germany,DEU,Developed,population,2009,81902307.0,82110097.0,-0.2530626653625802
Germany,DEU,Developed,population,2010,81776930.0,81902307.0,-0.1530811580191508
Germany,DEU,Developed,population,2011,80274983.0,81776930.0,-1.836639012983246
Germany,DEU,Developed,population,2012,80425823.0,80274983.0,0.18790411951877958
Germany,DEU,Developed,population,2013,80645605.0,80425823.0,0.2732729262838877
Germany,DEU,Developed,population,2014,80982500.0,80645605.0,0.4177475015532464
Germany,DEU,Developed,population,2015,81686611.0,80982500.0,0.8694606859506684
Germany,DEU,Developed,population,2016,82348669.0,81686611.0,0.810485331555743
Germany,DEU,Developed,population,2017,82657002.0,82348669.0,0.374423780911383
Germany,DEU,Developed,population,2018,82905782.0,82657002.0,0.30097873619950555
Germany,DEU,Developed,population,2019,83092962.0,82905782.0,0.22577436155176728
Germany,DEU,Developed,population,2020,83160871.0,83092962.0,0.08172653659885178
Germany,DEU,Developed,population,2021,83196078.0,83160871.0,0.04233601641810606
Germany,DEU,Developed,population,2022,83177813.0,83196078.0,-0.021954159906432128
Germany,DEU,Developed,population,2023,83287273.0,83177813.0,0.13159759321875894
Germany,DEU,Developed,population,2024,83516593.0,83287273.0,0.27533618491747236
Germany,DEU,Developed,population,2025,83491249.0,83516593.0,-0.030346065481861792
Germany,DEU,Developed,unemployment,1960,,,
Germany,DEU,Developed,unemployment,1961,,,
Germany,DEU,Developed,unemployment,1962,,,
Germany,DEU,Developed,unemployment,1963,,,
Germany,DEU,Developed,unemployment,1964,,,
Germany,DEU,Developed,unemployment,1965,,,
Germany,DEU,Developed,unemployment,1966,,,
Germany,DEU,Developed,unemployment,1967,,,
Germany,DEU,Developed,unemployment,1968,,,
Germany,DEU,Developed,unemployment,1969,,,
Germany,DEU,Developed,unemployment,1970,,,
Germany,DEU,Developed,unemployment,1971,,,
Germany,DEU,Developed,unemployment,1972,,,
Germany,DEU,Developed,unemployment,1973,,,
Germany,DEU,Developed,unemployment,1974,,,
Germany,DEU,Developed,unemployment,1975,,,
Germany,DEU,Developed,unemployment,1976,,,
Germany,DEU,Developed,unemployment,1977,,,
Germany,DEU,Developed,unemployment,1978,,,
Germany,DEU,Developed,unemployment,1979,,,
Germany,DEU,Developed,unemployment,1980,,,
Germany,DEU,Developed,unemployment,1981,,,
Germany,DEU,Developed,unemployment,1982,,,
Germany,DEU,Developed,unemployment,1983,,,
Germany,DEU,Developed,unemployment,1984,,,
Germany,DEU,Developed,unemployment,1985,,,
Germany,DEU,Developed,unemployment,1986,,,
Germany,DEU,Developed,unemployment,1987,,,
Germany,DEU,Developed,unemployment,1988,,,
Germany,DEU,Developed,unemployment,1989,,,
Germany,DEU,Developed,unemployment,1990,,,
Germany,DEU,Developed,unemployment,1991,5.316,,
Germany,DEU,Developed,unemployment,1992,6.323,5.316,18.94281414597443
Germany,DEU,Developed,unemployment,1993,7.675,6.323,21.38225525857978
Germany,DEU,Developed,unemployment,1994,8.727,7.675,13.706840390879485
Germany,DEU,Developed,unemployment,1995,8.158,8.727,-6.519995416523443
Germany,DEU,Developed,unemployment,1996,8.822,8.158,8.139249816131402
Germany,DEU,Developed,unemployment,1997,9.861,8.822,11.777374744955809
Germany,DEU,Developed,unemployment,1998,9.787,9.861,-0.7504309907717254
Germany,DEU,Developed,unemployment,1999,8.854,9.787,-9.533054051292547
Germany,DEU,Developed,unemployment,2000,7.917,8.854,-10.582787440704761
Germany,DEU,Developed,unemployment,2001,7.773,7.917,-1.8188707843880274
Germany,DEU,Developed,unemployment,2002,8.482,7.773,9.121317380676697
Germany,DEU,Developed,unemployment,2003,9.779,8.482,15.291204904503664
Germany,DEU,Developed,unemployment,2004,10.727,9.779,9.69424276510891
Germany,DEU,Developed,unemployment,2005,11.193,10.727,4.344178241819701
Germany,DEU,Developed,unemployment,2006,10.277,11.193,-8.183686232466723
Germany,DEU,Developed,unemployment,2007,8.732,10.277,-15.033570108008174
Germany,DEU,Developed,unemployment,2008,7.508,8.732,-14.017407237746212
Germany,DEU,Developed,unemployment,2009,7.88,7.508,4.954714970697921
Germany,DEU,Developed,unemployment,2010,7.043,7.88,-10.62182741116751
Germany,DEU,Developed,unemployment,2011,5.967,7.043,-15.277580576458902
Germany,DEU,Developed,unemployment,2012,5.372,5.967,-9.971509971509967
Germany,DEU,Developed,unemployment,2013,5.316,5.372,-1.0424422933730464
Germany,DEU,Developed,unemployment,2014,4.979,5.316,-6.33935289691497
Germany,DEU,Developed,unemployment,2015,4.612,4.979,-7.370958023699538
Germany,DEU,Developed,unemployment,2016,4.104,4.612,-11.014744145706851
Germany,DEU,Developed,unemployment,2017,3.781,4.104,-7.870370370370369
Germany,DEU,Developed,unemployment,2018,3.384,3.781,-10.499867759851897
Germany,DEU,Developed,unemployment,2019,3.163,3.384,-6.530732860520097
Germany,DEU,Developed,unemployment,2020,3.881,3.163,22.699968384445146
Germany,DEU,Developed,unemployment,2021,3.594,3.881,-7.395001288327749
Germany,DEU,Developed,unemployment,2022,3.137,3.594,-12.715637173066218
Germany,DEU,Developed,unemployment,2023,3.071,3.137,-2.1039209435766604
Germany,DEU,Developed,unemployment,2024,3.4,3.071,10.713122761315523
Germany,DEU,Developed,unemployment,2025,3.711,3.4,9.147058823529411
India,IND,Developing,gdp,1960,37029883876.1839,,
India,IND,Developing,gdp,1961,39232435784.0358,37029883876.1839,5.948038927738818
India,IND,Developing,gdp,1962,42161481858.0819,39232435784.0358,7.465878718746217
India,IND,Developing,gdp,1963,48421923459.1235,42161481858.0819,14.848722874861517
India,IND,Developing,gdp,1964,56480289940.9899,48421923459.1235,16.641979306478934
India,IND,Developing,gdp,1965,59556105229.0052,56480289940.9899,5.445820641552812
India,IND,Developing,gdp,1966,45581230504.071,59556105229.0052,-23.465058151801564
India,IND,Developing,gdp,1967,50134942204.0,45581230504.071,9.990322002216011
India,IND,Developing,gdp,1968,53085455870.6667,50134942204.0,5.885144246623459
India,IND,Developing,gdp,1969,58447995017.3333,53085455870.6667,10.10171064506156
India,IND,Developing,gdp,1970,62422483054.6667,58447995017.3333,6.8000417057158815
India,IND,Developing,gdp,1971,67351404351.833,62422483054.6667,7.896067339791303
India,IND,Developing,gdp,1972,71464700666.9869,67351404351.833,6.107216849802698
India,IND,Developing,gdp,1973,85517673172.5513,71464700666.9869,19.664215164139314
India,IND,Developing,gdp,1974,99526597933.6331,85517673172.5513,16.381321242002947
India,IND,Developing,gdp,1975,98473832017.3242,99526597933.6331,-1.0577734376200725
India,IND,Developing,gdp,1976,102716451979.68,98473832017.3242,4.308372971216757
India,IND,Developing,gdp,1977,121486641441.309,102716451979.68,18.273790712068454
India,IND,Developing,gdp,1978,137302319828.995,121486641441.309,13.018450588517297
India,IND,Developing,gdp,1979,152995442497.709,137302319828.995,11.42961217862832
India,IND,Developing,gdp,1980,186328579302.068,152995442497.709,21.787012907170826
India,IND,Developing,gdp,1981,193491368445.573,186328579302.068,3.8441709641831134
India,IND,Developing,gdp,1982,200715624830.902,193491368445.573,3.733632380279079
India,IND,Developing,gdp,1983,218262146413.158,200715624830.902,8.74198089811817
India,IND,Developing,gdp,1984,212157645177.652,218262146413.158,-2.7968666742379154
India,IND,Developing,gdp,1985,232511554840.372,212157645177.652,9.59376676983593
India,IND,Developing,gdp,1986,248985994040.59,232511554840.372,7.085428167872481
India,IND,Developing,gdp,1987,279033584092.223,248985994040.59,12.067984051638918
India,IND,Developing,gdp,1988,296589670895.932,279033584092.223,6.291746873704832
India,IND,Developing,gdp,1989,296042052944.66,296589670895.932,-0.18463824098047668
India,IND,Developing,gdp,1990,320979026420.035,296042052944.66,8.423456474285612
India,IND,Developing,gdp,1991,270105341879.226,320979026420.035,-15.849535437943342
India,IND,Developing,gdp,1992,288208070278.013,270105341879.226,6.702099363470339
India,IND,Developing,gdp,1993,279295648982.529,288208070278.013,-3.092356604340349
India,IND,Developing,gdp,1994,327274843459.429,279295648982.529,17.17864014412244
India,IND,Developing,gdp,1995,360281909643.489,327274843459.429,10.085427231485868
India,IND,Developing,gdp,1996,392896866204.516,360281909643.489,9.052621208014736
India,IND,Developing,gdp,1997,415867563592.829,392896866204.516,5.846495445539128
India,IND,Developing,gdp,1998,421351317224.941,415867563592.829,1.3186298024149528
India,IND,Developing,gdp,1999,458821052615.79,421351317224.941,8.892753827762583
India,IND,Developing,gdp,2000,468395521654.458,458821052615.79,2.0867545166210038
India,IND,Developing,gdp,2001,485440139204.171,468395521654.458,3.6389369158587015
India,IND,Developing,gdp,2002,514939140318.756,485440139204.171,6.076753595808029
India,IND,Developing,gdp,2003,607700687237.318,514939140318.756,18.014079656314543
India,IND,Developing,gdp,2004,709152728830.775,607700687237.318,16.694409554590184
India,IND,Developing,gdp,2005,820383763511.445,709152728830.775,15.685060517790514
India,IND,Developing,gdp,2006,940259888787.721,820383763511.445,14.612201095152907
India,IND,Developing,gdp,2007,1216736438834.96,940259888787.721,29.4042693242717
India,IND,Developing,gdp,2008,1198895139005.92,1216736438834.96,-1.4663241158556328
India,IND,Developing,gdp,2009,1341888016994.9,1198895139005.92,11.927054613595686
India,IND,Developing,gdp,2010,1675615519484.96,1341888016994.9,24.869996472390323
India,IND,Developing,gdp,2011,1823051829894.55,1675615519484.96,8.798934403216087
India,IND,Developing,gdp,2012,1827637590410.41,1823051829894.55,0.2515430686424925
India,IND,Developing,gdp,2013,1856721507621.58,1827637590410.41,1.5913394079752514
India,IND,Developing,gdp,2014,2039126479154.52,1856721507621.58,9.824035041560798
India,IND,Developing,gdp,2015,2103588360044.94,2039126479154.52,3.1612497581389682
India,IND,Developing,gdp,2016,2294796885663.16,2103588360044.94,9.089636035737303
India,IND,Developing,gdp,2017,2651474262755.45,2294796885663.16,15.542873503125568
India,IND,Developing,gdp,2018,2702929641648.74,2651474262755.45,1.9406327874296192
India,IND,Developing,gdp,2019,2835606256558.19,2702929641648.74,4.908622587324148
India,IND,Developing,gdp,2020,2674851578587.27,2835606256558.19,-5.669146680683417
India,IND,Developing,gdp,2021,3167270623260.47,2674851578587.27,18.409210014309377
India,IND,Developing,gdp,2022,3249938492013.47,3167270623260.47,2.610066476349898
India,IND,Developing,gdp,2023,3500906030644.76,3249938492013.47,7.722224258952201
India,IND,Developing,gdp,2024,3760813470500.86,3500906030644.76,7.424005031298515
India,IND,Developing,gdp,2025,3956067115771.63,3760813470500.86,5.191792860834611
India,IND,Developing,gdp_per_capita,1960,84.9328084793106,,
India,IND,Developing,gdp_per_capita,1961,87.8538613470205,84.9328084793106,3.4392514742067712
India,IND,Developing,gdp_per_capita,1962,92.1999583629516,87.8538613470205,4.9469618629101975
India,IND,Developing,gdp_per_capita,1963,103.435021262932,92.1999583629516,12.185540101604794
India,IND,Developing,gdp_per_capita,1964,117.856430772855,103.435021262932,13.94248227905688
India,IND,Developing,gdp_per_capita,1965,121.50831902883,117.856430772855,3.0985905750135
India,IND,Developing,gdp_per_capita,1966,91.0276950517841,121.50831902883,-25.08521574544525
India,IND,Developing,gdp_per_capita,1967,97.9951481214155,91.0276950517841,7.654212342373098
India,IND,Developing,gdp_per_capita,1968,101.556802521195,97.9951481214155,3.6345211656465146
India,IND,Developing,gdp_per_capita,1969,109.477664384288,101.556802521195,7.799439984771003
India,IND,Developing,gdp_per_capita,1970,114.35532002008,109.477664384288,4.455388834996032
India,IND,Developing,gdp_per_capita,1971,120.680595539912,114.35532002008,5.531247272729708
India,IND,Developing,gdp_per_capita,1972,125.270705961882,120.680595539912,3.8035198628531255
India,IND,Developing,gdp_per_capita,1973,146.568492582405,125.270705961882,17.00141023153778
India,IND,Developing,gdp_per_capita,1974,166.699661755332,146.568492582405,13.734990937161104
India,IND,Developing,gdp_per_capita,1975,161.086694022079,166.699661755332,-3.367114050591919
India,IND,Developing,gdp_per_capita,1976,164.119999587322,161.086694022079,1.8830267662127687
India,IND,Developing,gdp_per_capita,1977,189.585568552477,164.119999587322,15.516432506207591
India,IND,Developing,gdp_per_capita,1978,209.389063573463,189.585568552477,10.445676415240653
India,IND,Developing,gdp_per_capita,1979,227.958179873426,209.389063573463,8.868235992396095
India,IND,Developing,gdp_per_capita,1980,271.080945953678,227.958179873426,18.91696367473892
India,IND,Developing,gdp_per_capita,1981,274.964330768528,271.080945953678,1.4325554314369178
India,IND,Developing,gdp_per_capita,1982,278.65038258267,274.964330768528,1.3405563564697427
India,IND,Developing,gdp_per_capita,1983,295.999773299382,278.65038258267,6.2262217463723815
India,IND,Developing,gdp_per_capita,1984,281.049867840717,295.999773299382,-5.050647604227815
India,IND,Developing,gdp_per_capita,1985,300.928258576378,281.049867840717,7.072905206604456
India,IND,Developing,gdp_per_capita,1986,314.897116402542,300.928258576378,4.64192292616433
India,IND,Developing,gdp_per_capita,1987,344.941028293075,314.897116402542,9.540865992601542
India,IND,Developing,gdp_per_capita,1988,358.484539641693,344.941028293075,3.92632660012566
India,IND,Developing,gdp_per_capita,1989,349.915155021864,358.484539641693,-2.3904474732422627
India,IND,Developing,gdp_per_capita,1990,371.085936203765,349.915155021864,6.050261292792017
India,IND,Developing,gdp_per_capita,1991,305.574055928592,371.085936203765,-17.654099464227652
India,IND,Developing,gdp_per_capita,1992,319.182472626315,305.574055928592,4.453394008326128
India,IND,Developing,gdp_per_capita,1993,302.884806246174,319.182472626315,-5.106065582498835
India,IND,Developing,gdp_per_capita,1994,347.73421473994,302.884806246174,14.807414425837532
India,IND,Developing,gdp_per_capita,1995,375.17600537305,347.73421473994,7.891599235822355
India,IND,Developing,gdp_per_capita,1996,401.046754673579,375.17600537305,6.8956300323110735
India,IND,Developing,gdp_per_capita,1997,416.228116203753,401.046754673579,3.785434329852751
India,IND,Developing,gdp_per_capita,1998,413.630864056851,416.228116203753,-0.6239972855727494
India,IND,Developing,gdp_per_capita,1999,441.927991436397,413.630864056851,6.841154719938097
India,IND,Developing,gdp_per_capita,2000,442.750218937263,441.927991436397,0.18605463260960753
India,IND,Developing,gdp_per_capita,2001,450.357900514128,442.750218937263,1.7182784449267514
India,IND,Developing,gdp_per_capita,2002,469.149928973927,450.357900514128,4.172687642061132
India,IND,Developing,gdp_per_capita,2003,544.143133545002,469.149928973927,15.984912272094315
India,IND,Developing,gdp_per_capita,2004,624.258826510066,544.143133545002,14.723275554930481
India,IND,Developing,gdp_per_capita,2005,710.488080408949,624.258826510066,13.813061223491182
India,IND,Developing,gdp_per_capita,2006,801.668353659022,710.488080408949,12.833469802560327
India,IND,Developing,gdp_per_capita,2007,1021.88707706826,801.668353659022,27.47005322139794
India,IND,Developing,gdp_per_capita,2008,992.519584923828,1021.88707706826,-2.873849058614757
India,IND,Developing,gdp_per_capita,2009,1094.94974598436,992.519584923828,10.320215602435011
India,IND,Developing,gdp_per_capita,2010,1347.51939071367,1094.94974598436,23.06677960843305
India,IND,Developing,gdp_per_capita,2011,1445.46127486037,1347.51939071367,7.268309815922444
India,IND,Developing,gdp_per_capita,2012,1429.32199520032,1445.46127486037,-1.1165487405817143
India,IND,Developing,gdp_per_capita,2013,1432.84397512195,1429.32199520032,0.2464091319840325
India,IND,Developing,gdp_per_capita,2014,1553.88396075118,1432.84397512195,8.44753425570486
India,IND,Developing,gdp_per_capita,2015,1583.99815907985,1553.88396075118,1.9379953129905636
India,IND,Developing,gdp_per_capita,2016,1707.50892912243,1583.99815907985,7.797406160770272
India,IND,Developing,gdp_per_capita,2017,1950.10468280866,1707.50892912243,14.207583313248714
India,IND,Developing,gdp_per_capita,2018,1966.25455171679,1950.10468280866,0.8281539473496339
India,IND,Developing,gdp_per_capita,2019,2041.42863698585,1966.25455171679,3.8232122694095474
India,IND,Developing,gdp_per_capita,2020,1907.04251637669,2041.42863698585,-6.58294481493999
India,IND,Developing,gdp_per_capita,2021,2239.61384367482,1907.04251637669,17.439114463478422
India,IND,Developing,gdp_per_capita,2022,2279.98145719369,2239.61384367482,1.8024363277123483
India,IND,Developing,gdp_per_capita,2023,2434.44826340989,2279.98145719369,6.774915020858333
India,IND,Developing,gdp_per_capita,2024,2591.9916607122,2434.44826340989,6.471421047233171
India,IND,Developing,gdp_per_capita,2025,2702.47987141553,2591.9916607122,4.262676164358152
India,IND,Developing,population,1960,435990338.0,,
India,IND,Developing,population,1961,446564729.0,435990338.0,2.4253727842932156
India,IND,Developing,population,1962,457283090.0,446564729.0,2.4001808257454207
India,IND,Developing,population,1963,468138575.0,457283090.0,2.373909124870548
India,IND,Developing,population,1964,479229598.0,468138575.0,2.36917519561382
India,IND,Developing,population,1965,490140146.0,479229598.0,2.2766849221195224
India,IND,Developing,population,1966,500740247.0,490140146.0,2.1626673690181666
India,IND,Developing,population,1967,511606372.0,500740247.0,2.1700123097954216
India,IND,Developing,population,1968,522716889.0,511606372.0,2.1716924589047144
India,IND,Developing,population,1969,533880544.0,522716889.0,2.135698163753037
India,IND,Developing,population,1970,545864268.0,533880544.0,2.244645199132786
India,IND,Developing,population,1971,558096387.0,545864268.0,2.24087190114448
India,IND,Developing,population,1972,570482142.0,558096387.0,2.2192860030108026
India,IND,Developing,population,1973,583465598.0,570482142.0,2.2758742200908366
India,IND,Developing,population,1974,597041391.0,583465598.0,2.3267512337548304
India,IND,Developing,population,1975,611309535.0,597041391.0,2.3898081799826167
India,IND,Developing,population,1976,625861883.0,611309535.0,2.3805203692757715
India,IND,Developing,population,1977,640801103.0,625861883.0,2.3869835191736706
India,IND,Developing,population,1978,655728229.0,640801103.0,2.3294476133259714
India,IND,Developing,population,1979,671155747.0,655728229.0,2.352730493779001
India,IND,Developing,population,1980,687354025.0,671155747.0,2.4134901730939062
India,IND,Developing,population,1981,703696250.0,687354025.0,2.377555729014608
India,IND,Developing,population,1982,720313473.0,703696250.0,2.3614198597761464
India,IND,Developing,population,1983,737372681.0,720313473.0,2.368303334512251
India,IND,Developing,population,1984,754875449.0,737372681.0,2.3736664580878335
India,IND,Developing,population,1985,772647793.0,754875449.0,2.3543412391465917
India,IND,Developing,population,1986,790689978.0,772647793.0,2.3351111804702973
India,IND,Developing,population,1987,808931270.0,790689978.0,2.307009385162588
India,IND,Developing,population,1988,827342990.0,808931270.0,2.276054923677261
India,IND,Developing,population,1989,846039529.0,827342990.0,2.259829263797836
India,IND,Developing,population,1990,864972221.0,846039529.0,2.237802295405514
India,IND,Developing,population,1991,883927600.0,864972221.0,2.1914436718078143
India,IND,Developing,population,1992,902957070.0,883927600.0,2.152831295232777
India,IND,Developing,population,1993,922118387.0,902957070.0,2.1220629016172383
India,IND,Developing,population,1994,941163767.0,922118387.0,2.0653942344606993
India,IND,Developing,population,1995,960301044.0,941163767.0,2.0333631266958876
India,IND,Developing,population,1996,979678458.0,960301044.0,2.0178478531363546
India,IND,Developing,population,1997,999133762.0,979678458.0,1.985886679566042
India,IND,Developing,population,1998,1018665080.0,999133762.0,1.9548251438229347
India,IND,Developing,population,1999,1038225823.0,1018665080.0,1.9202329974833336
India,IND,Developing,population,2000,1057922733.0,1038225823.0,1.8971701111310155
India,IND,Developing,population,2001,1077898575.0,1057922733.0,1.8882137018980192
India,IND,Developing,population,2002,1097600380.0,1077898575.0,1.8277976663991786
India,IND,Developing,population,2003,1116803006.0,1097600380.0,1.7495097805997477
India,IND,Developing,population,2004,1135991513.0,1116803006.0,1.7181639820908576
India,IND,Developing,population,2005,1154676322.0,1135991513.0,1.6448018128811495
India,IND,Developing,population,2006,1172878890.0,1154676322.0,1.5764216909264723
India,IND,Developing,population,2007,1190676021.0,1172878890.0,1.517388636775618
India,IND,Developing,population,2008,1207930964.0,1190676021.0,1.4491719574152742
India,IND,Developing,population,2009,1225524753.0,1207930964.0,1.456522725581857
India,IND,Developing,population,2010,1243481564.0,1225524753.0,1.4652344602622647
India,IND,Developing,population,2011,1261224954.0,1243481564.0,1.426912188623329
India,IND,Developing,population,2012,1278674502.0,1261224954.0,1.3835397043690274
India,IND,Developing,population,2013,1295829511.0,1278674502.0,1.341624390974209
India,IND,Developing,population,2014,1312277191.0,1295829511.0,1.269278084839048
India,IND,Developing,population,2015,1328024498.0,1312277191.0,1.1999985298837674
India,IND,Developing,population,2016,1343944296.0,1328024498.0,1.198757856046719
India,IND,Developing,population,2017,1359657400.0,1343944296.0,1.1691782201663514
India,IND,Developing,population,2018,1374659064.0,1359657400.0,1.1033414741095808
India,IND,Developing,population,2019,1389030312.0,1374659064.0,1.0454408934083164
India,IND,Developing,population,2020,1402617695.0,1389030312.0,0.9781919719546048
India,IND,Developing,population,2021,1414203896.0,1402617695.0,0.8260412685011792
India,IND,Developing,population,2022,1425423212.0,1414203896.0,0.7933308649292534
India,IND,Developing,population,2023,1438069596.0,1425423212.0,0.887202052943698
India,IND,Developing,population,2024,1450935791.0,1438069596.0,0.894685141511051
India,IND,Developing,population,2025,1463865525.0,1450935791.0,0.8911306813300603
India,IND,Developing,unemployment,1960,,,
India,IND,Developing,unemployment,1961,,,
India,IND,Developing,unemployment,1962,,,
India,IND,Developing,unemployment,1963,,,
India,IND,Developing,unemployment,1964,,,
India,IND,Developing,unemployment,1965,,,
India,IND,Developing,unemployment,1966,,,
India,IND,Developing,unemployment,1967,,,
India,IND,Developing,unemployment,1968,,,
India,IND,Developing,unemployment,1969,,,
India,IND,Developing,unemployment,1970,,,
India,IND,Developing,unemployment,1971,,,
India,IND,Developing,unemployment,1972,,,
India,IND,Developing,unemployment,1973,,,
India,IND,Developing,unemployment,1974,,,
India,IND,Developing,unemployment,1975,,,
India,IND,Developing,unemployment,1976,,,
India,IND,Developing,unemployment,1977,,,
India,IND,Developing,unemployment,1978,,,
India,IND,Developing,unemployment,1979,,,
India,IND,Developing,unemployment,1980,,,
India,IND,Developing,unemployment,1981,,,
India,IND,Developing,unemployment,1982,,,
India,IND,Developing,unemployment,1983,,,
India,IND,Developing,unemployment,1984,,,
India,IND,Developing,unemployment,1985,,,
India,IND,Developing,unemployment,1986,,,
India,IND,Developing,unemployment,1987,,,
India,IND,Developing,unemployment,1988,,,
India,IND,Developing,unemployment,1989,,,
India,IND,Developing,unemployment,1990,,,
India,IND,Developing,unemployment,1991,7.641,,
India,IND,Developing,unemployment,1992,7.649,7.641,0.1046983379138857
India,IND,Developing,unemployment,1993,7.662,7.649,0.16995685710550268
India,IND,Developing,unemployment,1994,7.593,7.662,-0.9005481597494122
India,IND,Developing,unemployment,1995,7.57,7.593,-0.3029105755300894
India,IND,Developing,unemployment,1996,7.537,7.57,-0.4359313077939282
India,IND,Developing,unemployment,1997,7.574,7.537,0.4909115032506292
India,IND,Developing,unemployment,1998,7.596,7.574,0.2904673884341199
India,IND,Developing,unemployment,1999,7.583,7.596,-0.17114270668772907
India,IND,Developing,unemployment,2000,7.589,7.583,0.07912435711460145
India,IND,Developing,unemployment,2001,7.611,7.589,0.28989326657002706
India,IND,Developing,unemployment,2002,7.681,7.611,0.9197214557876796
India,IND,Developing,unemployment,2003,7.633,7.681,-0.624918630386669
India,IND,Developing,unemployment,2004,7.598,7.633,-0.45853530721865776
India,IND,Developing,unemployment,2005,7.551,7.598,-0.6185838378520625
India,IND,Developing,unemployment,2006,7.553,7.551,0.02648655807177565
India,IND,Developing,unemployment,2007,7.562,7.553,0.1191579504832562
India,IND,Developing,unemployment,2008,7.629,7.562,0.8860089923300618
India,IND,Developing,unemployment,2009,7.636,7.629,0.09175514484205743
India,IND,Developing,unemployment,2010,7.631,7.636,-0.06547930853850044
India,IND,Developing,unemployment,2011,7.609,7.631,-0.28829773293146693
India,IND,Developing,unemployment,2012,7.645,7.609,0.47312393218556426
India,IND,Developing,unemployment,2013,7.678,7.645,0.43165467625899756
India,IND,Developing,unemployment,2014,7.656,7.678,-0.2865329512894014
India,IND,Developing,unemployment,2015,7.629,7.656,-0.3526645768025096
India,IND,Developing,unemployment,2016,7.611,7.629,-0.23594180102241177
India,IND,Developing,unemployment,2017,7.626,7.611,0.19708316909736656
India,IND,Developing,unemployment,2018,7.652,7.626,0.34093889325989774
India,IND,Developing,unemployment,2019,6.51,7.652,-14.924202822791433
India,IND,Developing,unemployment,2020,7.859,6.51,20.721966205837177
India,IND,Developing,unemployment,2021,6.38,7.859,-18.81918819188192
India,IND,Developing,unemployment,2022,4.822,6.38,-24.420062695924763
India,IND,Developing,unemployment,2023,4.172,4.822,-13.479883865615935
India,IND,Developing,unemployment,2024,4.173,4.172,0.0239693192713407
India,IND,Developing,unemployment,2025,4.219,4.173,1.1023244668104544
Japan,JPN,Developed,gdp,1960,48417804544.9319,,
Japan,JPN,Developed,gdp,1961,58472696006.0531,48417804544.9319,20.766929759878362
Japan,JPN,Developed,gdp,1962,66356388224.3747,58472696006.0531,13.482689796799315
Japan,JPN,Developed,gdp,1963,75945582324.0881,66356388224.3747,14.451048883626552
Japan,JPN,Developed,gdp,1964,89332989729.3394,75945582324.0881,17.627631516632842
Japan,JPN,Developed,gdp,1965,99387878007.5325,89332989729.3394,11.255515245439948
Japan,JPN,Developed,gdp,1966,115427351851.278,99387878007.5325,16.138259680451057
Japan,JPN,Developed,gdp,1967,135265319098.216,115427351851.278,17.18653935030769
Japan,JPN,Developed,gdp,1968,160201483788.149,135265319098.216,18.435002302272956
Japan,JPN,Developed,gdp,1969,188179852752.982,160201483788.149,17.464488032977087
Japan,JPN,Developed,gdp,1970,221798003144.444,188179852752.982,17.86490418588622
Japan,JPN,Developed,gdp,1971,250530994765.279,221798003144.444,12.954576332286852
Japan,JPN,Developed,gdp,1972,331776379991.589,250530994765.279,32.429274989479175
Japan,JPN,Developed,gdp,1973,450756970744.018,331776379991.589,35.86168212319556
Japan,JPN,Developed,gdp,1974,500355087138.052,450756970744.018,11.003294372168556
Japan,JPN,Developed,gdp,1975,544082569363.602,500355087138.052,8.739290026142019
Japan,JPN,Developed,gdp,1976,611495350303.909,544082569363.602,12.390174715421944
Japan,JPN,Developed,gdp,1977,752590681821.906,611495350303.909,23.073819195497318
Japan,JPN,Developed,gdp,1978,1057419758047.0,752590681821.906,40.50396631102976
Japan,JPN,Developed,gdp,1979,1100608979757.23,1057419758047.0,4.084397078980087
Japan,JPN,Developed,gdp,1980,1153159955513.08,1100608979757.23,4.774718062671239
Japan,JPN,Developed,gdp,1981,1271443597066.78,1153159955513.08,10.257349033688179
Japan,JPN,Developed,gdp,1982,1183132285328.17,1271443597066.78,-6.945751423212503
Japan,JPN,Developed,gdp,1983,1297622008229.49,1183132285328.17,9.676831941879062
Japan,JPN,Developed,gdp,1984,1374165212365.14,1297622008229.49,5.8987288786884475
Japan,JPN,Developed,gdp,1985,1457070301468.38,1374165212365.14,6.033123845461651
Japan,JPN,Developed,gdp,1986,2164729071349.48,1457070301468.38,48.56723585457397
Japan,JPN,Developed,gdp,1987,2635094473494.08,2164729071349.48,21.728603748614923
Japan,JPN,Developed,gdp,1988,3191546727316.14,2635094473494.08,21.116975479221285
Japan,JPN,Developed,gdp,1989,3174934735895.64,3191546727316.14,-0.5204997087562456
Japan,JPN,Developed,gdp,1990,3252994239867.4,3174934735895.64,2.458617592646023
Japan,JPN,Developed,gdp,1991,3724887648862.31,3252994239867.4,14.50643235735166
Japan,JPN,Developed,gdp,1992,4064529567505.43,3724887648862.31,9.118178873042163
Japan,JPN,Developed,gdp,1993,4632480515091.13,4064529567505.43,13.973350129527407
Japan,JPN,Developed,gdp,1994,5104063486348.4,4632480515091.13,10.179923471259189
Japan,JPN,Developed,gdp,1995,5639649753985.77,5104063486348.4,10.493330834733475
Japan,JPN,Developed,gdp,1996,5021441618840.38,5639649753985.77,-10.961817880773125
Japan,JPN,Developed,gdp,1997,4579780793431.57,5021441618840.38,-8.795498562637952
Japan,JPN,Developed,gdp,1998,4150359076370.48,4579780793431.57,-9.376468796868554
Japan,JPN,Developed,gdp,1999,4688983449627.24,4150359076370.48,12.97777766563252
Japan,JPN,Developed,gdp,2000,5042381838343.44,4688983449627.24,7.536780466655182
Japan,JPN,Developed,gdp,2001,4438792748062.4,5042381838343.44,-11.970316997638074
Japan,JPN,Developed,gdp,2002,4245946980572.3,4438792748062.4,-4.344554441616601
Japan,JPN,Developed,gdp,2003,4573413206709.02,4245946980572.3,7.712442657316965
Japan,JPN,Developed,gdp,2004,4941485123806.53,4573413206709.02,8.04807920171227
Japan,JPN,Developed,gdp,2005,4875648486366.14,4941485123806.53,-1.3323249142896392
Japan,JPN,Developed,gdp,2006,4648058930707.24,4875648486366.14,-4.6678827707803805
Japan,JPN,Developed,gdp,2007,4624670179654.96,4648058930707.24,-0.5031939439873127
Japan,JPN,Developed,gdp,2008,5160197175876.43,4624670179654.96,11.579787864167745
Japan,JPN,Developed,gdp,2009,5336765697589.29,5160197175876.43,3.421739823011147
Japan,JPN,Developed,gdp,2010,5811578109447.07,5336765697589.29,8.897006890751477
Japan,JPN,Developed,gdp,2011,6279422550218.7,5811578109447.07,8.050213418126836
Japan,JPN,Developed,gdp,2012,6333803928787.76,6279422550218.7,0.8660251501496037
Japan,JPN,Developed,gdp,2013,5272297037396.96,6333803928787.76,-16.759389828380176
Japan,JPN,Developed,gdp,2014,4985763289560.81,5272297037396.96,-5.434704186879765
Japan,JPN,Developed,gdp,2015,4534438580494.94,4985763289560.81,-9.052269088082316
Japan,JPN,Developed,gdp,2016,5110357383254.44,4534438580494.94,12.700994677419086
Japan,JPN,Developed,gdp,2017,5038231631660.71,5110357383254.44,-1.4113641411865105
Japan,JPN,Developed,gdp,2018,5154293721629.56,5038231631660.71,2.3036275116750247
Japan,JPN,Developed,gdp,2019,5245755000479.03,5154293721629.56,1.7744677309649843
Japan,JPN,Developed,gdp,2020,5189197543645.38,5245755000479.03,-1.078156658640857
Japan,JPN,Developed,gdp,2021,5225933520753.1,5189197543645.38,0.7079317524287758
Japan,JPN,Developed,gdp,2022,4447976207314.78,5225933520753.1,-14.88647550430778
Japan,JPN,Developed,gdp,2023,4384854269961.93,4447976207314.78,-1.4191158947533236
Japan,JPN,Developed,gdp,2024,4190008188358.57,4384854269961.93,-4.443615901630683
Japan,JPN,Developed,gdp,2025,4435162999976.94,4190008188358.57,5.850938723688024
Japan,JPN,Developed,gdp_per_capita,1960,519.415170624485,,
Japan,JPN,Developed,gdp_per_capita,1961,621.68620494448,519.415170624485,19.68965099672312
Japan,JPN,Developed,gdp_per_capita,1962,698.981262831415,621.68620494448,12.433130616729375
Japan,JPN,Developed,gdp_per_capita,1963,791.924737477456,698.981262831415,13.296990862036553
Japan,JPN,Developed,gdp_per_capita,1964,921.88053754104,791.924737477456,16.410120042156592
Japan,JPN,Developed,gdp_per_capita,1965,1014.65899631996,921.88053754104,10.064043550196953
Japan,JPN,Developed,gdp_per_capita,1966,1167.69027982801,1014.65899631996,15.082040770650549
Japan,JPN,Developed,gdp_per_capita,1967,1354.29188416199,1167.69027982801,15.980402299954466
Japan,JPN,Developed,gdp_per_capita,1968,1585.98057427556,1354.29188416199,17.107736731135656
Japan,JPN,Developed,gdp_per_capita,1969,1840.94789376713,1585.98057427556,16.076320456070732
Japan,JPN,Developed,gdp_per_capita,1970,2144.98615266911,1840.94789376713,16.515310396962246
Japan,JPN,Developed,gdp_per_capita,1971,2370.27536037237,2144.98615266911,10.503061170018347
Japan,JPN,Developed,gdp_per_capita,1972,3095.27540388466,2370.27536037237,30.58716534092447
Japan,JPN,Developed,gdp_per_capita,1973,4146.53123298424,3095.27540388466,33.963240485167276
Japan,JPN,Developed,gdp_per_capita,1974,4541.99349265674,4146.53123298424,9.53718270651703
Japan,JPN,Developed,gdp_per_capita,1975,4876.47163169944,4541.99349265674,7.3641263375534685
Japan,JPN,Developed,gdp_per_capita,1976,5422.25981204974,4876.47163169944,11.192276333618159
Japan,JPN,Developed,gdp_per_capita,1977,6609.09338399173,5422.25981204974,21.888172331848104
Japan,JPN,Developed,gdp_per_capita,1978,9201.91586719521,6609.09338399173,39.231137049503744
Japan,JPN,Developed,gdp_per_capita,1979,9497.01423554433,9201.91586719521,3.2069231300097396
Japan,JPN,Developed,gdp_per_capita,1980,9872.35315959728,9497.01423554433,3.95217817667552
Japan,JPN,Developed,gdp_per_capita,1981,10805.9900652449,9872.35315959728,9.457085768249657
Japan,JPN,Developed,gdp_per_capita,1982,9985.92408278337,10805.9900652449,-7.5889944143026105
Japan,JPN,Developed,gdp_per_capita,1983,10876.3275267125,9985.92408278337,8.916585351016892
Japan,JPN,Developed,gdp_per_capita,1984,11443.4617086944,10876.3275267125,5.214390432698968
Japan,JPN,Developed,gdp_per_capita,1985,12058.1469373485,11443.4617086944,5.371497229610864
Japan,JPN,Developed,gdp_per_capita,1986,17819.3400779496,12058.1469373485,47.7784287298455
Japan,JPN,Developed,gdp_per_capita,1987,21586.9260294922,17819.3400779496,21.143240631030817
Japan,JPN,Developed,gdp_per_capita,1988,26036.864097278,21586.9260294922,20.61404232221979
Japan,JPN,Developed,gdp_per_capita,1989,25798.0054757546,26036.864097278,-0.9173862898042853
Japan,JPN,Developed,gdp_per_capita,1990,26344.7273187725,25798.0054757546,2.119240743365685
Japan,JPN,Developed,gdp_per_capita,1991,30048.1401766828,26344.7273187725,14.057510685530428
Japan,JPN,Developed,gdp_per_capita,1992,32666.5024513195,30048.1401766828,8.713891306552595
Japan,JPN,Developed,gdp_per_capita,1993,37110.6114371751,32666.5024513195,13.60448365256836
Japan,JPN,Developed,gdp_per_capita,1994,40774.4450809919,37110.6114371751,9.872738556246466
Japan,JPN,Developed,gdp_per_capita,1995,44947.4763611465,40774.4450809919,10.234428137196092
Japan,JPN,Developed,gdp_per_capita,1996,39929.7185750327,44947.4763611465,-11.163602925772393
Japan,JPN,Developed,gdp_per_capita,1997,36331.0311480645,39929.7185750327,-9.012553945768067
Japan,JPN,Developed,gdp_per_capita,1998,32835.1192750829,36331.0311480645,-9.622385499421325
Japan,JPN,Developed,gdp_per_capita,1999,37028.7168989208,32835.1192750829,12.771683844682222
Japan,JPN,Developed,gdp_per_capita,2000,39752.937397755,37028.7168989208,7.357048061564335
Japan,JPN,Developed,gdp_per_capita,2001,34910.166403687,39752.937397755,-12.182171459715804
Japan,JPN,Developed,gdp_per_capita,2002,33315.9165174962,34910.166403687,-4.566720959606828
Japan,JPN,Developed,gdp_per_capita,2003,35808.6816792388,33315.9165174962,7.482204970808751
Japan,JPN,Developed,gdp_per_capita,2004,38677.5708064787,35808.6816792388,8.011713899267152
Japan,JPN,Developed,gdp_per_capita,2005,38158.6758263963,38677.5708064787,-1.3415914424374529
Japan,JPN,Developed,gdp_per_capita,2006,36354.4271646349,38158.6758263963,-4.728279015681427
Japan,JPN,Developed,gdp_per_capita,2007,36129.9535132925,36354.4271646349,-0.6174589144971165
Japan,JPN,Developed,gdp_per_capita,2008,40294.2081309702,36129.9535132925,11.525767992327014
Japan,JPN,Developed,gdp_per_capita,2009,41678.1783063195,40294.2081309702,3.4346627953350564
Japan,JPN,Developed,gdp_per_capita,2010,45378.1378109399,41678.1783063195,8.877450154915687
Japan,JPN,Developed,gdp_per_capita,2011,49122.077634247,45378.1378109399,8.250536500430162
Japan,JPN,Developed,gdp_per_capita,2012,49626.6830327571,49122.077634247,1.0272476711333176
Japan,JPN,Developed,gdp_per_capita,2013,41369.1948479498,49626.6830327571,-16.639210360597293
Japan,JPN,Developed,gdp_per_capita,2014,39172.8471161948,41369.1948479498,-5.309138212207323
Japan,JPN,Developed,gdp_per_capita,2015,35664.6446110613,39172.8471161948,-8.955699581211027
Japan,JPN,Developed,gdp_per_capita,2016,40214.9688631562,35664.6446110613,12.758641791382457
Japan,JPN,Developed,gdp_per_capita,2017,39679.8635262948,40214.9688631562,-1.3306123366208777
Japan,JPN,Developed,gdp_per_capita,2018,40645.478086519,39679.8635262948,2.433512805769376
Japan,JPN,Developed,gdp_per_capita,2019,41424.8655601543,40645.478086519,1.9175256641742011
Japan,JPN,Developed,gdp_per_capita,2020,41098.9739004553,41424.8655601543,-0.7867054130224392
Japan,JPN,Developed,gdp_per_capita,2021,41580.739040705,41098.9739004553,1.1722072220502868
Japan,JPN,Developed,gdp_per_capita,2022,35548.2645222433,41580.739040705,-14.507857863123297
Japan,JPN,Developed,gdp_per_capita,2023,35215.003535366,35548.2645222433,-0.937488767331444
Japan,JPN,Developed,gdp_per_capita,2024,33797.1014287876,35215.003535366,-4.0264147784463935
Japan,JPN,Developed,gdp_per_capita,2025,35951.0449549304,33797.1014287876,6.373160522896559
Japan,JPN,Developed,population,1960,93216000.0,,
Japan,JPN,Developed,population,1961,94055000.0,93216000.0,0.9000600755235153
Japan,JPN,Developed,population,1962,94933000.0,94055000.0,0.9334963585136355
Japan,JPN,Developed,population,1963,95900000.0,94933000.0,1.018613127152834
Japan,JPN,Developed,population,1964,96903000.0,95900000.0,1.0458811261730971
Japan,JPN,Developed,population,1965,97952000.0,96903000.0,1.082525824793866
Japan,JPN,Developed,population,1966,98851000.0,97952000.0,0.917796471741261
Japan,JPN,Developed,population,1967,99879000.0,98851000.0,1.039949014172846
Japan,JPN,Developed,population,1968,101011000.0,99879000.0,1.1333713793690365
Japan,JPN,Developed,population,1969,102219000.0,101011000.0,1.195909356406728
Japan,JPN,Developed,population,1970,103403000.0,102219000.0,1.1582973811131003
Japan,JPN,Developed,population,1971,105697000.0,103403000.0,2.2185042987147376
Japan,JPN,Developed,population,1972,107188000.0,105697000.0,1.4106360634644313
Japan,JPN,Developed,population,1973,108707000.0,107188000.0,1.4171362465947681
Japan,JPN,Developed,population,1974,110162000.0,108707000.0,1.33846026474836
Japan,JPN,Developed,population,1975,111573000.0,110162000.0,1.280840943337993
Japan,JPN,Developed,population,1976,112775000.0,111573000.0,1.077321574215984
Japan,JPN,Developed,population,1977,113872000.0,112775000.0,0.9727333185546442
Japan,JPN,Developed,population,1978,114913000.0,113872000.0,0.9141843473373613
Japan,JPN,Developed,population,1979,115890000.0,114913000.0,0.8502084185427237
Japan,JPN,Developed,population,1980,116807000.0,115890000.0,0.7912675813271205
Japan,JPN,Developed,population,1981,117661000.0,116807000.0,0.7311205664044107
Japan,JPN,Developed,population,1982,118480000.0,117661000.0,0.696067515999354
Japan,JPN,Developed,population,1983,119307000.0,118480000.0,0.6980081026333559
Japan,JPN,Developed,population,1984,120083000.0,119307000.0,0.6504228586755179
Japan,JPN,Developed,population,1985,120837000.0,120083000.0,0.6278990364997543
Japan,JPN,Developed,population,1986,121482000.0,120837000.0,0.5337769060800914
Japan,JPN,Developed,population,1987,122069000.0,121482000.0,0.4831991570767686
Japan,JPN,Developed,population,1988,122578000.0,122069000.0,0.4169772833397505
Japan,JPN,Developed,population,1989,123069000.0,122578000.0,0.40056127526962426
Japan,JPN,Developed,population,1990,123478000.0,123069000.0,0.3323338939944259
Japan,JPN,Developed,population,1991,123964000.0,123478000.0,0.3935923808289736
Japan,JPN,Developed,population,1992,124425000.0,123964000.0,0.3718821593365816
Japan,JPN,Developed,population,1993,124829000.0,124425000.0,0.3246935905163753
Japan,JPN,Developed,population,1994,125178000.0,124829000.0,0.2795824688173421
Japan,JPN,Developed,population,1995,125472000.0,125178000.0,0.23486555145472848
Japan,JPN,Developed,population,1996,125757000.0,125472000.0,0.2271423106350421
Japan,JPN,Developed,population,1997,126057000.0,125757000.0,0.23855530904840286
Japan,JPN,Developed,population,1998,126400000.0,126057000.0,0.27209912975875994
Japan,JPN,Developed,population,1999,126631000.0,126400000.0,0.18275316455696203
Japan,JPN,Developed,population,2000,126843000.0,126631000.0,0.16741556175028233
Japan,JPN,Developed,population,2001,127149000.0,126843000.0,0.24124311156311345
Japan,JPN,Developed,population,2002,127445000.0,127149000.0,0.23279774123272698
Japan,JPN,Developed,population,2003,127718000.0,127445000.0,0.2142100513947193
Japan,JPN,Developed,population,2004,127761000.0,127718000.0,0.033667924646486797
Japan,JPN,Developed,population,2005,127773000.0,127761000.0,0.009392537628853876
Japan,JPN,Developed,population,2006,127854000.0,127773000.0,0.06339367472001127
Japan,JPN,Developed,population,2007,128001000.0,127854000.0,0.11497489323759914
Japan,JPN,Developed,population,2008,128063000.0,128001000.0,0.048437121584987614
Japan,JPN,Developed,population,2009,128047000.0,128063000.0,-0.012493850682867026
Japan,JPN,Developed,population,2010,128070000.0,128047000.0,0.017962154521386678
Japan,JPN,Developed,population,2011,127833000.0,128070000.0,-0.18505504802061373
Japan,JPN,Developed,population,2012,127629000.0,127833000.0,-0.1595832062143578
Japan,JPN,Developed,population,2013,127445000.0,127629000.0,-0.14416786153617123
Japan,JPN,Developed,population,2014,127276000.0,127445000.0,-0.13260622229196908
Japan,JPN,Developed,population,2015,127141000.0,127276000.0,-0.1060687010905434
Japan,JPN,Developed,population,2016,127076000.0,127141000.0,-0.05112434226567354
Japan,JPN,Developed,population,2017,126972000.0,127076000.0,-0.08184078818974472
Japan,JPN,Developed,population,2018,126811000.0,126972000.0,-0.12679960936269413
Japan,JPN,Developed,population,2019,126633000.0,126811000.0,-0.14036637200242882
Japan,JPN,Developed,population,2020,126261000.0,126633000.0,-0.2937622894506171
Japan,JPN,Developed,population,2021,125681593.0,126261000.0,-0.45889625458375904
Japan,JPN,Developed,population,2022,125124989.0,125681593.0,-0.44286835224948173
Japan,JPN,Developed,population,2023,124516650.0,125124989.0,-0.4861850577265585
Japan,JPN,Developed,population,2024,123975371.0,124516650.0,-0.43470411386750285
Japan,JPN,Developed,population,2025,123366734.0,123975371.0,-0.4909338000690476
Japan,JPN,Developed,unemployment,1960,,,
Japan,JPN,Developed,unemployment,1961,,,
Japan,JPN,Developed,unemployment,1962,,,
Japan,JPN,Developed,unemployment,1963,,,
Japan,JPN,Developed,unemployment,1964,,,
Japan,JPN,Developed,unemployment,1965,,,
Japan,JPN,Developed,unemployment,1966,,,
Japan,JPN,Developed,unemployment,1967,,,
Japan,JPN,Developed,unemployment,1968,,,
Japan,JPN,Developed,unemployment,1969,,,
Japan,JPN,Developed,unemployment,1970,,,
Japan,JPN,Developed,unemployment,1971,,,
Japan,JPN,Developed,unemployment,1972,,,
Japan,JPN,Developed,unemployment,1973,,,
Japan,JPN,Developed,unemployment,1974,,,
Japan,JPN,Developed,unemployment,1975,,,
Japan,JPN,Developed,unemployment,1976,,,
Japan,JPN,Developed,unemployment,1977,,,
Japan,JPN,Developed,unemployment,1978,,,
Japan,JPN,Developed,unemployment,1979,,,
Japan,JPN,Developed,unemployment,1980,,,
Japan,JPN,Developed,unemployment,1981,,,
Japan,JPN,Developed,unemployment,1982,,,
Japan,JPN,Developed,unemployment,1983,,,
Japan,JPN,Developed,unemployment,1984,,,
Japan,JPN,Developed,unemployment,1985,,,
Japan,JPN,Developed,unemployment,1986,,,
Japan,JPN,Developed,unemployment,1987,,,
Japan,JPN,Developed,unemployment,1988,,,
Japan,JPN,Developed,unemployment,1989,,,
Japan,JPN,Developed,unemployment,1990,,,
Japan,JPN,Developed,unemployment,1991,2.059,,
Japan,JPN,Developed,unemployment,1992,2.158,2.059,4.808159300631362
Japan,JPN,Developed,unemployment,1993,2.539,2.158,17.655236329935136
Japan,JPN,Developed,unemployment,1994,2.89,2.539,13.824340291453327
Japan,JPN,Developed,unemployment,1995,3.15,2.89,8.996539792387535
Japan,JPN,Developed,unemployment,1996,3.383,3.15,7.3968253968254
Japan,JPN,Developed,unemployment,1997,3.374,3.383,-0.2660360626662695
Japan,JPN,Developed,unemployment,1998,4.078,3.374,20.865441612329583
Japan,JPN,Developed,unemployment,1999,4.677,4.078,14.688572829818519
Japan,JPN,Developed,unemployment,2000,4.748,4.677,1.5180671370536802
Japan,JPN,Developed,unemployment,2001,5.02,4.748,5.728727885425428
Japan,JPN,Developed,unemployment,2002,5.386,5.02,7.290836653386466
Japan,JPN,Developed,unemployment,2003,5.251,5.386,-2.50649832900111
Japan,JPN,Developed,unemployment,2004,4.734,5.251,-9.845743667872792
Japan,JPN,Developed,unemployment,2005,4.446,4.734,-6.083650190114074
Japan,JPN,Developed,unemployment,2006,4.192,4.446,-5.7130004498425455
Japan,JPN,Developed,unemployment,2007,3.888,4.192,-7.251908396946572
Japan,JPN,Developed,unemployment,2008,4.002,3.888,2.932098765432096
Japan,JPN,Developed,unemployment,2009,5.068,4.002,26.636681659170414
Japan,JPN,Developed,unemployment,2010,5.102,5.068,0.6708760852407399
Japan,JPN,Developed,unemployment,2011,4.55,5.102,-10.819286554292443
Japan,JPN,Developed,unemployment,2012,4.358,4.55,-4.219780219780224
Japan,JPN,Developed,unemployment,2013,4.038,4.358,-7.342817806333167
Japan,JPN,Developed,unemployment,2014,3.589,4.038,-11.119366022783563
Japan,JPN,Developed,unemployment,2015,3.385,3.589,-5.684034550013937
Japan,JPN,Developed,unemployment,2016,3.132,3.385,-7.474150664697183
Japan,JPN,Developed,unemployment,2017,2.822,3.132,-9.897828863346106
Japan,JPN,Developed,unemployment,2018,2.467,2.822,-12.579730687455704
Japan,JPN,Developed,unemployment,2019,2.351,2.467,-4.702067288204301
Japan,JPN,Developed,unemployment,2020,2.809,2.351,19.48107188430456
Japan,JPN,Developed,unemployment,2021,2.808,2.809,-0.035599857600581486
Japan,JPN,Developed,unemployment,2022,2.614,2.808,-6.908831908831907
Japan,JPN,Developed,unemployment,2023,2.6,2.614,-0.5355776587605123
Japan,JPN,Developed,unemployment,2024,2.5,2.6,-3.8461538461538494
Japan,JPN,Developed,unemployment,2025,2.451,2.5,-1.959999999999997
Malawi,MWI,Least Developed,gdp,1960,,,
Malawi,MWI,Least Developed,gdp,1961,,,
Malawi,MWI,Least Developed,gdp,1962,,,
Malawi,MWI,Least Developed,gdp,1963,,,
Malawi,MWI,Least Developed,gdp,1964,,,
Malawi,MWI,Least Developed,gdp,1965,,,
Malawi,MWI,Least Developed,gdp,1966,,,
Malawi,MWI,Least Developed,gdp,1967,,,
Malawi,MWI,Least Developed,gdp,1968,,,
Malawi,MWI,Least Developed,gdp,1969,,,
Malawi,MWI,Least Developed,gdp,1970,,,
Malawi,MWI,Least Developed,gdp,1971,,,
Malawi,MWI,Least Developed,gdp,1972,,,
Malawi,MWI,Least Developed,gdp,1973,,,
Malawi,MWI,Least Developed,gdp,1974,,,
Malawi,MWI,Least Developed,gdp,1975,,,
Malawi,MWI,Least Developed,gdp,1976,,,
Malawi,MWI,Least Developed,gdp,1977,,,
Malawi,MWI,Least Developed,gdp,1978,,,
Malawi,MWI,Least Developed,gdp,1979,,,
Malawi,MWI,Least Developed,gdp,1980,1801156774.56852,,
Malawi,MWI,Least Developed,gdp,1981,1801193909.52073,1801156774.56852,0.0020617279258683873
Malawi,MWI,Least Developed,gdp,1982,1717379494.63245,1801193909.52073,-4.653269947519512
Malawi,MWI,Least Developed,gdp,1983,1780148049.43635,1717379494.63245,3.654903007755639
Malawi,MWI,Least Developed,gdp,1984,1758028656.12928,1780148049.43635,-1.2425591969203742
Malawi,MWI,Least Developed,gdp,1985,1646442272.89094,1758028656.12928,-6.347244844348795
Malawi,MWI,Least Developed,gdp,1986,1722586299.409,1646442272.89094,4.624761388345605
Malawi,MWI,Least Developed,gdp,1987,1721711808.48111,1722586299.409,-0.05076616063821313
Malawi,MWI,Least Developed,gdp,1988,2008189508.37875,1721711808.48111,16.639120350250135
Malawi,MWI,Least Developed,gdp,1989,2314205129.58032,2008189508.37875,15.238383624891163
Malawi,MWI,Least Developed,gdp,1990,2737087861.62245,2314205129.58032,18.27334693181756
Malawi,MWI,Least Developed,gdp,1991,3206783830.41779,2737087861.62245,17.16042715986913
Malawi,MWI,Least Developed,gdp,1992,2618837835.02508,3206783830.41779,-18.33444430571768
Malawi,MWI,Least Developed,gdp,1993,3013392657.99911,2618837835.02508,15.066027292608267
Malawi,MWI,Least Developed,gdp,1994,1719864761.30628,3013392657.99911,-42.925965630769525
Malawi,MWI,Least Developed,gdp,1995,2033701497.97085,1719864761.30628,18.247756668158218
Malawi,MWI,Least Developed,gdp,1996,3319573749.6119,2033701497.97085,63.228170551285146
Malawi,MWI,Least Developed,gdp,1997,3875785863.38323,3319573749.6119,16.755528140815024
Malawi,MWI,Least Developed,gdp,1998,2547609590.06984,3875785863.38323,-34.26856694693669
Malawi,MWI,Least Developed,gdp,1999,2584478924.06081,2547609590.06984,1.4472128749507258
Malawi,MWI,Least Developed,gdp,2000,2537307580.32808,2584478924.06081,-1.8251781159280223
Malawi,MWI,Least Developed,gdp,2001,2498008664.6691,2537307580.32808,-1.5488431896734776
Malawi,MWI,Least Developed,gdp,2002,5087328437.8737,2498008664.6691,103.65535595720586
Malawi,MWI,Least Developed,gdp,2003,4669789300.35662,5087328437.8737,-8.207434267632914
Malawi,MWI,Least Developed,gdp,2004,5058726350.48896,4669789300.35662,8.328792266979548
Malawi,MWI,Least Developed,gdp,2005,5320409651.47544,5058726350.48896,5.172908808581557
Malawi,MWI,Least Developed,gdp,2006,5818279739.14354,5320409651.47544,9.357739728369085
Malawi,MWI,Least Developed,gdp,2007,6451210219.11683,5818279739.14354,10.8783095407932
Malawi,MWI,Least Developed,gdp,2008,7743617352.21427,6451210219.11683,20.033560978491415
Malawi,MWI,Least Developed,gdp,2009,9009887946.82039,7743617352.21427,16.352442753954442
Malawi,MWI,Least Developed,gdp,2010,10128323010.6049,9009887946.82039,12.413418128903677
Malawi,MWI,Least Developed,gdp,2011,11648142958.3651,10128323010.6049,15.005642554733564
Malawi,MWI,Least Developed,gdp,2012,8773203178.16512,11648142958.3651,-24.68152898256925
Malawi,MWI,Least Developed,gdp,2013,8031571927.62055,8773203178.16512,-8.453369145608665
Malawi,MWI,Least Developed,gdp,2014,8801326169.14547,8031571927.62055,9.58410443760999
Malawi,MWI,Least Developed,gdp,2015,9219474379.31534,8801326169.14547,4.750968230625963
Malawi,MWI,Least Developed,gdp,2016,7909868618.46366,9219474379.31534,-14.204776834023095
Malawi,MWI,Least Developed,gdp,2017,8943543793.5839,7909868618.46366,13.068171229890943
Malawi,MWI,Least Developed,gdp,2018,9879220354.29186,8943543793.5839,10.462033644641117
Malawi,MWI,Least Developed,gdp,2019,11051852712.6142,9879220354.29186,11.869685220786778
Malawi,MWI,Least Developed,gdp,2020,11769313597.8545,11051852712.6142,6.491770238861529
Malawi,MWI,Least Developed,gdp,2021,12378119199.0839,11769313597.8545,5.172821644759161
Malawi,MWI,Least Developed,gdp,2022,12429059928.102,12378119199.0839,0.41153852373524513
Malawi,MWI,Least Developed,gdp,2023,13363669672.9405,12429059928.102,7.519552968968765
Malawi,MWI,Least Developed,gdp,2024,11311971400.3864,13363669672.9405,-15.352805949016329
Malawi,MWI,Least Developed,gdp,2025,14918276698.303,11311971400.3864,31.880431538161535
Malawi,MWI,Least Developed,gdp_per_capita,1960,,,
Malawi,MWI,Least Developed,gdp_per_capita,1961,,,
Malawi,MWI,Least Developed,gdp_per_capita,1962,,,
Malawi,MWI,Least Developed,gdp_per_capita,1963,,,
Malawi,MWI,Least Developed,gdp_per_capita,1964,,,
Malawi,MWI,Least Developed,gdp_per_capita,1965,,,
Malawi,MWI,Least Developed,gdp_per_capita,1966,,,
Malawi,MWI,Least Developed,gdp_per_capita,1967,,,
Malawi,MWI,Least Developed,gdp_per_capita,1968,,,
Malawi,MWI,Least Developed,gdp_per_capita,1969,,,
Malawi,MWI,Least Developed,gdp_per_capita,1970,,,
Malawi,MWI,Least Developed,gdp_per_capita,1971,,,
Malawi,MWI,Least Developed,gdp_per_capita,1972,,,
Malawi,MWI,Least Developed,gdp_per_capita,1973,,,
Malawi,MWI,Least Developed,gdp_per_capita,1974,,,
Malawi,MWI,Least Developed,gdp_per_capita,1975,,,
Malawi,MWI,Least Developed,gdp_per_capita,1976,,,
Malawi,MWI,Least Developed,gdp_per_capita,1977,,,
Malawi,MWI,Least Developed,gdp_per_capita,1978,,,
Malawi,MWI,Least Developed,gdp_per_capita,1979,,,
Malawi,MWI,Least Developed,gdp_per_capita,1980,287.470822426729,,
Malawi,MWI,Least Developed,gdp_per_capita,1981,276.407062724717,287.470822426729,-3.8486548334246926
Malawi,MWI,Least Developed,gdp_per_capita,1982,253.342697905133,276.407062724717,-8.344347135063817
Malawi,MWI,Least Developed,gdp_per_capita,1983,252.442074600122,253.342697905133,-0.3554960582871262
Malawi,MWI,Least Developed,gdp_per_capita,1984,239.74828969103,252.442074600122,-5.028395099826142
Malawi,MWI,Least Developed,gdp_per_capita,1985,216.054136140391,239.74828969103,-9.882929125865424
Malawi,MWI,Least Developed,gdp_per_capita,1986,217.8701899466,216.054136140391,0.8405549824924132
Malawi,MWI,Least Developed,gdp_per_capita,1987,207.605894737179,217.8701899466,-4.711197622738923
Malawi,MWI,Least Developed,gdp_per_capita,1988,229.421843922728,207.605894737179,10.508347661884617
Malawi,MWI,Least Developed,gdp_per_capita,1989,252.19590741943,229.421843922728,9.9267197522711
Malawi,MWI,Least Developed,gdp_per_capita,1990,286.730598968269,252.19590741943,13.693597133360283
Malawi,MWI,Least Developed,gdp_per_capita,1991,325.75273105931,286.730598968269,13.60933651010835
Malawi,MWI,Least Developed,gdp_per_capita,1992,258.393430877557,325.75273105931,-20.678046186353793
Malawi,MWI,Least Developed,gdp_per_capita,1993,293.016883079922,258.393430877557,13.399509455320388
Malawi,MWI,Least Developed,gdp_per_capita,1994,169.196526919639,293.016883079922,-42.25707230887112
Malawi,MWI,Least Developed,gdp_per_capita,1995,200.362370007247,169.196526919639,18.419907107437496
Malawi,MWI,Least Developed,gdp_per_capita,1996,320.662735559137,200.362370007247,60.041396769033426
Malawi,MWI,Least Developed,gdp_per_capita,1997,366.954461274104,320.662735559137,14.436266076957308
Malawi,MWI,Least Developed,gdp_per_capita,1998,236.045479450504,366.954461274104,-35.67444891365278
Malawi,MWI,Least Developed,gdp_per_capita,1999,233.935986197873,236.045479450504,-0.8936808523263076
Malawi,MWI,Least Developed,gdp_per_capita,2000,224.22415918428,233.935986197873,-4.151489119497125
Malawi,MWI,Least Developed,gdp_per_capita,2001,215.474524898357,224.22415918428,-3.9021817799446255
Malawi,MWI,Least Developed,gdp_per_capita,2002,428.210439838398,215.474524898357,98.72903306801216
Malawi,MWI,Least Developed,gdp_per_capita,2003,383.348596852642,428.210439838398,-10.476587867097857
Malawi,MWI,Least Developed,gdp_per_capita,2004,404.674248445428,383.348596852642,5.56299195246136
Malawi,MWI,Least Developed,gdp_per_capita,2005,414.361121984475,404.674248445428,2.393745976241258
Malawi,MWI,Least Developed,gdp_per_capita,2006,440.822149023873,414.361121984475,6.385982090373196
Malawi,MWI,Least Developed,gdp_per_capita,2007,475.180261659331,440.822149023873,7.7940985296538035
Malawi,MWI,Least Developed,gdp_per_capita,2008,554.048820396119,475.180261659331,16.59760833949179
Malawi,MWI,Least Developed,gdp_per_capita,2009,625.869729869625,554.048820396119,12.962920744449441
Malawi,MWI,Least Developed,gdp_per_capita,2010,683.124694716799,625.869729869625,9.148064224020045
Malawi,MWI,Least Developed,gdp_per_capita,2011,763.061000394572,683.124694716799,11.701568732032442
Malawi,MWI,Least Developed,gdp_per_capita,2012,558.46208832772,763.061000394572,-26.812916917658708
Malawi,MWI,Least Developed,gdp_per_capita,2013,496.947368267313,558.46208832772,-11.015021672215756
Malawi,MWI,Least Developed,gdp_per_capita,2014,529.5133440206,496.947368267313,6.553204188772255
Malawi,MWI,Least Developed,gdp_per_capita,2015,539.605363240686,529.5133440206,1.9059046073243675
Malawi,MWI,Least Developed,gdp_per_capita,2016,450.506105510719,539.605363240686,-16.511929606271362
Malawi,MWI,Least Developed,gdp_per_capita,2017,495.769683367165,450.506105510719,10.047272901025979
Malawi,MWI,Least Developed,gdp_per_capita,2018,533.202567189331,495.769683367165,7.550458424147612
Malawi,MWI,Least Developed,gdp_per_capita,2019,580.889139762475,533.202567189331,8.943425164757558
Malawi,MWI,Least Developed,gdp_per_capita,2020,602.507478176106,580.889139762475,3.7215945236075063
Malawi,MWI,Least Developed,gdp_per_capita,2021,617.446994451007,602.507478176106,2.4795569874295054
Malawi,MWI,Least Developed,gdp_per_capita,2022,604.269740360317,617.446994451007,-2.1341514671079302
Malawi,MWI,Least Developed,gdp_per_capita,2023,633.214767978695,604.269740360317,4.7900839120487095
Malawi,MWI,Least Developed,gdp_per_capita,2024,522.365366146003,633.214767978695,-17.505814367933638
Malawi,MWI,Least Developed,gdp_per_capita,2025,671.506847203876,522.365366146003,28.551180978600215
Malawi,MWI,Least Developed,population,1960,3628134.0,,
Malawi,MWI,Least Developed,population,1961,3715534.0,3628134.0,2.408951819309871
Malawi,MWI,Least Developed,population,1962,3806307.0,3715534.0,2.443067402962804
Malawi,MWI,Least Developed,population,1963,3900506.0,3806307.0,2.4748135134659397
Malawi,MWI,Least Developed,population,1964,3997305.0,3900506.0,2.4817036558846466
Malawi,MWI,Least Developed,population,1965,4096157.0,3997305.0,2.472966160950941
Malawi,MWI,Least Developed,population,1966,4197926.0,4096157.0,2.4844994955027357
Malawi,MWI,Least Developed,population,1967,4303012.0,4197926.0,2.5032837644112833
Malawi,MWI,Least Developed,population,1968,4411054.0,4303012.0,2.5108458912036498
Malawi,MWI,Least Developed,population,1969,4521184.0,4411054.0,2.496682198857688
Malawi,MWI,Least Developed,population,1970,4633944.0,4521184.0,2.4940369602298866
Malawi,MWI,Least Developed,population,1971,4751434.0,4633944.0,2.53542123081332
Malawi,MWI,Least Developed,population,1972,4874475.0,4751434.0,2.5895550690591516
Malawi,MWI,Least Developed,population,1973,5003938.0,4874475.0,2.6559373060688585
Malawi,MWI,Least Developed,population,1974,5141337.0,5003938.0,2.745817394220312
Malawi,MWI,Least Developed,population,1975,5287367.0,5141337.0,2.840311771043213
Malawi,MWI,Least Developed,population,1976,5443384.0,5287367.0,2.950750345115064
Malawi,MWI,Least Developed,population,1977,5614983.0,5443384.0,3.1524323839729114
Malawi,MWI,Least Developed,population,1978,5810132.0,5614983.0,3.475504734386551
Malawi,MWI,Least Developed,population,1979,6028749.0,5810132.0,3.7626855981929497
Malawi,MWI,Least Developed,population,1980,6265529.0,6028749.0,3.927514646902699
Malawi,MWI,Least Developed,population,1981,6516454.0,6265529.0,4.004849391009123
Malawi,MWI,Least Developed,population,1982,6778879.0,6516454.0,4.027113519101032
Malawi,MWI,Least Developed,population,1983,7051709.0,6778879.0,4.024706739860676
Malawi,MWI,Least Developed,population,1984,7332810.0,7051709.0,3.9862819069816977
Malawi,MWI,Least Developed,population,1985,7620508.0,7332810.0,3.9234345360100695
Malawi,MWI,Least Developed,population,1986,7906480.0,7620508.0,3.7526632082795532
Malawi,MWI,Least Developed,population,1987,8293174.0,7906480.0,4.890849025103459
Malawi,MWI,Least Developed,population,1988,8753262.0,8293174.0,5.547791472842605
Malawi,MWI,Least Developed,population,1989,9176220.0,8753262.0,4.832004343066619
Malawi,MWI,Least Developed,population,1990,9545852.0,9176220.0,4.028151025149789
Malawi,MWI,Least Developed,population,1991,9844227.0,9545852.0,3.1257031850064303
Malawi,MWI,Least Developed,population,1992,10135079.0,9844227.0,2.954543815375245
Malawi,MWI,Least Developed,population,1993,10284024.0,10135079.0,1.4695988062845884
Malawi,MWI,Least Developed,population,1994,10164894.0,10284024.0,-1.158398696852516
Malawi,MWI,Least Developed,population,1995,10150117.0,10164894.0,-0.14537288829573627
Malawi,MWI,Least Developed,population,1996,10352228.0,10150117.0,1.9912184263491741
Malawi,MWI,Least Developed,population,1997,10562035.0,10352228.0,2.0266844972888927
Malawi,MWI,Least Developed,population,1998,10792876.0,10562035.0,2.185573140024626
Malawi,MWI,Least Developed,population,1999,11047804.0,10792876.0,2.362002491272947
Malawi,MWI,Least Developed,population,2000,11315942.0,11047804.0,2.4270705743874528
Malawi,MWI,Least Developed,population,2001,11593058.0,11315942.0,2.4488990841416474
Malawi,MWI,Least Developed,population,2002,11880440.0,11593058.0,2.478914536613204
Malawi,MWI,Least Developed,population,2003,12181574.0,11880440.0,2.534704101868281
Malawi,MWI,Least Developed,population,2004,12500737.0,12181574.0,2.620047294380841
Malawi,MWI,Least Developed,population,2005,12840031.0,12500737.0,2.714191971241376
Malawi,MWI,Least Developed,population,2006,13198701.0,12840031.0,2.793373318179684
Malawi,MWI,Least Developed,population,2007,13576343.0,13198701.0,2.8612058110870153
Malawi,MWI,Least Developed,population,2008,13976417.0,13576343.0,2.94684658453311
Malawi,MWI,Least Developed,population,2009,14395788.0,13976417.0,3.0005615888535666
Malawi,MWI,Least Developed,population,2010,14826463.0,14395788.0,2.991673675661242
Malawi,MWI,Least Developed,population,2011,15265022.0,14826463.0,2.9579475563389597
Malawi,MWI,Least Developed,population,2012,15709577.0,15265022.0,2.9122460485153576
Malawi,MWI,Least Developed,population,2013,16161816.0,15709577.0,2.878747148952515
Malawi,MWI,Least Developed,population,2014,16621538.0,16161816.0,2.8444947028229994
Malawi,MWI,Least Developed,population,2015,17085587.0,16621538.0,2.7918535577152968
Malawi,MWI,Least Developed,population,2016,17557739.0,17085587.0,2.7634520253825636
Malawi,MWI,Least Developed,population,2017,18039715.0,17557739.0,2.745091494981216
Malawi,MWI,Least Developed,population,2018,18528081.0,18039715.0,2.7071713716098063
Malawi,MWI,Least Developed,population,2019,19025752.0,18528081.0,2.686036400639656
Malawi,MWI,Least Developed,population,2020,19533888.0,19025752.0,2.670780108980712
Malawi,MWI,Least Developed,population,2021,20047258.0,19533888.0,2.628099434173064
Malawi,MWI,Least Developed,population,2022,20568728.0,20047258.0,2.6012036159758107
Malawi,MWI,Least Developed,population,2023,21104482.0,20568728.0,2.6047016616681398
Malawi,MWI,Least Developed,population,2024,21655286.0,21104482.0,2.6098911122291466
Malawi,MWI,Least Developed,population,2025,22216120.0,21655286.0,2.5898249508226305
Malawi,MWI,Least Developed,unemployment,1960,,,
Malawi,MWI,Least Developed,unemployment,1961,,,
Malawi,MWI,Least Developed,unemployment,1962,,,
Malawi,MWI,Least Developed,unemployment,1963,,,
Malawi,MWI,Least Developed,unemployment,1964,,,
Malawi,MWI,Least Developed,unemployment,1965,,,
Malawi,MWI,Least Developed,unemployment,1966,,,
Malawi,MWI,Least Developed,unemployment,1967,,,
Malawi,MWI,Least Developed,unemployment,1968,,,
Malawi,MWI,Least Developed,unemployment,1969,,,
Malawi,MWI,Least Developed,unemployment,1970,,,
Malawi,MWI,Least Developed,unemployment,1971,,,
Malawi,MWI,Least Developed,unemployment,1972,,,
Malawi,MWI,Least Developed,unemployment,1973,,,
Malawi,MWI,Least Developed,unemployment,1974,,,
Malawi,MWI,Least Developed,unemployment,1975,,,
Malawi,MWI,Least Developed,unemployment,1976,,,
Malawi,MWI,Least Developed,unemployment,1977,,,
Malawi,MWI,Least Developed,unemployment,1978,,,
Malawi,MWI,Least Developed,unemployment,1979,,,
Malawi,MWI,Least Developed,unemployment,1980,,,
Malawi,MWI,Least Developed,unemployment,1981,,,
Malawi,MWI,Least Developed,unemployment,1982,,,
Malawi,MWI,Least Developed,unemployment,1983,,,
Malawi,MWI,Least Developed,unemployment,1984,,,
Malawi,MWI,Least Developed,unemployment,1985,,,
Malawi,MWI,Least Developed,unemployment,1986,,,
Malawi,MWI,Least Developed,unemployment,1987,,,
Malawi,MWI,Least Developed,unemployment,1988,,,
Malawi,MWI,Least Developed,unemployment,1989,,,
Malawi,MWI,Least Developed,unemployment,1990,,,
Malawi,MWI,Least Developed,unemployment,1991,4.9,,
Malawi,MWI,Least Developed,unemployment,1992,5.064,4.9,3.3469387755101976
Malawi,MWI,Least Developed,unemployment,1993,4.988,5.064,-1.5007898894154743
Malawi,MWI,Least Developed,unemployment,1994,5.368,4.988,7.618283881315153
Malawi,MWI,Least Developed,unemployment,1995,4.895,5.368,-8.81147540983608
Malawi,MWI,Least Developed,unemployment,1996,4.94,4.895,0.919305413687453
Malawi,MWI,Least Developed,unemployment,1997,4.69,4.94,-5.060728744939271
Malawi,MWI,Least Developed,unemployment,1998,4.921,4.69,4.925373134328355
Malawi,MWI,Least Developed,unemployment,1999,5.002,4.921,1.646006909164794
Malawi,MWI,Least Developed,unemployment,2000,5.045,5.002,0.859656137544985
Malawi,MWI,Least Developed,unemployment,2001,5.221,5.045,3.4886025768087245
Malawi,MWI,Least Developed,unemployment,2002,5.248,5.221,0.5171423099023201
Malawi,MWI,Least Developed,unemployment,2003,5.165,5.248,-1.581554878048784
Malawi,MWI,Least Developed,unemployment,2004,4.964,5.165,-3.891577928363981
Malawi,MWI,Least Developed,unemployment,2005,4.935,4.964,-0.5842062852538437
Malawi,MWI,Least Developed,unemployment,2006,4.954,4.935,0.3850050658561323
Malawi,MWI,Least Developed,unemployment,2007,4.876,4.954,-1.5744852644327696
Malawi,MWI,Least Developed,unemployment,2008,4.796,4.876,-1.6406890894175568
Malawi,MWI,Least Developed,unemployment,2009,4.732,4.796,-1.33444537114262
Malawi,MWI,Least Developed,unemployment,2010,4.78,4.732,1.0143702451394767
Malawi,MWI,Least Developed,unemployment,2011,4.829,4.78,1.0251046025104495
Malawi,MWI,Least Developed,unemployment,2012,4.949,4.829,2.484986539656246
Malawi,MWI,Least Developed,unemployment,2013,4.978,4.949,0.5859769650434414
Malawi,MWI,Least Developed,unemployment,2014,4.967,4.978,-0.22097227802330496
Malawi,MWI,Least Developed,unemployment,2015,4.953,4.967,-0.28186027783368933
Malawi,MWI,Least Developed,unemployment,2016,5.011,4.953,1.171007470220065
Malawi,MWI,Least Developed,unemployment,2017,5.046,5.011,0.6984633805627648
Malawi,MWI,Least Developed,unemployment,2018,5.021,5.046,-0.4954419342053182
Malawi,MWI,Least Developed,unemployment,2019,4.964,5.021,-1.1352320254929196
Malawi,MWI,Least Developed,unemployment,2020,5.72,4.964,15.229653505237698
Malawi,MWI,Least Developed,unemployment,2021,5.652,5.72,-1.188811188811182
Malawi,MWI,Least Developed,unemployment,2022,5.02,5.652,-11.181882519462146
Malawi,MWI,Least Developed,unemployment,2023,5.009,5.02,-0.21912350597608038
Malawi,MWI,Least Developed,unemployment,2024,5.051,5.009,0.8384907167099184
Malawi,MWI,Least Developed,unemployment,2025,5.072,5.051,0.41575925559295
Nepal,NPL,Least Developed,gdp,1960,508334413.965087,,
Nepal,NPL,Least Developed,gdp,1961,531959561.62226,508334413.965087,4.647560150982731
Nepal,NPL,Least Developed,gdp,1962,574091101.194382,531959561.62226,7.920064345424668
Nepal,NPL,Least Developed,gdp,1963,496947904.443033,574091101.194382,-13.437448619366249
Nepal,NPL,Least Developed,gdp,1964,496098775.308642,496947904.443033,-0.17086884295097962
Nepal,NPL,Least Developed,gdp,1965,735267082.294264,496098775.308642,48.209816046577856
Nepal,NPL,Least Developed,gdp,1966,906811943.824649,735267082.294264,23.330959002694808
Nepal,NPL,Least Developed,gdp,1967,841974025.462659,906811943.824649,-7.1500953205935875
Nepal,NPL,Least Developed,gdp,1968,772231386.914829,841974025.462659,-8.283229225451091
Nepal,NPL,Least Developed,gdp,1969,788641965.432099,772231386.914829,2.1250856667238684
Nepal,NPL,Least Developed,gdp,1970,865975308.641975,788641965.432099,9.805887411470035
Nepal,NPL,Least Developed,gdp,1971,882765471.604938,865975308.641975,1.9388731751824848
Nepal,NPL,Least Developed,gdp,1972,1024098400.35619,882765471.604938,16.01024658274155
Nepal,NPL,Least Developed,gdp,1973,972101724.995368,1024098400.35619,-5.077312428447997
Nepal,NPL,Least Developed,gdp,1974,1217953546.97604,972101724.995368,25.290750510893634
Nepal,NPL,Least Developed,gdp,1975,1575789254.46938,1217953546.97604,29.380078442382455
Nepal,NPL,Least Developed,gdp,1976,1452788984.86265,1575789254.46938,-7.805629417630991
Nepal,NPL,Least Developed,gdp,1977,1382400000.0,1452788984.86265,-4.845093512964971
Nepal,NPL,Least Developed,gdp,1978,1604162497.45945,1382400000.0,16.041847327795864
Nepal,NPL,Least Developed,gdp,1979,1851250008.33333,1604162497.45945,15.402897852630156
Nepal,NPL,Least Developed,gdp,1980,1945916583.33333,1851250008.33333,5.113656965502341
Nepal,NPL,Least Developed,gdp,1981,2275583316.66667,1945916583.33333,16.941462761400857
Nepal,NPL,Least Developed,gdp,1982,2395423741.79762,2275583316.66667,5.2663606844549715
Nepal,NPL,Least Developed,gdp,1983,2447174803.37791,2395423741.79762,2.160413653638345
Nepal,NPL,Least Developed,gdp,1984,2581207387.79709,2447174803.37791,5.477033525932461
Nepal,NPL,Least Developed,gdp,1985,2619913955.51556,2581207387.79709,1.4995528023613747
Nepal,NPL,Least Developed,gdp,1986,2850782044.04306,2619913955.51556,8.812048504168079
Nepal,NPL,Least Developed,gdp,1987,2957255379.54315,2850782044.04306,3.734881651951428
Nepal,NPL,Least Developed,gdp,1988,3487009748.35638,2957255379.54315,17.91371730956387
Nepal,NPL,Least Developed,gdp,1989,3525225786.58691,3487009748.35638,1.0959544420127623
Nepal,NPL,Least Developed,gdp,1990,3627560239.48997,3525225786.58691,2.902919106413881
Nepal,NPL,Least Developed,gdp,1991,3921476084.89072,3627560239.48997,8.102300885348601
Nepal,NPL,Least Developed,gdp,1992,3401211581.29176,3921476084.89072,-13.267057922487831
Nepal,NPL,Least Developed,gdp,1993,3660041666.66667,3401211581.29176,7.6099377880104635
Nepal,NPL,Least Developed,gdp,1994,4066775510.20408,3660041666.66667,11.112820032670207
Nepal,NPL,Least Developed,gdp,1995,4401104417.67068,4066775510.20408,8.220982609630758
Nepal,NPL,Least Developed,gdp,1996,4521580381.47139,4401104417.67068,2.7374029872363854
Nepal,NPL,Least Developed,gdp,1997,4918691916.53516,4521580381.47139,8.782582671560165
Nepal,NPL,Least Developed,gdp,1998,4856255044.39064,4918691916.53516,-1.269379607505521
Nepal,NPL,Least Developed,gdp,1999,5033642384.10596,4856255044.39064,3.652759957906578
Nepal,NPL,Least Developed,gdp,2000,5494252207.90502,5033642384.10596,9.150626696355388
Nepal,NPL,Least Developed,gdp,2001,6007055042.17687,5494252207.90502,9.333441838254899
Nepal,NPL,Least Developed,gdp,2002,6050875806.66403,6007055042.17687,0.7294883129833901
Nepal,NPL,Least Developed,gdp,2003,6330473096.54071,6050875806.66403,4.620773898032258
Nepal,NPL,Least Developed,gdp,2004,7273938314.71988,6330473096.54071,14.903549921011852
Nepal,NPL,Least Developed,gdp,2005,8130258377.90964,7273938314.71988,11.772440542379513
Nepal,NPL,Least Developed,gdp,2006,9043715355.8881,8130258377.90964,11.235276119395815
Nepal,NPL,Least Developed,gdp,2007,10325618017.379,9043715355.8881,14.17451358258739
Nepal,NPL,Least Developed,gdp,2008,12545438605.3959,10325618017.379,21.498186203292928
Nepal,NPL,Least Developed,gdp,2009,12854985464.0764,12545438605.3959,2.46740563177569
Nepal,NPL,Least Developed,gdp,2010,16002656434.4746,12854985464.0764,24.485994007495766
Nepal,NPL,Least Developed,gdp,2011,21573872420.7008,16002656434.4746,34.81431979145728
Nepal,NPL,Least Developed,gdp,2012,21703100877.1309,21573872420.7008,0.5990044527476707
Nepal,NPL,Least Developed,gdp,2013,22162204924.5726,21703100877.1309,2.1153845712686583
Nepal,NPL,Least Developed,gdp,2014,22731612922.1906,22162204924.5726,2.569275031775662
Nepal,NPL,Least Developed,gdp,2015,24360801286.7638,22731612922.1906,7.167060120853925
Nepal,NPL,Least Developed,gdp,2016,24524109483.5293,24360801286.7638,0.6703728454705264
Nepal,NPL,Least Developed,gdp,2017,28971588940.364,24524109483.5293,18.13513130750652
Nepal,NPL,Least Developed,gdp,2018,33111525237.149,28971588940.364,14.289641846385337
Nepal,NPL,Least Developed,gdp,2019,34186180699.0255,33111525237.149,3.2455631511375045
Nepal,NPL,Least Developed,gdp,2020,33433659301.2466,34186180699.0255,-2.2012444279870995
Nepal,NPL,Least Developed,gdp,2021,36924841394.2605,33433659301.2466,10.442117811745858
Nepal,NPL,Least Developed,gdp,2022,41182939519.8161,36924841394.2605,11.531798011236607
Nepal,NPL,Least Developed,gdp,2023,41049329851.0546,41182939519.8161,-0.3244296553848668
Nepal,NPL,Least Developed,gdp,2024,43298911699.9284,41049329851.0546,5.480191411251504
Nepal,NPL,Least Developed,gdp,2025,45489810283.1132,43298911699.9284,5.059939146665486
Nepal,NPL,Least Developed,gdp_per_capita,1960,50.2125233749587,,
Nepal,NPL,Least Developed,gdp_per_capita,1961,51.5544820747585,50.2125233749587,2.6725577796176783
Nepal,NPL,Least Developed,gdp_per_capita,1962,54.565608932967,51.5544820747585,5.8406693987190135
Nepal,NPL,Least Developed,gdp_per_capita,1963,46.3146629740628,54.565608932967,-15.121147037945388
Nepal,NPL,Least Developed,gdp_per_capita,1964,45.320757315163,46.3146629740628,-2.14598486759238
Nepal,NPL,Least Developed,gdp_per_capita,1965,65.8050690424137,45.320757315163,45.19852037070275
Nepal,NPL,Least Developed,gdp_per_capita,1966,79.484178651631,65.8050690424137,20.787318983588666
Nepal,NPL,Least Developed,gdp_per_capita,1967,72.255603368576,79.484178651631,-9.094357400026635
Nepal,NPL,Least Developed,gdp_per_capita,1968,64.8592419247839,72.255603368576,-10.236384583301097
Nepal,NPL,Least Developed,gdp_per_capita,1969,64.8179199463286,64.8592419247839,-0.06371023963434708
Nepal,NPL,Least Developed,gdp_per_capita,1970,69.6334897297304,64.8179199463286,7.429380312403191
Nepal,NPL,Least Developed,gdp_per_capita,1971,69.4540704096493,69.6334897297304,-0.2576623989081666
Nepal,NPL,Least Developed,gdp_per_capita,1972,78.842912842237,69.4540704096493,13.518059312018805
Nepal,NPL,Least Developed,gdp_per_capita,1973,73.2266835267801,78.842912842237,-7.123315353270683
Nepal,NPL,Least Developed,gdp_per_capita,1974,89.7637455591626,73.2266835267801,22.583382499269735
Nepal,NPL,Least Developed,gdp_per_capita,1975,113.605645172746,89.7637455591626,26.56072277851795
Nepal,NPL,Least Developed,gdp_per_capita,1976,102.470373251774,113.605645172746,-9.801688907307346
Nepal,NPL,Least Developed,gdp_per_capita,1977,95.3433557426543,102.470373251774,-6.955198154307811
Nepal,NPL,Least Developed,gdp_per_capita,1978,108.099425052837,95.3433557426543,13.379085737881107
Nepal,NPL,Least Developed,gdp_per_capita,1979,121.86820974915,108.099425052837,12.737148869740114
Nepal,NPL,Least Developed,gdp_per_capita,1980,125.114347478097,121.86820974915,2.663646028466949
Nepal,NPL,Least Developed,gdp_per_capita,1981,142.916898807843,125.114347478097,14.22902463913069
Nepal,NPL,Least Developed,gdp_per_capita,1982,146.976662933749,142.916898807843,2.8406466693378833
Nepal,NPL,Least Developed,gdp_per_capita,1983,146.632953086254,146.976662933749,-0.23385334830328566
Nepal,NPL,Least Developed,gdp_per_capita,1984,151.078187115939,146.632953086254,3.0315382293843416
Nepal,NPL,Least Developed,gdp_per_capita,1985,149.900453418882,151.078187115939,-0.7795524420432635
Nepal,NPL,Least Developed,gdp_per_capita,1986,159.545682806044,149.900453418882,6.434423090242006
Nepal,NPL,Least Developed,gdp_per_capita,1987,162.036906898913,159.545682806044,1.5614487644253763
Nepal,NPL,Least Developed,gdp_per_capita,1988,187.084777621975,162.036906898913,15.458126918386661
Nepal,NPL,Least Developed,gdp_per_capita,1989,184.975416457251,187.084777621975,-1.1274894684303032
Nepal,NPL,Least Developed,gdp_per_capita,1990,185.794600449903,184.975416457251,0.4428610073389504
Nepal,NPL,Least Developed,gdp_per_capita,1991,195.716621410462,185.794600449903,5.340317176351077
Nepal,NPL,Least Developed,gdp_per_capita,1992,165.02959412726,195.716621410462,-15.679315871105489
Nepal,NPL,Least Developed,gdp_per_capita,1993,172.805202579767,165.02959412726,4.7116448983756065
Nepal,NPL,Least Developed,gdp_per_capita,1994,187.258176246151,172.805202579767,8.363737578857034
Nepal,NPL,Least Developed,gdp_per_capita,1995,197.843001330326,187.258176246151,5.652530264025011
Nepal,NPL,Least Developed,gdp_per_capita,1996,198.821907435345,197.843001330326,0.49478935238380717
Nepal,NPL,Least Developed,gdp_per_capita,1997,211.834869589153,198.821907435345,6.545034358469618
Nepal,NPL,Least Developed,gdp_per_capita,1998,205.075246306069,211.834869589153,-3.190987062797573
Nepal,NPL,Least Developed,gdp_per_capita,1999,208.646667913743,205.075246306069,1.741517648767681
Nepal,NPL,Least Developed,gdp_per_capita,2000,223.830289183078,208.646667913743,7.277193267046138
Nepal,NPL,Least Developed,gdp_per_capita,2001,240.795114544664,223.830289183078,7.57932513222547
Nepal,NPL,Least Developed,gdp_per_capita,2002,238.89140296106,240.795114544664,-0.7905939400821473
Nepal,NPL,Least Developed,gdp_per_capita,2003,246.429706587633,238.89140296106,3.1555357510298356
Nepal,NPL,Least Developed,gdp_per_capita,2004,279.587750044428,246.429706587633,13.455375943079995
Nepal,NPL,Least Developed,gdp_per_capita,2005,309.024168339372,279.587750044428,10.528507880000614
Nepal,NPL,Least Developed,gdp_per_capita,2006,340.431796437968,309.024168339372,10.163486004144488
Nepal,NPL,Least Developed,gdp_per_capita,2007,385.449767660642,340.431796437968,13.223785702072927
Nepal,NPL,Least Developed,gdp_per_capita,2008,464.817391891529,385.449767660642,20.59091245860184
Nepal,NPL,Least Developed,gdp_per_capita,2009,473.078751198621,464.817391891529,1.7773343793082264
Nepal,NPL,Least Developed,gdp_per_capita,2010,585.278491984574,473.078751198621,23.716926727669957
Nepal,NPL,Least Developed,gdp_per_capita,2011,785.518656222132,585.278491984574,34.21280074013649
Nepal,NPL,Least Developed,gdp_per_capita,2012,788.202937148377,785.518656222132,0.341720836925096
Nepal,NPL,Least Developed,gdp_per_capita,2013,803.269595420477,788.202937148377,1.911520188773886
Nepal,NPL,Least Developed,gdp_per_capita,2014,821.455224911731,803.269595420477,2.2639509319078073
Nepal,NPL,Least Developed,gdp_per_capita,2015,875.543635474862,821.455224911731,6.584462417771222
Nepal,NPL,Least Developed,gdp_per_capita,2016,877.256454696737,875.543635474862,0.19562922423005188
Nepal,NPL,Least Developed,gdp_per_capita,2017,1034.28374906846,877.256454696737,17.899816357122912
Nepal,NPL,Least Developed,gdp_per_capita,2018,1179.19843190389,1034.28374906846,14.011114741573477
Nepal,NPL,Least Developed,gdp_per_capita,2019,1203.14294706401,1179.19843190389,2.0305755598283968
Nepal,NPL,Least Developed,gdp_per_capita,2020,1154.21517578318,1203.14294706401,-4.066663184140077
Nepal,NPL,Least Developed,gdp_per_capita,2021,1252.75076731986,1154.21517578318,8.53702096490108
Nepal,NPL,Least Developed,gdp_per_capita,2022,1385.91066002922,1252.75076731986,10.6294002113639
Nepal,NPL,Least Developed,gdp_per_capita,2023,1382.38300895424,1385.91066002922,-0.25453668672305396
Nepal,NPL,Least Developed,gdp_per_capita,2024,1460.28237984149,1382.38300895424,5.635151067588719
Nepal,NPL,Least Developed,gdp_per_capita,2025,1535.87781246307,1460.28237984149,5.176768114519455
Nepal,NPL,Least Developed,population,1960,10123658.0,,
Nepal,NPL,Least Developed,population,1961,10318396.0,10123658.0,1.923593230826249
Nepal,NPL,Least Developed,population,1962,10521116.0,10318396.0,1.9646464431099562
Nepal,NPL,Least Developed,population,1963,10729818.0,10521116.0,1.9836488828751626
Nepal,NPL,Least Developed,population,1964,10946392.0,10729818.0,2.0184312539131604
Nepal,NPL,Least Developed,population,1965,11173411.0,10946392.0,2.07391622737428
Nepal,NPL,Least Developed,population,1966,11408710.0,11173411.0,2.1058833332095275
Nepal,NPL,Least Developed,population,1967,11652716.0,11408710.0,2.138769413895173
Nepal,NPL,Least Developed,population,1968,11906266.0,11652716.0,2.1758875784838487
Nepal,NPL,Least Developed,population,1969,12167036.0,11906266.0,2.190191282472607
Nepal,NPL,Least Developed,population,1970,12436190.0,12167036.0,2.212157504917385
Nepal,NPL,Least Developed,population,1971,12710061.0,12436190.0,2.202209840795292
Nepal,NPL,Least Developed,population,1972,12989099.0,12710061.0,2.1954103918147996
Nepal,NPL,Least Developed,population,1973,13275239.0,12989099.0,2.2029241597126945
Nepal,NPL,Least Developed,population,1974,13568435.0,13275239.0,2.2085930053688676
Nepal,NPL,Least Developed,population,1975,13870695.0,13568435.0,2.2276703245436926
Nepal,NPL,Least Developed,population,1976,14177649.0,13870695.0,2.212967699167201
Nepal,NPL,Least Developed,population,1977,14499175.0,14177649.0,2.267837213348983
Nepal,NPL,Least Developed,population,1978,14839695.0,14499175.0,2.3485474173530565
Nepal,NPL,Least Developed,population,1979,15190590.0,14839695.0,2.3645701613139622
Nepal,NPL,Least Developed,population,1980,15553105.0,15190590.0,2.386444502813913
Nepal,NPL,Least Developed,population,1981,15922423.0,15553105.0,2.3745612210552167
Nepal,NPL,Least Developed,population,1982,16297987.0,15922423.0,2.3587113594457327
Nepal,NPL,Least Developed,population,1983,16689119.0,16297987.0,2.399879199805473
Nepal,NPL,Least Developed,population,1984,17085242.0,16689119.0,2.373540508639192
Nepal,NPL,Least Developed,population,1985,17477692.0,17085242.0,2.2970116548539377
Nepal,NPL,Least Developed,population,1986,17868124.0,17477692.0,2.2338876323029377
Nepal,NPL,Least Developed,population,1987,18250505.0,17868124.0,2.140017609011444
Nepal,NPL,Least Developed,population,1988,18638661.0,18250505.0,2.1268233399568945
Nepal,NPL,Least Developed,population,1989,19057807.0,18638661.0,2.2487988809925774
Nepal,NPL,Least Developed,population,1990,19524573.0,19057807.0,2.449211496369965
Nepal,NPL,Least Developed,population,1991,20036500.0,19524573.0,2.6219625904238724
Nepal,NPL,Least Developed,population,1992,20609707.0,20036500.0,2.860814014423677
Nepal,NPL,Least Developed,population,1993,21180159.0,20609707.0,2.767880203245975
Nepal,NPL,Least Developed,population,1994,21717479.0,21180159.0,2.536902579437671
Nepal,NPL,Least Developed,population,1995,22245439.0,21717479.0,2.4310372304262384
Nepal,NPL,Least Developed,population,1996,22741862.0,22245439.0,2.231572053938787
Nepal,NPL,Least Developed,population,1997,23219463.0,22741862.0,2.100096289389145
Nepal,NPL,Least Developed,population,1998,23680357.0,23219463.0,1.9849468525607161
Nepal,NPL,Least Developed,population,1999,24125199.0,23680357.0,1.8785274225384354
Nepal,NPL,Least Developed,population,2000,24546509.0,24125199.0,1.7463482891892417
Nepal,NPL,Least Developed,population,2001,24946748.0,24546509.0,1.6305332868311335
Nepal,NPL,Least Developed,population,2002,25328981.0,24946748.0,1.5321956994154107
Nepal,NPL,Least Developed,population,2003,25688758.0,25328981.0,1.4204163996964585
Nepal,NPL,Least Developed,population,2004,26016656.0,25688758.0,1.2764260537625056
Nepal,NPL,Least Developed,population,2005,26309458.0,26016656.0,1.12544056392182
Nepal,NPL,Least Developed,population,2006,26565425.0,26309458.0,0.9729086779362769
Nepal,NPL,Least Developed,population,2007,26788492.0,26565425.0,0.83968918246179
Nepal,NPL,Least Developed,population,2008,26990037.0,26788492.0,0.7523566462793053
Nepal,NPL,Least Developed,population,2009,27173035.0,26990037.0,0.6780205599569945
Nepal,NPL,Least Developed,population,2010,27341952.0,27173035.0,0.6216346462586899
Nepal,NPL,Least Developed,population,2011,27464494.0,27341952.0,0.44818307046987726
Nepal,NPL,Least Developed,population,2012,27534915.0,27464494.0,0.2564074182469919
Nepal,NPL,Least Developed,population,2013,27589996.0,27534915.0,0.20004056667689002
Nepal,NPL,Least Developed,population,2014,27672370.0,27589996.0,0.29856474064004934
Nepal,NPL,Least Developed,population,2015,27823629.0,27672370.0,0.5466065971219668
Nepal,NPL,Least Developed,population,2016,27955462.0,27823629.0,0.47381669731148296
Nepal,NPL,Least Developed,population,2017,28011258.0,27955462.0,0.19958890323472384
Nepal,NPL,Least Developed,population,2018,28079689.0,28011258.0,0.24429820324385287
Nepal,NPL,Least Developed,population,2019,28414064.0,28079689.0,1.1908073483292496
Nepal,NPL,Least Developed,population,2020,28966574.0,28414064.0,1.9444948107387945
Nepal,NPL,Least Developed,population,2021,29475010.0,28966574.0,1.7552507245074962
Nepal,NPL,Least Developed,population,2022,29715436.0,29475010.0,0.815694379747454
Nepal,NPL,Least Developed,population,2023,29694614.0,29715436.0,-0.07007132589271112
Nepal,NPL,Least Developed,population,2024,29651054.0,29694614.0,-0.14669326902178287
Nepal,NPL,Least Developed,population,2025,29618118.0,29651054.0,-0.11107868205966641
Nepal,NPL,Least Developed,unemployment,1960,,,
Nepal,NPL,Least Developed,unemployment,1961,,,
Nepal,NPL,Least Developed,unemployment,1962,,,
Nepal,NPL,Least Developed,unemployment,1963,,,
Nepal,NPL,Least Developed,unemployment,1964,,,
Nepal,NPL,Least Developed,unemployment,1965,,,
Nepal,NPL,Least Developed,unemployment,1966,,,
Nepal,NPL,Least Developed,unemployment,1967,,,
Nepal,NPL,Least Developed,unemployment,1968,,,
Nepal,NPL,Least Developed,unemployment,1969,,,
Nepal,NPL,Least Developed,unemployment,1970,,,
Nepal,NPL,Least Developed,unemployment,1971,,,
Nepal,NPL,Least Developed,unemployment,1972,,,
Nepal,NPL,Least Developed,unemployment,1973,,,
Nepal,NPL,Least Developed,unemployment,1974,,,
Nepal,NPL,Least Developed,unemployment,1975,,,
Nepal,NPL,Least Developed,unemployment,1976,,,
Nepal,NPL,Least Developed,unemployment,1977,,,
Nepal,NPL,Least Developed,unemployment,1978,,,
Nepal,NPL,Least Developed,unemployment,1979,,,
Nepal,NPL,Least Developed,unemployment,1980,,,
Nepal,NPL,Least Developed,unemployment,1981,,,
Nepal,NPL,Least Developed,unemployment,1982,,,
Nepal,NPL,Least Developed,unemployment,1983,,,
Nepal,NPL,Least Developed,unemployment,1984,,,
Nepal,NPL,Least Developed,unemployment,1985,,,
Nepal,NPL,Least Developed,unemployment,1986,,,
Nepal,NPL,Least Developed,unemployment,1987,,,
Nepal,NPL,Least Developed,unemployment,1988,,,
Nepal,NPL,Least Developed,unemployment,1989,,,
Nepal,NPL,Least Developed,unemployment,1990,,,
Nepal,NPL,Least Developed,unemployment,1991,10.465,,
Nepal,NPL,Least Developed,unemployment,1992,10.473,10.465,0.07644529383660674
Nepal,NPL,Least Developed,unemployment,1993,10.492,10.473,0.18141888666093886
Nepal,NPL,Least Developed,unemployment,1994,10.458,10.492,-0.3240564239420577
Nepal,NPL,Least Developed,unemployment,1995,10.473,10.458,0.143430866322438
Nepal,NPL,Least Developed,unemployment,1996,10.446,10.473,-0.257805786307658
Nepal,NPL,Least Developed,unemployment,1997,10.512,10.446,0.6318207926479105
Nepal,NPL,Least Developed,unemployment,1998,10.526,10.512,0.13318112633180504
Nepal,NPL,Least Developed,unemployment,1999,10.549,10.526,0.21850655519665294
Nepal,NPL,Least Developed,unemployment,2000,10.531,10.549,-0.17063228742059822
Nepal,NPL,Least Developed,unemployment,2001,10.502,10.531,-0.2753774570316201
Nepal,NPL,Least Developed,unemployment,2002,10.593,10.502,0.8665016187392811
Nepal,NPL,Least Developed,unemployment,2003,10.644,10.593,0.48145001416029604
Nepal,NPL,Least Developed,unemployment,2004,10.652,10.644,0.07515971439307703
Nepal,NPL,Least Developed,unemployment,2005,10.59,10.652,-0.582050319188879
Nepal,NPL,Least Developed,unemployment,2006,10.609,10.59,0.17941454202077553
Nepal,NPL,Least Developed,unemployment,2007,10.642,10.609,0.31105665001413396
Nepal,NPL,Least Developed,unemployment,2008,10.597,10.642,-0.42285284720917055
Nepal,NPL,Least Developed,unemployment,2009,10.582,10.597,-0.1415494951401226
Nepal,NPL,Least Developed,unemployment,2010,10.563,10.582,-0.17955017955018077
Nepal,NPL,Least Developed,unemployment,2011,10.627,10.563,0.6058884786518987
Nepal,NPL,Least Developed,unemployment,2012,10.632,10.627,0.047049967065013694
Nepal,NPL,Least Developed,unemployment,2013,10.666,10.632,0.31978931527464916
Nepal,NPL,Least Developed,unemployment,2014,10.62,10.666,-0.4312769548096864
Nepal,NPL,Least Developed,unemployment,2015,10.643,10.62,0.2165725047081117
Nepal,NPL,Least Developed,unemployment,2016,10.714,10.643,0.667105139528326
Nepal,NPL,Least Developed,unemployment,2017,10.66,10.714,-0.5040134403584121
Nepal,NPL,Least Developed,unemployment,2018,10.593,10.66,-0.6285178236397765
Nepal,NPL,Least Developed,unemployment,2019,10.477,10.593,-1.0950627773057646
Nepal,NPL,Least Developed,unemployment,2020,13.037,10.477,24.4344755178009
Nepal,NPL,Least Developed,unemployment,2021,12.241,13.037,-6.1056991639180875
Nepal,NPL,Least Developed,unemployment,2022,10.661,12.241,-12.907442202434444
Nepal,NPL,Least Developed,unemployment,2023,10.437,10.661,-2.1011162179908096
Nepal,NPL,Least Developed,unemployment,2024,10.5,10.437,0.6036217303822996
Nepal,NPL,Least Developed,unemployment,2025,10.465,10.5,-0.3333333333333347
Nigeria,NGA,Developing,gdp,1960,4196174501.5302,,
Nigeria,NGA,Developing,gdp,1961,4467287893.08484,4196174501.5302,6.4609656117917424
Nigeria,NGA,Developing,gdp,1962,4909399176.24033,4467287893.08484,9.896637372304978
Nigeria,NGA,Developing,gdp,1963,5165590253.7639,4909399176.24033,5.218379445766802
Nigeria,NGA,Developing,gdp,1964,5552931318.82747,5165590253.7639,7.49848605938759
Nigeria,NGA,Developing,gdp,1965,5874537650.18494,5552931318.82747,5.791649723220048
Nigeria,NGA,Developing,gdp,1966,6366917453.23302,5874537650.18494,8.381592431066954
Nigeria,NGA,Developing,gdp,1967,5203237918.70483,6366917453.23302,-18.276969083952732
Nigeria,NGA,Developing,gdp,1968,5200997919.60083,5203237918.70483,-0.04305009955335011
Nigeria,NGA,Developing,gdp,1969,6634317346.27306,5200997919.60083,27.55854643337822
Nigeria,NGA,Developing,gdp,1970,12546094981.562,6634317346.27306,89.10905714526879
Nigeria,NGA,Developing,gdp,1971,9181769911.50443,12546094981.562,-26.815714969493303
Nigeria,NGA,Developing,gdp,1972,12274416017.7976,9181769911.50443,33.68246140015111
Nigeria,NGA,Developing,gdp,1973,15162871287.1287,12274416017.7976,23.532323371986998
Nigeria,NGA,Developing,gdp,1974,24846641318.1242,15162871287.1287,63.86501505961972
Nigeria,NGA,Developing,gdp,1975,27778934624.6973,24846641318.1242,11.801568143675665
Nigeria,NGA,Developing,gdp,1976,36308883248.731,27778934624.6973,30.706536227094965
Nigeria,NGA,Developing,gdp,1977,36035407725.3219,36308883248.731,-0.7531917782645143
Nigeria,NGA,Developing,gdp,1978,36527862208.7133,36035407725.3219,1.366585018671394
Nigeria,NGA,Developing,gdp,1979,47259911894.2731,36527862208.7133,29.380448338966282
Nigeria,NGA,Developing,gdp,1980,64201788122.6054,47259911894.2731,35.848302608421264
Nigeria,NGA,Developing,gdp,1981,164475209515.939,64201788122.6054,156.1847797787853
Nigeria,NGA,Developing,gdp,1982,142769363314.176,164475209515.939,-13.197032103284553
Nigeria,NGA,Developing,gdp,1983,97094911792.0489,142769363314.176,-31.99177362836354
Nigeria,NGA,Developing,gdp,1984,73484359521.4887,97094911792.0489,-24.316982048583185
Nigeria,NGA,Developing,gdp,1985,73745821158.2254,73484359521.4887,0.355805831933871
Nigeria,NGA,Developing,gdp,1986,54805852580.9129,73745821158.2254,-25.682768568914348
Nigeria,NGA,Developing,gdp,1987,52676041931.1087,54805852580.9129,-3.886100752943935
Nigeria,NGA,Developing,gdp,1988,49648470440.4593,52676041931.1087,-5.747530337622851
Nigeria,NGA,Developing,gdp,1989,44003061108.4005,49648470440.4593,-11.37076184215792
Nigeria,NGA,Developing,gdp,1990,54035795387.8086,44003061108.4005,22.80008260037342
Nigeria,NGA,Developing,gdp,1991,59526833412.3581,54035795387.8086,10.161852870196432
Nigeria,NGA,Developing,gdp,1992,52058181853.8055,59526833412.3581,-12.54669722949192
Nigeria,NGA,Developing,gdp,1993,56721051402.4732,52058181853.8055,8.957034960925824
Nigeria,NGA,Developing,gdp,1994,80399613063.6364,56721051402.4732,41.74563248686668
Nigeria,NGA,Developing,gdp,1995,140919776986.364,80399613063.6364,75.27419799250255
Nigeria,NGA,Developing,gdp,1996,185730236700.0,140919776986.364,31.79855991254658
Nigeria,NGA,Developing,gdp,1997,200850397618.182,185730236700.0,8.140925886292163
Nigeria,NGA,Developing,gdp,1998,218416200672.727,200850397618.182,8.745714851875821
Nigeria,NGA,Developing,gdp,1999,59145077039.1437,218416200672.727,-72.92092946540801
Nigeria,NGA,Developing,gdp,2000,69171451627.2465,59145077039.1437,16.95217098367646
Nigeria,NGA,Developing,gdp,2001,73557840064.489,69171451627.2465,6.341327721268613
Nigeria,NGA,Developing,gdp,2002,95054059302.6995,73557840064.489,29.22355960882554
Nigeria,NGA,Developing,gdp,2003,104738954264.226,95054059302.6995,10.188828370480184
Nigeria,NGA,Developing,gdp,2004,135764731645.611,104738954264.226,29.622004152453112
Nigeria,NGA,Developing,gdp,2005,175670569969.346,135764731645.611,29.393376203108414
Nigeria,NGA,Developing,gdp,2006,238454997161.48,175670569969.346,35.73986650301738
Nigeria,NGA,Developing,gdp,2007,278260846800.103,238454997161.48,16.693233571308543
Nigeria,NGA,Developing,gdp,2008,339476276257.793,278260846800.103,21.999296761166665
Nigeria,NGA,Developing,gdp,2009,295008835380.997,339476276257.793,-13.098836056228016
Nigeria,NGA,Developing,gdp,2010,366990417129.04,295008835380.997,24.399805400770607
Nigeria,NGA,Developing,gdp,2011,414466676831.16,366990417129.04,12.93664833908362
Nigeria,NGA,Developing,gdp,2012,463971018239.281,414466676831.16,11.944106529048526
Nigeria,NGA,Developing,gdp,2013,520117180313.906,463971018239.281,12.101221815037826
Nigeria,NGA,Developing,gdp,2014,574183763411.508,520117180313.906,10.39507732949165
Nigeria,NGA,Developing,gdp,2015,493026682800.63,574183763411.508,-14.134339175438178
Nigeria,NGA,Developing,gdp,2016,404649125252.16,493026682800.63,-17.925512072986145
Nigeria,NGA,Developing,gdp,2017,375745731053.427,404649125252.16,-7.142828785487085
Nigeria,NGA,Developing,gdp,2018,421739251509.08,375745731053.427,12.24059693950674
Nigeria,NGA,Developing,gdp,2019,668219992686.575,421739251509.08,58.443870305059384
Nigeria,NGA,Developing,gdp,2020,598586817817.392,668219992686.575,-10.42069612272796
Nigeria,NGA,Developing,gdp,2021,609147716965.348,598586817817.392,1.764305332760906
Nigeria,NGA,Developing,gdp,2022,646950257575.455,609147716965.348,6.205808469320319
Nigeria,NGA,Developing,gdp,2023,487387801877.803,646950257575.455,-24.6637904273563
Nigeria,NGA,Developing,gdp,2024,252261880140.271,487387801877.803,-48.24206121524608
Nigeria,NGA,Developing,gdp,2025,290794361542.112,252261880140.271,15.274793552008292
Nigeria,NGA,Developing,gdp_per_capita,1960,93.1370090424417,,
Nigeria,NGA,Developing,gdp_per_capita,1961,97.1375281143562,93.1370090424417,4.295305499977453
Nigeria,NGA,Developing,gdp_per_capita,1962,104.532495533943,97.1375281143562,7.612884086242137
Nigeria,NGA,Developing,gdp_per_capita,1963,107.675741358944,104.532495533943,3.0069556925294467
Nigeria,NGA,Developing,gdp_per_capita,1964,113.297345671875,107.675741358944,5.220864274517525
Nigeria,NGA,Developing,gdp_per_capita,1965,117.287226824734,113.297345671875,3.521601613169534
Nigeria,NGA,Developing,gdp_per_capita,1966,124.382440176253,117.287226824734,6.049433978110501
Nigeria,NGA,Developing,gdp_per_capita,1967,99.5014906604697,124.382440176253,-20.00358690545577
Nigeria,NGA,Developing,gdp_per_capita,1968,97.3372081255964,99.5014906604697,-2.1751257398328887
Nigeria,NGA,Developing,gdp_per_capita,1969,121.436663307697,97.3372081255964,24.758728595343033
Nigeria,NGA,Developing,gdp_per_capita,1970,224.46293599595,121.436663307697,84.83951212263166
Nigeria,NGA,Developing,gdp_per_capita,1971,160.479255841113,224.46293599595,-28.5052317750987
Nigeria,NGA,Developing,gdp_per_capita,1972,209.454776294345,160.479255841113,30.518287361527648
Nigeria,NGA,Developing,gdp_per_capita,1973,252.369032452868,209.454776294345,20.48855457858643
Nigeria,NGA,Developing,gdp_per_capita,1974,402.836999782685,252.369032452868,59.62219923235554
Nigeria,NGA,Developing,gdp_per_capita,1975,438.078813916795,402.836999782685,8.748405472466935
Nigeria,NGA,Developing,gdp_per_capita,1976,556.389687719878,438.078813916795,27.00675541583117
Nigeria,NGA,Developing,gdp_per_capita,1977,535.965307817329,556.389687719878,-3.670876788937178
Nigeria,NGA,Developing,gdp_per_capita,1978,526.895852928476,535.965307817329,-1.6921720037790386
Nigeria,NGA,Developing,gdp_per_capita,1979,660.994040864293,526.895852928476,25.450606071484934
Nigeria,NGA,Developing,gdp_per_capita,1980,870.359934682057,660.994040864293,31.67439959731019
Nigeria,NGA,Developing,gdp_per_capita,1981,2162.20995436075,870.359934682057,148.4271010418933
Nigeria,NGA,Developing,gdp_per_capita,1982,1821.53265482387,2162.20995436075,-15.755976835172799
Nigeria,NGA,Developing,gdp_per_capita,1983,1207.07374565349,1821.53265482387,-33.73307129812581
Nigeria,NGA,Developing,gdp_per_capita,1984,890.434106332302,1207.07374565349,-26.23200450356614
Nigeria,NGA,Developing,gdp_per_capita,1985,868.640540548893,890.434106332302,-2.447521453684732
Nigeria,NGA,Developing,gdp_per_capita,1986,628.248453718536,868.640540548893,-27.67451846979805
Nigeria,NGA,Developing,gdp_per_capita,1987,587.956613434089,628.248453718536,-6.413360836141151
Nigeria,NGA,Developing,gdp_per_capita,1988,539.539468397166,587.956613434089,-8.234815959315785
Nigeria,NGA,Developing,gdp_per_capita,1989,465.488089532188,539.539468397166,-13.724923421258836
Nigeria,NGA,Developing,gdp_per_capita,1990,556.376449130902,465.488089532188,19.525388864418872
Nigeria,NGA,Developing,gdp_per_capita,1991,596.938795710722,556.376449130902,7.29044995401607
Nigeria,NGA,Developing,gdp_per_capita,1992,508.515905682785,596.938795710722,-14.812722956406239
Nigeria,NGA,Developing,gdp_per_capita,1993,539.573202297542,508.515905682785,6.107438581111118
Nigeria,NGA,Developing,gdp_per_capita,1994,744.884247151377,539.573202297542,38.05063779661511
Nigeria,NGA,Developing,gdp_per_capita,1995,1271.61617353199,744.884247151377,70.71325892512387
Nigeria,NGA,Developing,gdp_per_capita,1996,1632.72469370276,1271.61617353199,28.397603591952564
Nigeria,NGA,Developing,gdp_per_capita,1997,1720.27540949396,1632.72469370276,5.362246074238572
Nigeria,NGA,Developing,gdp_per_capita,1998,1822.46998452473,1720.27540949396,5.940593841356588
Nigeria,NGA,Developing,gdp_per_capita,1999,480.669363941805,1822.46998452473,-73.6253892781035
Nigeria,NGA,Developing,gdp_per_capita,2000,547.318298903379,480.669363941805,13.86585872979481
Nigeria,NGA,Developing,gdp_per_capita,2001,566.428231812933,547.318298903379,3.491557462603234
Nigeria,NGA,Developing,gdp_per_capita,2002,712.164852077686,566.428231812933,25.729053052017292
Nigeria,NGA,Developing,gdp_per_capita,2003,763.388745367223,712.164852077686,7.19270168137269
Nigeria,NGA,Developing,gdp_per_capita,2004,962.48104194733,763.388745367223,26.080067041640103
Nigeria,NGA,Developing,gdp_per_capita,2005,1211.37703504386,962.48104194733,25.85983331089344
Nigeria,NGA,Developing,gdp_per_capita,2006,1599.53891556365,1211.37703504386,32.04302783449549
Nigeria,NGA,Developing,gdp_per_capita,2007,1815.52697545827,1599.53891556365,13.50314504967886
Nigeria,NGA,Developing,gdp_per_capita,2008,2154.10543545364,1815.52697545827,18.649045955921803
Nigeria,NGA,Developing,gdp_per_capita,2009,1820.48633854782,2154.10543545364,-15.487593662543361
Nigeria,NGA,Developing,gdp_per_capita,2010,2202.25672957344,1820.48633854782,20.970791317783462
Nigeria,NGA,Developing,gdp_per_capita,2011,2418.41316975875,2202.25672957344,9.815224414238823
Nigeria,NGA,Developing,gdp_per_capita,2012,2633.19734671361,2418.41316975875,8.881202750656781
Nigeria,NGA,Developing,gdp_per_capita,2013,2872.79083379398,2633.19734671361,9.098956725723466
Nigeria,NGA,Developing,gdp_per_capita,2014,3088.72131316169,2872.79083379398,7.51640101422001
Nigeria,NGA,Developing,gdp_per_capita,2015,2585.73360671797,3088.72131316169,-16.28465813022314
Nigeria,NGA,Developing,gdp_per_capita,2016,2070.4127339595,2585.73360671797,-19.929387598924322
Nigeria,NGA,Developing,gdp_per_capita,2017,1876.34027111773,2070.4127339595,-9.373612307272762
Nigeria,NGA,Developing,gdp_per_capita,2018,2057.87944554011,1876.34027111773,9.675173379625726
Nigeria,NGA,Developing,gdp_per_capita,2019,3189.81286496183,2057.87944554011,55.004845977487946
Nigeria,NGA,Developing,gdp_per_capita,2020,2797.184580679,3189.81286496183,-12.30881875848
Nigeria,NGA,Developing,gdp_per_capita,2021,2787.48779220991,2797.184580679,-0.34666244537700264
Nigeria,NGA,Developing,gdp_per_capita,2022,2899.16047469267,2787.48779220991,4.006212432386168
Nigeria,NGA,Developing,gdp_per_capita,2023,2138.76383718757,2899.16047469267,-26.22816653795982
Nigeria,NGA,Developing,gdp_per_capita,2024,1084.16041805058,2138.76383718757,-49.30901676941441
Nigeria,NGA,Developing,gdp_per_capita,2025,1224.25410237743,1084.16041805058,12.92185934796913
Nigeria,NGA,Developing,population,1960,45053782.0,,
Nigeria,NGA,Developing,population,1961,45989310.0,45053782.0,2.076469407163199
Nigeria,NGA,Developing,population,1962,46965292.0,45989310.0,2.122193179241002
Nigeria,NGA,Developing,population,1963,47973575.0,46965292.0,2.1468683724994193
Nigeria,NGA,Developing,population,1964,49012016.0,47973575.0,2.1646104131284774
Nigeria,NGA,Developing,population,1965,50086764.0,49012016.0,2.1928255307841247
Nigeria,NGA,Developing,population,1966,51188234.0,50086764.0,2.199123904271396
Nigeria,NGA,Developing,population,1967,52293065.0,51188234.0,2.1583690502000907
Nigeria,NGA,Developing,population,1968,53432783.0,52293065.0,2.1794821167969403
Nigeria,NGA,Developing,population,1969,54631914.0,53432783.0,2.2441859335681618
Nigeria,NGA,Developing,population,1970,55893838.0,54631914.0,2.3098659878546446
Nigeria,NGA,Developing,population,1971,57214684.0,55893838.0,2.3631334817265546
Nigeria,NGA,Developing,population,1972,58601748.0,57214684.0,2.4243147091400523
Nigeria,NGA,Developing,population,1973,60082139.0,58601748.0,2.5261891505352367
Nigeria,NGA,Developing,population,1974,61679144.0,60082139.0,2.6580361927527245
Nigeria,NGA,Developing,population,1975,63410815.0,61679144.0,2.8075470697193854
Nigeria,NGA,Developing,population,1976,65258009.0,63410815.0,2.9130582850890656
Nigeria,NGA,Developing,population,1977,67234590.0,65258009.0,3.028871138253697
Nigeria,NGA,Developing,population,1978,69326532.0,67234590.0,3.111407387179724
Nigeria,NGA,Developing,population,1979,71498242.0,69326532.0,3.1325813326418808
Nigeria,NGA,Developing,population,1980,73764641.0,71498242.0,3.1698667500104407
Nigeria,NGA,Developing,population,1981,76068103.0,73764641.0,3.1227183766813154
Nigeria,NGA,Developing,population,1982,78378701.0,76068103.0,3.0375386119461925
Nigeria,NGA,Developing,population,1983,80438260.0,78378701.0,2.627702390729849
Nigeria,NGA,Developing,population,1984,82526443.0,80438260.0,2.596007173700674
Nigeria,NGA,Developing,population,1985,84897973.0,82526443.0,2.873660748955338
Nigeria,NGA,Developing,population,1986,87235953.0,84897973.0,2.7538702249110236
Nigeria,NGA,Developing,population,1987,89591716.0,87235953.0,2.7004496643717526
Nigeria,NGA,Developing,population,1988,92020090.0,89591716.0,2.710489438554788
Nigeria,NGA,Developing,population,1989,94531014.0,92020090.0,2.728669359049747
Nigeria,NGA,Developing,population,1990,97120925.0,94531014.0,2.7397474018421084
Nigeria,NGA,Developing,population,1991,99720162.0,97120925.0,2.6762893784217976
Nigeria,NGA,Developing,population,1992,102372770.0,99720162.0,2.660051835856424
Nigeria,NGA,Developing,population,1993,105122069.0,102372770.0,2.685576447721401
Nigeria,NGA,Developing,population,1994,107935714.0,105122069.0,2.6765502494057647
Nigeria,NGA,Developing,population,1995,110819428.0,107935714.0,2.6716958577769727
Nigeria,NGA,Developing,population,1996,113754779.0,110819428.0,2.6487693114604416
Nigeria,NGA,Developing,population,1997,116754792.0,113754779.0,2.6372632660997914
Nigeria,NGA,Developing,population,1998,119846254.0,116754792.0,2.6478245107061644
Nigeria,NGA,Developing,population,1999,123047320.0,119846254.0,2.6709771003772884
Nigeria,NGA,Developing,population,2000,126382494.0,123047320.0,2.7104808133976426
Nigeria,NGA,Developing,population,2001,129862595.0,126382494.0,2.7536258304888332
Nigeria,NGA,Developing,population,2002,133471989.0,129862595.0,2.7793946363077064
Nigeria,NGA,Developing,population,2003,137202644.0,133471989.0,2.795084592618156
Nigeria,NGA,Developing,population,2004,141057045.0,137202644.0,2.8092760369836602
Nigeria,NGA,Developing,population,2005,145017253.0,141057045.0,2.807522304185516
Nigeria,NGA,Developing,population,2006,149077334.0,145017253.0,2.799722733680523
Nigeria,NGA,Developing,population,2007,153267261.0,149077334.0,2.8105727997523755
Nigeria,NGA,Developing,population,2008,157595014.0,153267261.0,2.8236643440767173
Nigeria,NGA,Developing,population,2009,162049464.0,157595014.0,2.826517087653547
Nigeria,NGA,Developing,population,2010,166642886.0,162049464.0,2.8345801871951886
Nigeria,NGA,Developing,population,2011,171379598.0,166642886.0,2.8424327696773086
Nigeria,NGA,Developing,population,2012,176200625.0,171379598.0,2.813069382972879
Nigeria,NGA,Developing,population,2013,181049443.0,176200625.0,2.7518733262154997
Nigeria,NGA,Developing,population,2014,185896915.0,181049443.0,2.677429943819269
Nigeria,NGA,Developing,population,2015,190671878.0,185896915.0,2.568607983623612
Nigeria,NGA,Developing,population,2016,195443700.0,190671878.0,2.5026354437018763
Nigeria,NGA,Developing,population,2017,200254579.0,195443700.0,2.4615165390340032
Nigeria,NGA,Developing,population,2018,204938755.0,200254579.0,2.3391105578664444
Nigeria,NGA,Developing,population,2019,209485641.0,204938755.0,2.2186560077424105
Nigeria,NGA,Developing,population,2020,213996181.0,209485641.0,2.1531499621971704
Nigeria,NGA,Developing,population,2021,218529286.0,213996181.0,2.1183111674315347
Nigeria,NGA,Developing,population,2022,223150896.0,218529286.0,2.114869857763595
Nigeria,NGA,Developing,population,2023,227882945.0,223150896.0,2.1205601612283016
Nigeria,NGA,Developing,population,2024,232679478.0,227882945.0,2.104823158222745
Nigeria,NGA,Developing,population,2025,237527782.0,232679478.0,2.083683546857536
Nigeria,NGA,Developing,unemployment,1960,,,
Nigeria,NGA,Developing,unemployment,1961,,,
Nigeria,NGA,Developing,unemployment,1962,,,
Nigeria,NGA,Developing,unemployment,1963,,,
Nigeria,NGA,Developing,unemployment,1964,,,
Nigeria,NGA,Developing,unemployment,1965,,,
Nigeria,NGA,Developing,unemployment,1966,,,
Nigeria,NGA,Developing,unemployment,1967,,,
Nigeria,NGA,Developing,unemployment,1968,,,
Nigeria,NGA,Developing,unemployment,1969,,,
Nigeria,NGA,Developing,unemployment,1970,,,
Nigeria,NGA,Developing,unemployment,1971,,,
Nigeria,NGA,Developing,unemployment,1972,,,
Nigeria,NGA,Developing,unemployment,1973,,,
Nigeria,NGA,Developing,unemployment,1974,,,
Nigeria,NGA,Developing,unemployment,1975,,,
Nigeria,NGA,Developing,unemployment,1976,,,
Nigeria,NGA,Developing,unemployment,1977,,,
Nigeria,NGA,Developing,unemployment,1978,,,
Nigeria,NGA,Developing,unemployment,1979,,,
Nigeria,NGA,Developing,unemployment,1980,,,
Nigeria,NGA,Developing,unemployment,1981,,,
Nigeria,NGA,Developing,unemployment,1982,,,
Nigeria,NGA,Developing,unemployment,1983,,,
Nigeria,NGA,Developing,unemployment,1984,,,
Nigeria,NGA,Developing,unemployment,1985,,,
Nigeria,NGA,Developing,unemployment,1986,,,
Nigeria,NGA,Developing,unemployment,1987,,,
Nigeria,NGA,Developing,unemployment,1988,,,
Nigeria,NGA,Developing,unemployment,1989,,,
Nigeria,NGA,Developing,unemployment,1990,,,
Nigeria,NGA,Developing,unemployment,1991,3.831,,
Nigeria,NGA,Developing,unemployment,1992,3.79,3.831,-1.0702166536152422
Nigeria,NGA,Developing,unemployment,1993,4.023,3.79,6.147757255936667
Nigeria,NGA,Developing,unemployment,1994,4.064,4.023,1.0191399453144512
Nigeria,NGA,Developing,unemployment,1995,4.152,4.064,2.1653543307086633
Nigeria,NGA,Developing,unemployment,1996,4.043,4.152,-2.6252408477842
Nigeria,NGA,Developing,unemployment,1997,3.964,4.043,-1.9539945584961707
Nigeria,NGA,Developing,unemployment,1998,3.922,3.964,-1.0595358224016098
Nigeria,NGA,Developing,unemployment,1999,3.986,3.922,1.6318204997450296
Nigeria,NGA,Developing,unemployment,2000,3.953,3.986,-0.8278976417461205
Nigeria,NGA,Developing,unemployment,2001,3.9,3.953,-1.340753857829495
Nigeria,NGA,Developing,unemployment,2002,3.669,3.9,-5.92307692307692
Nigeria,NGA,Developing,unemployment,2003,3.637,3.669,-0.8721722540201697
Nigeria,NGA,Developing,unemployment,2004,3.59,3.637,-1.292273852075891
Nigeria,NGA,Developing,unemployment,2005,3.727,3.59,3.816155988857939
Nigeria,NGA,Developing,unemployment,2006,3.749,3.727,0.5902870941776293
Nigeria,NGA,Developing,unemployment,2007,3.794,3.749,1.2003200853560931
Nigeria,NGA,Developing,unemployment,2008,3.792,3.794,-0.05271481286242024
Nigeria,NGA,Developing,unemployment,2009,3.763,3.792,-0.7647679324894493
Nigeria,NGA,Developing,unemployment,2010,3.744,3.763,-0.5049162901939858
Nigeria,NGA,Developing,unemployment,2011,3.77,3.744,0.6944444444444391
Nigeria,NGA,Developing,unemployment,2012,3.761,3.77,-0.23872679045092562
Nigeria,NGA,Developing,unemployment,2013,3.711,3.761,-1.3294336612603102
Nigeria,NGA,Developing,unemployment,2014,3.9,3.711,5.09296685529507
Nigeria,NGA,Developing,unemployment,2015,4.134,3.9,6.000000000000011
Nigeria,NGA,Developing,unemployment,2016,4.499,4.134,8.82922109337202
Nigeria,NGA,Developing,unemployment,2017,4.83,4.499,7.357190486774848
Nigeria,NGA,Developing,unemployment,2018,5.069,4.83,4.948240165631467
Nigeria,NGA,Developing,unemployment,2019,5.206,5.069,2.702702702702712
Nigeria,NGA,Developing,unemployment,2020,5.714,5.206,9.757971571263925
Nigeria,NGA,Developing,unemployment,2021,5.404,5.714,-5.425271263563187
Nigeria,NGA,Developing,unemployment,2022,3.827,5.404,-29.182087342709107
Nigeria,NGA,Developing,unemployment,2023,3.074,3.827,-19.675986412333422
Nigeria,NGA,Developing,unemployment,2024,3.045,3.074,-0.9433962264150916
Nigeria,NGA,Developing,unemployment,2025,3.064,3.045,0.6239737274220075
Pakistan,PAK,Developing,gdp,1960,3749265014.69971,,
Pakistan,PAK,Developing,gdp,1961,4118647627.04746,3749265014.69971,9.852133975579616
Pakistan,PAK,Developing,gdp,1962,4310163796.72407,4118647627.04746,4.649977056034336
Pakistan,PAK,Developing,gdp,1963,4630827383.45233,4310163796.72407,7.4397076735686865
Pakistan,PAK,Developing,gdp,1964,5204955900.88198,4630827383.45233,12.397968438236875
Pakistan,PAK,Developing,gdp,1965,5929231415.37169,5204955900.88198,13.91511337045106
Pakistan,PAK,Developing,gdp,1966,6561108777.82444,5929231415.37169,10.656986010270932
Pakistan,PAK,Developing,gdp,1967,7464510709.7858,6561108777.82444,13.76904365638202
Pakistan,PAK,Developing,gdp,1968,8041999160.0168,7464510709.7858,7.736454172058807
Pakistan,PAK,Developing,gdp,1969,8683116337.67325,8041999160.0168,7.972111969918572
Pakistan,PAK,Developing,gdp,1970,10027509449.811,8683116337.67325,15.482841181165123
Pakistan,PAK,Developing,gdp,1971,10665896682.0664,10027509449.811,6.366358819711031
Pakistan,PAK,Developing,gdp,1972,9415016359.56604,10665896682.0664,-11.727849610652859
Pakistan,PAK,Developing,gdp,1973,6383429490.21091,9415016359.56604,-32.19948594433311
Pakistan,PAK,Developing,gdp,1974,8899191919.19192,6383429490.21091,39.410828189439094
Pakistan,PAK,Developing,gdp,1975,11230606060.6061,8899191919.19192,26.198043177226836
Pakistan,PAK,Developing,gdp,1976,13168080808.0808,11230606060.6061,17.251738125432354
Pakistan,PAK,Developing,gdp,1977,15126060606.0606,13168080808.0808,14.869135650946616
Pakistan,PAK,Developing,gdp,1978,17811515151.5152,15126060606.0606,17.75382642840009
Pakistan,PAK,Developing,gdp,1979,19688383838.3838,17811515151.5152,10.537389272629825
Pakistan,PAK,Developing,gdp,1980,23654444444.4444,19688383838.3838,20.14416540543315
Pakistan,PAK,Developing,gdp,1981,28100606060.6061,23654444444.4444,18.796305390321457
Pakistan,PAK,Developing,gdp,1982,30725971563.981,28100606060.6061,9.342736230359705
Pakistan,PAK,Developing,gdp,1983,28691889763.7795,30725971563.981,-6.620073171537996
Pakistan,PAK,Developing,gdp,1984,31151825467.4978,28691889763.7795,8.573627335009878
Pakistan,PAK,Developing,gdp,1985,31144920844.3272,31151825467.4978,-0.02216442557371478
Pakistan,PAK,Developing,gdp,1986,31899070055.7967,31144920844.3272,2.4214195799019342
Pakistan,PAK,Developing,gdp,1987,33351529274.6869,31899070055.7967,4.553296432622056
Pakistan,PAK,Developing,gdp,1988,38472742808.3167,33351529274.6869,15.35525849939569
Pakistan,PAK,Developing,gdp,1989,40171106279.0078,38472742808.3167,4.414459034420483
Pakistan,PAK,Developing,gdp,1990,40010423970.4576,40171106279.0078,-0.39999473112385125
Pakistan,PAK,Developing,gdp,1991,45625336680.2047,40010423970.4576,14.033624622155871
Pakistan,PAK,Developing,gdp,1992,48884671947.4657,45625336680.2047,7.143695815564508
Pakistan,PAK,Developing,gdp,1993,51809999353.1614,48884671947.4657,5.984140404663916
Pakistan,PAK,Developing,gdp,1994,52293470813.1336,51809999353.1614,0.9331624512801648
Pakistan,PAK,Developing,gdp,1995,60636071684.1918,52293470813.1336,15.9534273425258
Pakistan,PAK,Developing,gdp,1996,63320170084.4076,60636071684.1918,4.426570398879514
Pakistan,PAK,Developing,gdp,1997,62433340468.0228,63320170084.4076,-1.4005483800858944
Pakistan,PAK,Developing,gdp,1998,62191955814.3478,62433340468.0228,-0.38662780473620206
Pakistan,PAK,Developing,gdp,1999,62973857068.5113,62191955814.3478,1.2572385671510138
Pakistan,PAK,Developing,gdp,2000,99484802344.5277,62973857068.5113,57.9779403321206
Pakistan,PAK,Developing,gdp,2001,97145618479.9038,99484802344.5277,-2.351297695222864
Pakistan,PAK,Developing,gdp,2002,97923302809.3537,97145618479.9038,0.8005346423429097
Pakistan,PAK,Developing,gdp,2003,112371913740.823,97923302809.3537,14.755028187314325
Pakistan,PAK,Developing,gdp,2004,132216048339.413,112371913740.823,17.659336695429907
Pakistan,PAK,Developing,gdp,2005,145208562960.767,132216048339.413,9.826730404164556
Pakistan,PAK,Developing,gdp,2006,161871385506.36,145208562960.767,11.475096375752312
Pakistan,PAK,Developing,gdp,2007,184140869997.46,161871385506.36,13.757517686920046
Pakistan,PAK,Developing,gdp,2008,202203748583.854,184140869997.46,9.80927188333756
Pakistan,PAK,Developing,gdp,2009,187337783856.466,202203748583.854,-7.351972864747894
Pakistan,PAK,Developing,gdp,2010,196709621849.586,187337783856.466,5.0026416455852205
Pakistan,PAK,Developing,gdp,2011,230586581059.665,196709621849.586,17.221810957464516
Pakistan,PAK,Developing,gdp,2012,250106966104.704,230586581059.665,8.465533837803008
Pakistan,PAK,Developing,gdp,2013,258657231672.412,250106966104.704,3.4186435111641473
Pakistan,PAK,Developing,gdp,2014,271390474857.632,258657231672.412,4.922825123770978
Pakistan,PAK,Developing,gdp,2015,299963590534.773,271390474857.632,10.528415078727473
Pakistan,PAK,Developing,gdp,2016,313630000130.435,299963590534.773,4.556022806400472
Pakistan,PAK,Developing,gdp,2017,339205534861.1,313630000130.435,8.154683773882732
Pakistan,PAK,Developing,gdp,2018,356128166704.921,339205534861.1,4.988902038627003
Pakistan,PAK,Developing,gdp,2019,320909472770.669,356128166704.921,-9.889331209073768
Pakistan,PAK,Developing,gdp,2020,300425609817.981,320909472770.669,-6.383065845901761
Pakistan,PAK,Developing,gdp,2021,348516647445.148,300425609817.981,16.007635852450772
Pakistan,PAK,Developing,gdp,2022,374890295666.694,348516647445.148,7.567399840117201
Pakistan,PAK,Developing,gdp,2023,336686348609.266,374890295666.694,-10.190700452645004
Pakistan,PAK,Developing,gdp,2024,371747087751.306,336686348609.266,10.413472149038338
Pakistan,PAK,Developing,gdp,2025,407307214476.222,371747087751.306,9.56567728345063
Pakistan,PAK,Developing,gdp_per_capita,1960,82.0241000071912,,
Pakistan,PAK,Developing,gdp_per_capita,1961,87.7778246966181,82.0241000071912,7.014675795190028
Pakistan,PAK,Developing,gdp_per_capita,1962,89.5039525753413,87.7778246966181,1.9664737474289546
Pakistan,PAK,Developing,gdp_per_capita,1963,93.6508728613463,89.5039525753413,4.633225870683495
Pakistan,PAK,Developing,gdp_per_capita,1964,102.45976384531,93.6508728613463,9.406095976281602
Pakistan,PAK,Developing,gdp_per_capita,1965,113.567206414596,102.45976384531,10.840784862685823
Pakistan,PAK,Developing,gdp_per_capita,1966,122.229353754713,113.567206414596,7.627331527813047
Pakistan,PAK,Developing,gdp_per_capita,1967,135.190474942968,122.229353754713,10.603934971516798
Pakistan,PAK,Developing,gdp_per_capita,1968,141.558306459346,135.190474942968,4.7102663993630935
Pakistan,PAK,Developing,gdp_per_capita,1969,148.528512990071,141.558306459346,4.923912064974274
Pakistan,PAK,Developing,gdp_per_capita,1970,166.662061958389,148.528512990071,12.208799915427825
Pakistan,PAK,Developing,gdp_per_capita,1971,172.453662202274,166.662061958389,3.4750561560500834
Pakistan,PAK,Developing,gdp_per_capita,1972,148.073976270617,172.453662202274,-14.136948801389678
Pakistan,PAK,Developing,gdp_per_capita,1973,97.5136425928243,148.073976270617,-34.14532043455743
Pakistan,PAK,Developing,gdp_per_capita,1974,132.005156607293,97.5136425928243,35.370962562121356
Pakistan,PAK,Developing,gdp_per_capita,1975,161.681774899518,132.005156607293,22.481408344153593
Pakistan,PAK,Developing,gdp_per_capita,1976,183.859733422347,161.681774899518,13.717042960848355
Pakistan,PAK,Developing,gdp_per_capita,1977,204.677762649367,183.859733422347,11.32277788046096
Pakistan,PAK,Developing,gdp_per_capita,1978,233.41799161409,204.677762649367,14.04169587976092
Pakistan,PAK,Developing,gdp_per_capita,1979,249.229389957057,233.41799161409,6.773855877017397
Pakistan,PAK,Developing,gdp_per_capita,1980,287.448707270022,249.229389957057,15.334996133301251
Pakistan,PAK,Developing,gdp_per_capita,1981,327.505069961745,287.448707270022,13.935134053010392
Pakistan,PAK,Developing,gdp_per_capita,1982,344.889792466995,327.505069961745,5.3082300397000495
Pakistan,PAK,Developing,gdp_per_capita,1983,311.098361356703,344.889792466995,-9.797747526414765
Pakistan,PAK,Developing,gdp_per_capita,1984,327.345625152291,311.098361356703,5.222548818558076
Pakistan,PAK,Developing,gdp_per_capita,1985,317.063499386432,327.345625152291,-3.1410609996927414
Pakistan,PAK,Developing,gdp_per_capita,1986,313.946324043906,317.063499386432,-0.9831391341350397
Pakistan,PAK,Developing,gdp_per_capita,1987,317.23867416111,313.946324043906,1.048698412771854
Pakistan,PAK,Developing,gdp_per_capita,1988,353.85454278549,317.23867416111,11.542057008403905
Pakistan,PAK,Developing,gdp_per_capita,1989,357.595796105007,353.85454278549,1.0572856547400562
Pakistan,PAK,Developing,gdp_per_capita,1990,344.45547384189,357.595796105007,-3.6746299610464086
Pakistan,PAK,Developing,gdp_per_capita,1991,380.019843346229,344.45547384189,10.324808924553054
Pakistan,PAK,Developing,gdp_per_capita,1992,395.67720859593,380.019843346229,4.120144125062404
Pakistan,PAK,Developing,gdp_per_capita,1993,407.888140688466,395.67720859593,3.0860842695152506
Pakistan,PAK,Developing,gdp_per_capita,1994,399.955927561352,407.888140688466,-1.9447030535689074
Pakistan,PAK,Developing,gdp_per_capita,1995,450.550279346206,399.955927561352,12.649981735073304
Pakistan,PAK,Developing,gdp_per_capita,1996,456.996961832943,450.550279346206,1.4308464076621479
Pakistan,PAK,Developing,gdp_per_capita,1997,438.030942680153,456.996961832943,-4.1501411905935415
Pakistan,PAK,Developing,gdp_per_capita,1998,424.453697798497,438.030942680153,-3.0996086254961197
Pakistan,PAK,Developing,gdp_per_capita,1999,418.249257055367,424.453697798497,-1.4617473649800619
Pakistan,PAK,Developing,gdp_per_capita,2000,642.338346499898,418.249257055367,53.57788105164918
Pakistan,PAK,Developing,gdp_per_capita,2001,609.939506905073,642.338346499898,-5.043889995259701
Pakistan,PAK,Developing,gdp_per_capita,2002,599.937345723927,609.939506905073,-1.6398611776926042
Pakistan,PAK,Developing,gdp_per_capita,2003,672.44178669894,599.937345723927,12.085335492412781
Pakistan,PAK,Developing,gdp_per_capita,2004,771.902247348954,672.44178669894,14.790939917382568
Pakistan,PAK,Developing,gdp_per_capita,2005,827.619861189926,771.902247348954,7.218221482361323
Pakistan,PAK,Developing,gdp_per_capita,2006,900.873564984808,827.619861189926,8.851129272025936
Pakistan,PAK,Developing,gdp_per_capita,2007,998.090114197524,900.873564984808,10.791364403544847
Pakistan,PAK,Developing,gdp_per_capita,2008,1067.04324565284,998.090114197524,6.908507606124823
Pakistan,PAK,Developing,gdp_per_capita,2009,963.788066395225,1067.04324565284,-9.676756746109312
Pakistan,PAK,Developing,gdp_per_capita,2010,987.304571124485,963.788066395225,2.4400078761316135
Pakistan,PAK,Developing,gdp_per_capita,2011,1131.73513834324,987.304571124485,14.628775298209797
Pakistan,PAK,Developing,gdp_per_capita,2012,1204.36475491585,1131.73513834324,6.417545423122004
Pakistan,PAK,Developing,gdp_per_capita,2013,1225.4340119198,1204.36475491585,1.7494083015923336
Pakistan,PAK,Developing,gdp_per_capita,2014,1266.61340849959,1225.4340119198,3.3603928223990684
Pakistan,PAK,Developing,gdp_per_capita,2015,1380.47020838317,1266.61340849959,8.989072681494276
Pakistan,PAK,Developing,gdp_per_capita,2016,1424.69161195897,1380.47020838317,3.203358052006991
Pakistan,PAK,Developing,gdp_per_capita,2017,1519.23459514248,1424.69161195897,6.636031432340088
Pakistan,PAK,Developing,gdp_per_capita,2018,1569.33814626355,1519.23459514248,3.297946958374202
Pakistan,PAK,Developing,gdp_per_capita,2019,1390.41690981745,1569.33814626355,-11.401063363692206
Pakistan,PAK,Developing,gdp_per_capita,2020,1278.39735206896,1390.41690981745,-8.056544548440318
Pakistan,PAK,Developing,gdp_per_capita,2021,1455.31922370186,1278.39735206896,13.839349037024325
Pakistan,PAK,Developing,gdp_per_capita,2022,1538.3228133171,1455.31922370186,5.703462736107197
Pakistan,PAK,Developing,gdp_per_capita,2023,1360.32417758419,1538.3228133171,-11.570954691173691
Pakistan,PAK,Developing,gdp_per_capita,2024,1479.47755241191,1360.32417758419,8.759189668989443
Pakistan,PAK,Developing,gdp_per_capita,2025,1595.90912252837,1479.47755241191,7.869776052137335
Pakistan,PAK,Developing,population,1960,45709310.0,,
Pakistan,PAK,Developing,population,1961,46921277.0,45709310.0,2.6514664080468506
Pakistan,PAK,Developing,population,1962,48156128.0,46921277.0,2.631750623496458
Pakistan,PAK,Developing,population,1963,49447776.0,48156128.0,2.6822090015210525
Pakistan,PAK,Developing,population,1964,50799999.0,49447776.0,2.734648773688022
Pakistan,PAK,Developing,population,1965,52209010.0,50799999.0,2.773643755386688
Pakistan,PAK,Developing,population,1966,53678667.0,52209010.0,2.8149489906052616
Pakistan,PAK,Developing,population,1967,55214768.0,53678667.0,2.8616601079158692
Pakistan,PAK,Developing,population,1968,56810507.0,55214768.0,2.8900583264245534
Pakistan,PAK,Developing,population,1969,58460939.0,56810507.0,2.9051527387354596
Pakistan,PAK,Developing,population,1970,60166719.0,58460939.0,2.9178114980329
Pakistan,PAK,Developing,population,1971,61847899.0,60166719.0,2.794202555735173
Pakistan,PAK,Developing,population,1972,63583194.0,61847899.0,2.805746077162621
Pakistan,PAK,Developing,population,1973,65461912.0,63583194.0,2.954739895576809
Pakistan,PAK,Developing,population,1974,67415487.0,65461912.0,2.984292606668745
Pakistan,PAK,Developing,population,1975,69461175.0,67415487.0,3.0344481528406075
Pakistan,PAK,Developing,population,1976,71620254.0,69461175.0,3.1083249023645223
Pakistan,PAK,Developing,population,1977,73901827.0,71620254.0,3.1856533209167344
Pakistan,PAK,Developing,population,1978,76307379.0,73901827.0,3.255064316610197
Pakistan,PAK,Developing,population,1979,78997039.0,76307379.0,3.524770520554768
Pakistan,PAK,Developing,population,1980,82291010.0,78997039.0,4.169739830375161
Pakistan,PAK,Developing,population,1981,85802049.0,82291010.0,4.266613084466942
Pakistan,PAK,Developing,population,1982,89089246.0,85802049.0,3.8311404428115696
Pakistan,PAK,Developing,population,1983,92227711.0,89089246.0,3.5228325986730202
Pakistan,PAK,Developing,population,1984,95164936.0,92227711.0,3.1847532245487473
Pakistan,PAK,Developing,population,1985,98229285.0,95164936.0,3.220039994562703
Pakistan,PAK,Developing,population,1986,101606764.0,98229285.0,3.4383626023542773
Pakistan,PAK,Developing,population,1987,105130717.0,101606764.0,3.4682267806501543
Pakistan,PAK,Developing,population,1988,108724739.0,105130717.0,3.418622171101525
Pakistan,PAK,Developing,population,1989,112336629.0,108724739.0,3.3220498234537037
Pakistan,PAK,Developing,population,1990,116155576.0,112336629.0,3.399556345953732
Pakistan,PAK,Developing,population,1991,120060406.0,116155576.0,3.3617241069856174
Pakistan,PAK,Developing,population,1992,123546848.0,120060406.0,2.9039065551719023
Pakistan,PAK,Developing,population,1993,127020117.0,123546848.0,2.8112971364514294
Pakistan,PAK,Developing,population,1994,130748083.0,127020117.0,2.9349413998729035
Pakistan,PAK,Developing,population,1995,134582253.0,130748083.0,2.932486589497454
Pakistan,PAK,Developing,population,1996,138557092.0,134582253.0,2.9534644512155697
Pakistan,PAK,Developing,population,1997,142531804.0,138557092.0,2.868645655467423
Pakistan,PAK,Developing,population,1998,146522356.0,142531804.0,2.799762500725803
Pakistan,PAK,Developing,population,1999,150565377.0,146522356.0,2.7593202227788365
Pakistan,PAK,Developing,population,2000,154879127.0,150565377.0,2.8650345025868726
Pakistan,PAK,Developing,population,2001,159270907.0,154879127.0,2.8356177395034
Pakistan,PAK,Developing,population,2002,163222549.0,159270907.0,2.4810821225498514
Pakistan,PAK,Developing,population,2003,167110248.0,163222549.0,2.381839411171063
Pakistan,PAK,Developing,population,2004,171286000.0,167110248.0,2.498800671997088
Pakistan,PAK,Developing,population,2005,175453212.0,171286000.0,2.432897026026646
Pakistan,PAK,Developing,population,2006,179682690.0,175453212.0,2.4106016366346146
Pakistan,PAK,Developing,population,2007,184493231.0,179682690.0,2.677242309762838
Pakistan,PAK,Developing,population,2008,189499113.0,184493231.0,2.7133147231835295
Pakistan,PAK,Developing,population,2009,194376534.0,189499113.0,2.5738489868287666
Pakistan,PAK,Developing,population,2010,199239047.0,194376534.0,2.5015946626561414
Pakistan,PAK,Developing,population,2011,203746065.0,199239047.0,2.262115819094437
Pakistan,PAK,Developing,population,2012,207667125.0,203746065.0,1.9244837930980407
Pakistan,PAK,Developing,population,2013,211073978.0,207667125.0,1.640535544564408
Pakistan,PAK,Developing,population,2014,214264647.0,211073978.0,1.5116354134378422
Pakistan,PAK,Developing,population,2015,217290883.0,214264647.0,1.4123823236224313
Pakistan,PAK,Developing,population,2016,220138869.0,217290883.0,1.310679012703906
Pakistan,PAK,Developing,population,2017,223273967.0,220138869.0,1.4241455923896837
Pakistan,PAK,Developing,population,2018,226928892.0,223273967.0,1.6369687201374445
Pakistan,PAK,Developing,population,2019,230800899.0,226928892.0,1.7062644451637299
Pakistan,PAK,Developing,population,2020,235001746.0,230800899.0,1.8201172604617974
Pakistan,PAK,Developing,population,2021,239477801.0,235001746.0,1.9046901038769302
Pakistan,PAK,Developing,population,2022,243700667.0,239477801.0,1.7633642794306434
Pakistan,PAK,Developing,population,2023,247504495.0,243700667.0,1.5608607259166838
Pakistan,PAK,Developing,population,2024,251269164.0,247504495.0,1.5210507590983346
Pakistan,PAK,Developing,population,2025,255219554.0,251269164.0,1.5721746103314134
Pakistan,PAK,Developing,unemployment,1960,,,
Pakistan,PAK,Developing,unemployment,1961,,,
Pakistan,PAK,Developing,unemployment,1962,,,
Pakistan,PAK,Developing,unemployment,1963,,,
Pakistan,PAK,Developing,unemployment,1964,,,
Pakistan,PAK,Developing,unemployment,1965,,,
Pakistan,PAK,Developing,unemployment,1966,,,
Pakistan,PAK,Developing,unemployment,1967,,,
Pakistan,PAK,Developing,unemployment,1968,,,
Pakistan,PAK,Developing,unemployment,1969,,,
Pakistan,PAK,Developing,unemployment,1970,,,
Pakistan,PAK,Developing,unemployment,1971,,,
Pakistan,PAK,Developing,unemployment,1972,,,
Pakistan,PAK,Developing,unemployment,1973,,,
Pakistan,PAK,Developing,unemployment,1974,,,
Pakistan,PAK,Developing,unemployment,1975,,,
Pakistan,PAK,Developing,unemployment,1976,,,
Pakistan,PAK,Developing,unemployment,1977,,,
Pakistan,PAK,Developing,unemployment,1978,,,
Pakistan,PAK,Developing,unemployment,1979,,,
Pakistan,PAK,Developing,unemployment,1980,,,
Pakistan,PAK,Developing,unemployment,1981,,,
Pakistan,PAK,Developing,unemployment,1982,,,
Pakistan,PAK,Developing,unemployment,1983,,,
Pakistan,PAK,Developing,unemployment,1984,,,
Pakistan,PAK,Developing,unemployment,1985,,,
Pakistan,PAK,Developing,unemployment,1986,,,
Pakistan,PAK,Developing,unemployment,1987,,,
Pakistan,PAK,Developing,unemployment,1988,,,
Pakistan,PAK,Developing,unemployment,1989,,,
Pakistan,PAK,Developing,unemployment,1990,,,
Pakistan,PAK,Developing,unemployment,1991,0.596,,
Pakistan,PAK,Developing,unemployment,1992,0.587,0.596,-1.5100671140939612
Pakistan,PAK,Developing,unemployment,1993,0.596,0.587,1.5332197614991496
Pakistan,PAK,Developing,unemployment,1994,0.601,0.596,0.838926174496645
Pakistan,PAK,Developing,unemployment,1995,0.611,0.601,1.6638935108153095
Pakistan,PAK,Developing,unemployment,1996,0.6,0.611,-1.8003273322422277
Pakistan,PAK,Developing,unemployment,1997,0.611,0.6,1.833333333333335
Pakistan,PAK,Developing,unemployment,1998,0.62,0.611,1.472995090016368
Pakistan,PAK,Developing,unemployment,1999,0.625,0.62,0.8064516129032264
Pakistan,PAK,Developing,unemployment,2000,0.614,0.625,-1.7600000000000016
Pakistan,PAK,Developing,unemployment,2001,0.611,0.614,-0.48859934853420245
Pakistan,PAK,Developing,unemployment,2002,0.615,0.611,0.6546644844517191
Pakistan,PAK,Developing,unemployment,2003,0.612,0.615,-0.4878048780487809
Pakistan,PAK,Developing,unemployment,2004,0.598,0.612,-2.2875816993464073
Pakistan,PAK,Developing,unemployment,2005,0.583,0.598,-2.5083612040133803
Pakistan,PAK,Developing,unemployment,2006,0.582,0.583,-0.1715265866209264
Pakistan,PAK,Developing,unemployment,2007,0.398,0.582,-31.615120274914084
Pakistan,PAK,Developing,unemployment,2008,0.423,0.398,6.281407035175871
Pakistan,PAK,Developing,unemployment,2009,0.535,0.423,26.477541371158402
Pakistan,PAK,Developing,unemployment,2010,0.653,0.535,22.056074766355138
Pakistan,PAK,Developing,unemployment,2011,0.796,0.653,21.898928024502297
Pakistan,PAK,Developing,unemployment,2012,3.667,0.796,360.67839195979894
Pakistan,PAK,Developing,unemployment,2013,2.954,3.667,-19.44368693755112
Pakistan,PAK,Developing,unemployment,2014,1.827,2.954,-38.15165876777252
Pakistan,PAK,Developing,unemployment,2015,3.566,1.827,95.18336070060207
Pakistan,PAK,Developing,unemployment,2016,2.285,3.566,-35.92260235558047
Pakistan,PAK,Developing,unemployment,2017,3.204,2.285,40.21881838074398
Pakistan,PAK,Developing,unemployment,2018,4.083,3.204,27.43445692883895
Pakistan,PAK,Developing,unemployment,2019,4.83,4.083,18.295371050698012
Pakistan,PAK,Developing,unemployment,2020,5.994,4.83,24.099378881987572
Pakistan,PAK,Developing,unemployment,2021,6.338,5.994,5.739072405739078
Pakistan,PAK,Developing,unemployment,2022,5.291,6.338,-16.519406752918897
Pakistan,PAK,Developing,unemployment,2023,5.237,5.291,-1.0206010206010256
Pakistan,PAK,Developing,unemployment,2024,5.492,5.237,4.869199923620391
Pakistan,PAK,Developing,unemployment,2025,5.42,5.492,-1.310997815003643
Uganda,UGA,Least Developed,gdp,1960,423145605.043164,,
Uganda,UGA,Least Developed,gdp,1961,441667334.611947,423145605.043164,4.377152769173541
Uganda,UGA,Least Developed,gdp,1962,449158233.391351,441667334.611947,1.6960499888418412
Uganda,UGA,Least Developed,gdp,1963,516315231.449087,449158233.391351,14.951745969492721
Uganda,UGA,Least Developed,gdp,1964,589247687.30035,516315231.449087,14.125567368324804
Uganda,UGA,Least Developed,gdp,1965,884502309.953801,589247687.30035,50.107048193293046
Uganda,UGA,Least Developed,gdp,1966,925381492.370153,884502309.953801,4.62171573282687
Uganda,UGA,Least Developed,gdp,1967,967240655.186896,925381492.370153,4.523449319213242
Uganda,UGA,Least Developed,gdp,1968,1037379252.41495,967240655.186896,7.251411202778842
Uganda,UGA,Least Developed,gdp,1969,1168556628.86742,1037379252.41495,12.645074224021515
Uganda,UGA,Least Developed,gdp,1970,1259554808.90382,1168556628.86742,7.787228944531057
Uganda,UGA,Least Developed,gdp,1971,1417191656.16688,1259554808.90382,12.515282872068893
Uganda,UGA,Least Developed,gdp,1972,1490970180.59639,1417191656.16688,5.205966610688428
Uganda,UGA,Least Developed,gdp,1973,1701829789.02127,1490970180.59639,14.142443032665877
Uganda,UGA,Least Developed,gdp,1974,2098944967.20844,1701829789.02127,23.33460024903858
Uganda,UGA,Least Developed,gdp,1975,2359555555.55556,2098944967.20844,12.416265905900694
Uganda,UGA,Least Developed,gdp,1976,2447300000.0,2359555555.55556,3.718685251459585
Uganda,UGA,Least Developed,gdp,1977,2936470588.23529,2447300000.0,19.988174242442287
Uganda,UGA,Least Developed,gdp,1978,2420260869.56522,2936470588.23529,-17.579257246376613
Uganda,UGA,Least Developed,gdp,1979,2139025000.0,2420260869.56522,-11.620064312147543
Uganda,UGA,Least Developed,gdp,1980,1244610000.0,2139025000.0,-41.814144294713714
Uganda,UGA,Least Developed,gdp,1981,1337300000.0,1244610000.0,7.447312812849005
Uganda,UGA,Least Developed,gdp,1982,2177500000.0,1337300000.0,62.82808644283258
Uganda,UGA,Least Developed,gdp,1983,2240333333.33333,2177500000.0,2.8855721393033367
Uganda,UGA,Least Developed,gdp,1984,3615647477.05434,2240333333.33333,61.388817603973145
Uganda,UGA,Least Developed,gdp,1985,3519695443.52516,3615647477.05434,-2.6537994685076978
Uganda,UGA,Least Developed,gdp,1986,3923244049.95796,3519695443.52516,11.465441056133685
Uganda,UGA,Least Developed,gdp,1987,6269522042.11556,3923244049.95796,59.804538343281024
Uganda,UGA,Least Developed,gdp,1988,6508931651.66667,6269522042.11556,3.818626171865646
Uganda,UGA,Least Developed,gdp,1989,5276480799.33868,6508931651.66667,-18.934764079331046
Uganda,UGA,Least Developed,gdp,1990,4304399310.30967,5276480799.33868,-18.42291341514678
Uganda,UGA,Least Developed,gdp,1991,3321729159.62277,4304399310.30967,-22.829437509044777
Uganda,UGA,Least Developed,gdp,1992,2857457761.90922,3321729159.62277,-13.976798691386216
Uganda,UGA,Least Developed,gdp,1993,3220439044.18949,2857457761.90922,12.702944803556516
Uganda,UGA,Least Developed,gdp,1994,3990430446.71216,3220439044.18949,23.90951643416245
Uganda,UGA,Least Developed,gdp,1995,5755818842.49246,3990430446.71216,44.24055047081095
Uganda,UGA,Least Developed,gdp,1996,6044585326.938,5755818842.49246,5.01694880168421
Uganda,UGA,Least Developed,gdp,1997,6269333313.17108,6044585326.938,3.718170462934474
Uganda,UGA,Least Developed,gdp,1998,6584815846.52754,6269333313.17108,5.032154418934331
Uganda,UGA,Least Developed,gdp,1999,5998563257.94659,6584815846.52754,-8.903097706067305
Uganda,UGA,Least Developed,gdp,2000,6193246837.09687,5998563257.94659,3.2455034777264893
Uganda,UGA,Least Developed,gdp,2001,5840503868.51573,6193246837.09687,-5.695606486540287
Uganda,UGA,Least Developed,gdp,2002,6178563591.12051,5840503868.51573,5.7881944814239565
Uganda,UGA,Least Developed,gdp,2003,6606884275.23087,6178563591.12051,6.932366686747693
Uganda,UGA,Least Developed,gdp,2004,7939487547.77384,6606884275.23087,20.16991999600906
Uganda,UGA,Least Developed,gdp,2005,9239221763.05793,7939487547.77384,16.37050511715361
Uganda,UGA,Least Developed,gdp,2006,9977647682.96954,9239221763.05793,7.992295659187759
Uganda,UGA,Least Developed,gdp,2007,11902564494.8833,9977647682.96954,19.292290859290684
Uganda,UGA,Least Developed,gdp,2008,14440404132.2047,11902564494.8833,21.321788581043787
Uganda,UGA,Least Developed,gdp,2009,25127805566.6584,14440404132.2047,74.0104039790609
Uganda,UGA,Least Developed,gdp,2010,26673441430.7857,25127805566.6584,6.15109767554941
Uganda,UGA,Least Developed,gdp,2011,27871725241.4723,26673441430.7857,4.492422973600909
Uganda,UGA,Least Developed,gdp,2012,27305915910.7877,27871725241.4723,-2.030047748327733
Uganda,UGA,Least Developed,gdp,2013,28915786516.6123,27305915910.7877,5.8956843311327685
Uganda,UGA,Least Developed,gdp,2014,32612397257.4458,28915786516.6123,12.784057382322192
Uganda,UGA,Least Developed,gdp,2015,32387183730.1002,32612397257.4458,-0.6905764257921309
Uganda,UGA,Least Developed,gdp,2016,29203988696.2626,32387183730.1002,-9.828563855273353
Uganda,UGA,Least Developed,gdp,2017,30744473841.424,29203988696.2626,5.274913509874576
Uganda,UGA,Least Developed,gdp,2018,32927025619.6795,30744473841.424,7.099005139957246
Uganda,UGA,Least Developed,gdp,2019,35353061003.4359,32927025619.6795,7.36791537680351
Uganda,UGA,Least Developed,gdp,2020,37600368241.6657,35353061003.4359,6.356754335958047
Uganda,UGA,Least Developed,gdp,2021,40529788748.6737,37600368241.6657,7.790935684937914
Uganda,UGA,Least Developed,gdp,2022,45565333210.9108,40529788748.6737,12.42430473413677
Uganda,UGA,Least Developed,gdp,2023,48768955863.3175,45565333210.9108,7.0308333696977785
Uganda,UGA,Least Developed,gdp,2024,53911907079.0485,48768955863.3175,10.54554300925555
Uganda,UGA,Least Developed,gdp,2025,61985829288.1496,53911907079.0485,14.97613912500384
Uganda,UGA,Least Developed,gdp_per_capita,1960,55.3784976132181,,
Uganda,UGA,Least Developed,gdp_per_capita,1961,56.1759278091596,55.3784976132181,1.4399635784831506
Uganda,UGA,Least Developed,gdp_per_capita,1962,55.5048704604887,56.1759278091596,-1.1945638903385984
Uganda,UGA,Least Developed,gdp_per_capita,1963,61.9553768191835,55.5048704604887,11.621514121515888
Uganda,UGA,Least Developed,gdp_per_capita,1964,68.6259930194368,61.9553768191835,10.766807568165506
Uganda,UGA,Least Developed,gdp_per_capita,1965,99.9527652325075,68.6259930194368,45.64855215165787
Uganda,UGA,Least Developed,gdp_per_capita,1966,101.435414620908,99.9527652325075,1.4833500453455222
Uganda,UGA,Least Developed,gdp_per_capita,1967,102.80034732844,101.435414620908,1.3456175169521611
Uganda,UGA,Least Developed,gdp_per_capita,1968,106.851228104531,102.80034732844,3.9405321882315456
Uganda,UGA,Least Developed,gdp_per_capita,1969,116.682296330854,106.851228104531,9.200706815185509
Uganda,UGA,Least Developed,gdp_per_capita,1970,122.030929585629,116.682296330854,4.583928687526755
Uganda,UGA,Least Developed,gdp_per_capita,1971,133.468088316131,122.030929585629,9.372344183018422
Uganda,UGA,Least Developed,gdp_per_capita,1972,136.964736487473,133.468088316131,2.6198383564615693
Uganda,UGA,Least Developed,gdp_per_capita,1973,152.709417587824,136.964736487473,11.495426855211758
Uganda,UGA,Least Developed,gdp_per_capita,1974,183.71757196626,152.709417587824,20.305332092962157
Uganda,UGA,Least Developed,gdp_per_capita,1975,201.237292844799,183.71757196626,9.536224919060272
Uganda,UGA,Least Developed,gdp_per_capita,1976,203.309813650809,201.237292844799,1.0298890313578222
Uganda,UGA,Least Developed,gdp_per_capita,1977,237.584889064205,203.309813650809,16.858544503053118
Uganda,UGA,Least Developed,gdp_per_capita,1978,190.690145097606,237.584889064205,-19.738100411733733
Uganda,UGA,Least Developed,gdp_per_capita,1979,164.513012181127,190.690145097606,-13.727575120927229
Uganda,UGA,Least Developed,gdp_per_capita,1980,93.7506991135184,164.513012181127,-43.0132012838596
Uganda,UGA,Least Developed,gdp_per_capita,1981,98.6467550654109,93.7506991135184,5.222420737326021
Uganda,UGA,Least Developed,gdp_per_capita,1982,156.952422909331,98.6467550654109,59.105510166308726
Uganda,UGA,Least Developed,gdp_per_capita,1983,157.527216922525,156.952422909331,0.366221815846741
Uganda,UGA,Least Developed,gdp_per_capita,1984,247.516937638636,157.527216922525,57.126458826711634
Uganda,UGA,Least Developed,gdp_per_capita,1985,234.276502777526,247.516937638636,-5.349304571810945
Uganda,UGA,Least Developed,gdp_per_capita,1986,253.643058810817,234.276502777526,8.266537959925884
Uganda,UGA,Least Developed,gdp_per_capita,1987,392.97074320479,253.643058810817,54.93061195807939
Uganda,UGA,Least Developed,gdp_per_capita,1988,395.187660960924,392.97074320479,0.564143207724427
Uganda,UGA,Least Developed,gdp_per_capita,1989,310.186025249445,395.187660960924,-21.509182625993972
Uganda,UGA,Least Developed,gdp_per_capita,1990,244.987168126806,310.186025249445,-21.019276116713332
Uganda,UGA,Least Developed,gdp_per_capita,1991,182.955897348348,244.987168126806,-25.320212177949852
Uganda,UGA,Least Developed,gdp_per_capita,1992,152.113542415537,182.955897348348,-16.8578085646986
Uganda,UGA,Least Developed,gdp_per_capita,1993,165.616476211716,152.113542415537,8.876878140995668
Uganda,UGA,Least Developed,gdp_per_capita,1994,198.441987998795,165.616476211716,19.82019696223732
Uganda,UGA,Least Developed,gdp_per_capita,1995,278.520835668767,198.441987998795,40.353782219949466
Uganda,UGA,Least Developed,gdp_per_capita,1996,284.698259285733,278.520835668767,2.2179394953103415
Uganda,UGA,Least Developed,gdp_per_capita,1997,286.846637912964,284.698259285733,0.7546160038424486
Uganda,UGA,Least Developed,gdp_per_capita,1998,292.453037058835,286.846637912964,1.9544935881633303
Uganda,UGA,Least Developed,gdp_per_capita,1999,257.921949601357,292.453037058835,-11.807395746254832
Uganda,UGA,Least Developed,gdp_per_capita,2000,258.050338731086,257.921949601357,0.049778287550720134
Uganda,UGA,Least Developed,gdp_per_capita,2001,236.021188853993,258.050338731086,-8.536764565168644
Uganda,UGA,Least Developed,gdp_per_capita,2002,241.984688408335,236.021188853993,2.526679737229486
Uganda,UGA,Least Developed,gdp_per_capita,2003,250.71543664681,241.984688408335,3.6079754863424975
Uganda,UGA,Least Developed,gdp_per_capita,2004,292.38185796262,250.71543664681,16.619009133652472
Uganda,UGA,Least Developed,gdp_per_capita,2005,330.405402707025,292.38185796262,13.004755154564403
Uganda,UGA,Least Developed,gdp_per_capita,2006,346.518255310647,330.405402707025,4.87669162538165
Uganda,UGA,Least Developed,gdp_per_capita,2007,401.389130865581,346.518255310647,15.834916260253967
Uganda,UGA,Least Developed,gdp_per_capita,2008,472.842681495852,401.389130865581,17.801565895963346
Uganda,UGA,Least Developed,gdp_per_capita,2009,798.947089938247,472.842681495852,68.96678772964276
Uganda,UGA,Least Developed,gdp_per_capita,2010,823.488144282,798.947089938247,3.071674539255139
Uganda,UGA,Least Developed,gdp_per_capita,2011,835.620060555838,823.488144282,1.4732350863916583
Uganda,UGA,Least Developed,gdp_per_capita,2012,795.222867553127,835.620060555838,-4.834397223044116
Uganda,UGA,Least Developed,gdp_per_capita,2013,818.285427416713,795.222867553127,2.900137911595611
Uganda,UGA,Least Developed,gdp_per_capita,2014,896.054795546394,818.285427416713,9.503941476166213
Uganda,UGA,Least Developed,gdp_per_capita,2015,862.934610355811,896.054795546394,-3.69622319474191
Uganda,UGA,Least Developed,gdp_per_capita,2016,752.696571725656,862.934610355811,-12.774784706421832
Uganda,UGA,Least Developed,gdp_per_capita,2017,765.218332297361,752.696571725656,1.6635867681710388
Uganda,UGA,Least Developed,gdp_per_capita,2018,792.16570022814,765.218332297361,3.5215267059633613
Uganda,UGA,Least Developed,gdp_per_capita,2019,822.171150036357,792.16570022814,3.7877744264331903
Uganda,UGA,Least Developed,gdp_per_capita,2020,845.766463890124,822.171150036357,2.8698785955605035
Uganda,UGA,Least Developed,gdp_per_capita,2021,882.791717542504,845.766463890124,4.3777159810855375
Uganda,UGA,Least Developed,gdp_per_capita,2022,963.067314117178,882.791717542504,9.093378990702742
Uganda,UGA,Least Developed,gdp_per_capita,2023,1002.30913917142,963.067314117178,4.074671051442982
Uganda,UGA,Least Developed,gdp_per_capita,2024,1077.91278438613,1002.30913917142,7.542946807529785
Uganda,UGA,Least Developed,gdp_per_capita,2025,1206.30450825002,1077.91278438613,11.911142137256405
Uganda,UGA,Least Developed,population,1960,7640973.0,,
Uganda,UGA,Least Developed,population,1961,7862217.0,7640973.0,2.8954951156089677
Uganda,UGA,Least Developed,population,1962,8092231.0,7862217.0,2.925561581421627
Uganda,UGA,Least Developed,population,1963,8333663.0,8092231.0,2.9835035603902065
Uganda,UGA,Least Developed,population,1964,8586363.0,8333663.0,3.032280043001499
Uganda,UGA,Least Developed,population,1965,8849203.0,8586363.0,3.0611331014074294
Uganda,UGA,Least Developed,population,1966,9122864.0,8849203.0,3.092493188369619
Uganda,UGA,Least Developed,population,1967,9408924.0,9122864.0,3.135638106629673
Uganda,UGA,Least Developed,population,1968,9708632.0,9408924.0,3.1853589209563173
Uganda,UGA,Least Developed,population,1969,10014858.0,9708632.0,3.1541621929845527
Uganda,UGA,Least Developed,population,1970,10321603.0,10014858.0,3.0628991444511744
Uganda,UGA,Least Developed,population,1971,10618206.0,10321603.0,2.873613720659475
Uganda,UGA,Least Developed,population,1972,10885796.0,10618206.0,2.5201055620883603
Uganda,UGA,Least Developed,population,1973,11144236.0,10885796.0,2.3741029135581817
Uganda,UGA,Least Developed,population,1974,11424846.0,11144236.0,2.5179832875039616
Uganda,UGA,Least Developed,population,1975,11725240.0,11424846.0,2.629304587562931
Uganda,UGA,Least Developed,population,1976,12037294.0,11725240.0,2.661386888456015
Uganda,UGA,Least Developed,population,1977,12359669.0,12037294.0,2.6781351356874725
Uganda,UGA,Least Developed,population,1978,12692113.0,12359669.0,2.689748406692768
Uganda,UGA,Least Developed,population,1979,13002163.0,12692113.0,2.4428556537433916
Uganda,UGA,Least Developed,population,1980,13275741.0,13002163.0,2.1040960646317077
Uganda,UGA,Least Developed,population,1981,13556452.0,13275741.0,2.11446577633595
Uganda,UGA,Least Developed,population,1982,13873631.0,13556452.0,2.3396903555591093
Uganda,UGA,Least Developed,population,1983,14221881.0,13873631.0,2.5101575787910173
Uganda,UGA,Least Developed,population,1984,14607677.0,14221881.0,2.712693208444087
Uganda,UGA,Least Developed,population,1985,15023681.0,14607677.0,2.8478450064305227
Uganda,UGA,Least Developed,population,1986,15467579.0,15023681.0,2.954655387051948
Uganda,UGA,Least Developed,population,1987,15954170.0,15467579.0,3.1458769339403405
Uganda,UGA,Least Developed,population,1988,16470483.0,15954170.0,3.2362260148914044
Uganda,UGA,Least Developed,population,1989,17010698.0,16470483.0,3.2798977419180724
Uganda,UGA,Least Developed,population,1990,17569897.0,17010698.0,3.2873371804025915
Uganda,UGA,Least Developed,population,1991,18155901.0,17569897.0,3.3352728248776873
Uganda,UGA,Least Developed,population,1992,18785032.0,18155901.0,3.465159894846309
Uganda,UGA,Least Developed,population,1993,19445161.0,18785032.0,3.514122307590426
Uganda,UGA,Least Developed,population,1994,20108801.0,19445161.0,3.412879944784206
Uganda,UGA,Least Developed,population,1995,20665667.0,20108801.0,2.7692650596124553
Uganda,UGA,Least Developed,population,1996,21231550.0,20665667.0,2.738276001447231
Uganda,UGA,Least Developed,population,1997,21856046.0,21231550.0,2.941358497142225
Uganda,UGA,Least Developed,population,1998,22515806.0,21856046.0,3.0186612894207854
Uganda,UGA,Least Developed,population,1999,23257281.0,22515806.0,3.2931310564676206
Uganda,UGA,Least Developed,population,2000,24000150.0,23257281.0,3.1941352043689033
Uganda,UGA,Least Developed,population,2001,24745676.0,24000150.0,3.106338918715091
Uganda,UGA,Least Developed,population,2002,25532870.0,24745676.0,3.181137585410881
Uganda,UGA,Least Developed,population,2003,26352124.0,25532870.0,3.208624804027123
Uganda,UGA,Least Developed,population,2004,27154515.0,26352124.0,3.044881695304712
Uganda,UGA,Least Developed,population,2005,27963289.0,27154515.0,2.9784144552020173
Uganda,UGA,Least Developed,population,2006,28794003.0,27963289.0,2.9707306604741666
Uganda,UGA,Least Developed,population,2007,29653430.0,28794003.0,2.984743038333364
Uganda,UGA,Least Developed,population,2008,30539553.0,29653430.0,2.9882647639750277
Uganda,UGA,Least Developed,population,2009,31451151.0,30539553.0,2.9849749274326314
Uganda,UGA,Least Developed,population,2010,32390802.0,31451151.0,2.9876521848119326
Uganda,UGA,Least Developed,population,2011,33354543.0,32390802.0,2.9753539291802653
Uganda,UGA,Least Developed,population,2012,34337438.0,33354543.0,2.9468099742814644
Uganda,UGA,Least Developed,population,2013,35337042.0,34337438.0,2.9111199268856343
Uganda,UGA,Least Developed,population,2014,36395539.0,35337042.0,2.9954318191092506
Uganda,UGA,Least Developed,population,2015,37531446.0,36395539.0,3.121006121107315
Uganda,UGA,Least Developed,population,2016,38799152.0,37531446.0,3.37771691503706
Uganda,UGA,Least Developed,population,2017,40177388.0,38799152.0,3.552232275592002
Uganda,UGA,Least Developed,population,2018,41565831.0,40177388.0,3.455782142930745
Uganda,UGA,Least Developed,population,2019,42999637.0,41565831.0,3.449482340434863
Uganda,UGA,Least Developed,population,2020,44457152.0,42999637.0,3.3895983819584337
Uganda,UGA,Least Developed,population,2021,45910930.0,44457152.0,3.270065522865702
Uganda,UGA,Least Developed,population,2022,47312719.0,45910930.0,3.0532794696164944
Uganda,UGA,Least Developed,population,2023,48656601.0,47312719.0,2.840424368762235
Uganda,UGA,Least Developed,population,2024,50015092.0,48656601.0,2.791997328378939
Uganda,UGA,Least Developed,population,2025,51384894.0,50015092.0,2.738777327451482
Uganda,UGA,Least Developed,unemployment,1960,,,
Uganda,UGA,Least Developed,unemployment,1961,,,
Uganda,UGA,Least Developed,unemployment,1962,,,
Uganda,UGA,Least Developed,unemployment,1963,,,
Uganda,UGA,Least Developed,unemployment,1964,,,
Uganda,UGA,Least Developed,unemployment,1965,,,
Uganda,UGA,Least Developed,unemployment,1966,,,
Uganda,UGA,Least Developed,unemployment,1967,,,
Uganda,UGA,Least Developed,unemployment,1968,,,
Uganda,UGA,Least Developed,unemployment,1969,,,
Uganda,UGA,Least Developed,unemployment,1970,,,
Uganda,UGA,Least Developed,unemployment,1971,,,
Uganda,UGA,Least Developed,unemployment,1972,,,
Uganda,UGA,Least Developed,unemployment,1973,,,
Uganda,UGA,Least Developed,unemployment,1974,,,
Uganda,UGA,Least Developed,unemployment,1975,,,
Uganda,UGA,Least Developed,unemployment,1976,,,
Uganda,UGA,Least Developed,unemployment,1977,,,
Uganda,UGA,Least Developed,unemployment,1978,,,
Uganda,UGA,Least Developed,unemployment,1979,,,
Uganda,UGA,Least Developed,unemployment,1980,,,
Uganda,UGA,Least Developed,unemployment,1981,,,
Uganda,UGA,Least Developed,unemployment,1982,,,
Uganda,UGA,Least Developed,unemployment,1983,,,
Uganda,UGA,Least Developed,unemployment,1984,,,
Uganda,UGA,Least Developed,unemployment,1985,,,
Uganda,UGA,Least Developed,unemployment,1986,,,
Uganda,UGA,Least Developed,unemployment,1987,,,
Uganda,UGA,Least Developed,unemployment,1988,,,
Uganda,UGA,Least Developed,unemployment,1989,,,
Uganda,UGA,Least Developed,unemployment,1990,,,
Uganda,UGA,Least Developed,unemployment,1991,3.448,,
Uganda,UGA,Least Developed,unemployment,1992,3.553,3.448,3.0452436194895585
Uganda,UGA,Least Developed,unemployment,1993,3.487,3.553,-1.857585139318881
Uganda,UGA,Least Developed,unemployment,1994,3.458,3.487,-0.8316604531115548
Uganda,UGA,Least Developed,unemployment,1995,3.193,3.458,-7.663389242336614
Uganda,UGA,Least Developed,unemployment,1996,3.169,3.193,-0.7516442217350461
Uganda,UGA,Least Developed,unemployment,1997,3.209,3.169,1.2622278321236995
Uganda,UGA,Least Developed,unemployment,1998,3.424,3.209,6.6999065129323725
Uganda,UGA,Least Developed,unemployment,1999,3.46,3.424,1.0514018691588796
Uganda,UGA,Least Developed,unemployment,2000,3.531,3.46,2.0520231213872884
Uganda,UGA,Least Developed,unemployment,2001,3.522,3.531,-0.2548853016142832
Uganda,UGA,Least Developed,unemployment,2002,3.5,3.522,-0.6246450880181659
Uganda,UGA,Least Developed,unemployment,2003,3.6,3.5,2.85714285714286
Uganda,UGA,Least Developed,unemployment,2004,2.699,3.6,-25.027777777777782
Uganda,UGA,Least Developed,unemployment,2005,1.9,2.699,-29.60355687291589
Uganda,UGA,Least Developed,unemployment,2006,2.264,1.9,19.1578947368421
Uganda,UGA,Least Developed,unemployment,2007,2.667,2.264,17.80035335689046
Uganda,UGA,Least Developed,unemployment,2008,3.035,2.667,13.798275215598062
Uganda,UGA,Least Developed,unemployment,2009,3.6,3.035,18.6161449752883
Uganda,UGA,Least Developed,unemployment,2010,3.623,3.6,0.6388888888888925
Uganda,UGA,Least Developed,unemployment,2011,3.523,3.623,-2.7601435274634305
Uganda,UGA,Least Developed,unemployment,2012,3.551,3.523,0.7947771785410168
Uganda,UGA,Least Developed,unemployment,2013,1.91,3.551,-46.21233455364687
Uganda,UGA,Least Developed,unemployment,2014,2.357,1.91,23.40314136125656
Uganda,UGA,Least Developed,unemployment,2015,2.681,2.357,13.746287653797193
Uganda,UGA,Least Developed,unemployment,2016,3.002,2.681,11.97314434912345
Uganda,UGA,Least Developed,unemployment,2017,3.428,3.002,14.190539640239846
Uganda,UGA,Least Developed,unemployment,2018,3.249,3.428,-5.22170361726954
Uganda,UGA,Least Developed,unemployment,2019,3.057,3.249,-5.909510618651899
Uganda,UGA,Least Developed,unemployment,2020,3.819,3.057,24.92639842983317
Uganda,UGA,Least Developed,unemployment,2021,3.416,3.819,-10.55250065462163
Uganda,UGA,Least Developed,unemployment,2022,2.885,3.416,-15.544496487119442
Uganda,UGA,Least Developed,unemployment,2023,2.754,2.885,-4.540727902946267
Uganda,UGA,Least Developed,unemployment,2024,2.74,2.754,-0.508351488743638
Uganda,UGA,Least Developed,unemployment,2025,2.746,2.74,0.2189781021897731
United States,USA,Developed,gdp,1960,541988586206.897,,
United States,USA,Developed,gdp,1961,561940310344.828,541988586206.897,3.681207436039017
United States,USA,Developed,gdp,1962,603639413793.103,561940310344.828,7.42055742943354
United States,USA,Developed,gdp,1963,637058551724.138,603639413793.103,5.536274995868527
United States,USA,Developed,gdp,1964,684144620689.655,637058551724.138,7.391168180394589
United States,USA,Developed,gdp,1965,741904862068.965,684144620689.655,8.442694663167046
United States,USA,Developed,gdp,1966,813032758620.69,741904862068.965,9.587199139438066
United States,USA,Developed,gdp,1967,859620034482.759,813032758620.69,5.730061349693265
United States,USA,Developed,gdp,1968,940225000000.0,859620034482.759,9.37681327608211
United States,USA,Developed,gdp,1969,1017438172413.79,940225000000.0,8.21220159151161
United States,USA,Developed,gdp,1970,1073303000000.0,1017438172413.79,5.490734385724409
United States,USA,Developed,gdp,1971,1164850000000.0,1073303000000.0,8.52946465257248
United States,USA,Developed,gdp,1972,1279110000000.0,1164850000000.0,9.808988281753015
United States,USA,Developed,gdp,1973,1425376000000.0,1279110000000.0,11.43498213601645
United States,USA,Developed,gdp,1974,1545243000000.0,1425376000000.0,8.409500370428574
United States,USA,Developed,gdp,1975,1684904000000.0,1545243000000.0,9.038125395164386
United States,USA,Developed,gdp,1976,1873412000000.0,1684904000000.0,11.188055818016931
United States,USA,Developed,gdp,1977,2081826000000.0,1873412000000.0,11.124835327199783
United States,USA,Developed,gdp,1978,2351599000000.0,2081826000000.0,12.95847971924647
United States,USA,Developed,gdp,1979,2627333000000.0,2351599000000.0,11.725383451855524
United States,USA,Developed,gdp,1980,2857307000000.0,2627333000000.0,8.753134832927536
United States,USA,Developed,gdp,1981,3207041000000.0,2857307000000.0,12.239986812757607
United States,USA,Developed,gdp,1982,3343789000000.0,3207041000000.0,4.263992883159274
United States,USA,Developed,gdp,1983,3634038000000.0,3343789000000.0,8.680242682776933
United States,USA,Developed,gdp,1984,4037613000000.0,3634038000000.0,11.105414968142876
United States,USA,Developed,gdp,1985,4338979000000.0,4037613000000.0,7.46396447604067
United States,USA,Developed,gdp,1986,4579631000000.0,4338979000000.0,5.546281740473969
United States,USA,Developed,gdp,1987,4855215000000.0,4579631000000.0,6.017602728254744
United States,USA,Developed,gdp,1988,5236438000000.0,4855215000000.0,7.851825305367527
United States,USA,Developed,gdp,1989,5641580000000.0,5236438000000.0,7.736976929737352
United States,USA,Developed,gdp,1990,5963144000000.0,5641580000000.0,5.699892583283407
United States,USA,Developed,gdp,1991,6158129000000.0,5963144000000.0,3.269835509590243
United States,USA,Developed,gdp,1992,6520327000000.0,6158129000000.0,5.881624110180219
United States,USA,Developed,gdp,1993,6858559000000.0,6520327000000.0,5.187347198997841
United States,USA,Developed,gdp,1994,7287236000000.0,6858559000000.0,6.250248776747419
United States,USA,Developed,gdp,1995,7639749000000.0,7287236000000.0,4.837403372142743
United States,USA,Developed,gdp,1996,8073122000000.0,7639749000000.0,5.672607830440503
United States,USA,Developed,gdp,1997,8577552000000.0,8073122000000.0,6.24826430221171
United States,USA,Developed,gdp,1998,9062817000000.0,8577552000000.0,5.657383365323812
United States,USA,Developed,gdp,1999,9631172000000.0,9062817000000.0,6.27128408308366
United States,USA,Developed,gdp,2000,10250952000000.0,9631172000000.0,6.435146210658474
United States,USA,Developed,gdp,2001,10581929000000.0,10250952000000.0,3.2287440229941575
United States,USA,Developed,gdp,2002,10929108000000.0,10581929000000.0,3.2808668438429325
United States,USA,Developed,gdp,2003,11456450000000.0,10929108000000.0,4.825114730314679
United States,USA,Developed,gdp,2004,12217196000000.0,11456450000000.0,6.640329246843481
United States,USA,Developed,gdp,2005,13039197000000.0,12217196000000.0,6.728229619955347
United States,USA,Developed,gdp,2006,13815583000000.0,13039197000000.0,5.954247029169051
United States,USA,Developed,gdp,2007,14474228000000.0,13815583000000.0,4.767406485850072
United States,USA,Developed,gdp,2008,14769862000000.0,14474228000000.0,2.042485443783254
United States,USA,Developed,gdp,2009,14478067000000.0,14769862000000.0,-1.9756108757143434
United States,USA,Developed,gdp,2010,15048971000000.0,14478067000000.0,3.943233582217847
United States,USA,Developed,gdp,2011,15599732000000.0,15048971000000.0,3.65979175586158
United States,USA,Developed,gdp,2012,16253970000000.0,15599732000000.0,4.193905382477084
United States,USA,Developed,gdp,2013,16880683000000.0,16253970000000.0,3.8557533944014906
United States,USA,Developed,gdp,2014,17608138000000.0,16880683000000.0,4.309393168511014
United States,USA,Developed,gdp,2015,18295019000000.0,17608138000000.0,3.9009292180695083
United States,USA,Developed,gdp,2016,18804913000000.0,18295019000000.0,2.787064610318251
United States,USA,Developed,gdp,2017,19612102000000.0,18804913000000.0,4.292436769050726
United States,USA,Developed,gdp,2018,20656516000000.0,19612102000000.0,5.325354722303606
United States,USA,Developed,gdp,2019,21539982000000.0,20656516000000.0,4.276936149348709
United States,USA,Developed,gdp,2020,21375281000000.0,21539982000000.0,-0.7646292369232249
United States,USA,Developed,gdp,2021,23725645000000.0,21375281000000.0,10.995710418964785
United States,USA,Developed,gdp,2022,26054614000000.0,23725645000000.0,9.816251570821361
United States,USA,Developed,gdp,2023,27811517000000.0,26054614000000.0,6.743154974393403
United States,USA,Developed,gdp,2024,29298013000000.0,27811517000000.0,5.344893628060634
United States,USA,Developed,gdp,2025,30769700000000.0,29298013000000.0,5.023163174922477
United States,USA,Developed,gdp_per_capita,1960,2999.86487154495,,
United States,USA,Developed,gdp_per_capita,1961,3059.16082086127,2999.86487154495,1.9766206764434184
United States,USA,Developed,gdp_per_capita,1962,3236.01311150062,3059.16082086127,5.781072032347727
United States,USA,Developed,gdp_per_capita,1963,3366.36978960346,3236.01311150062,4.028311184511555
United States,USA,Developed,gdp_per_capita,1964,3565.31443016356,3366.36978960346,5.9097678803591664
United States,USA,Developed,gdp_per_capita,1965,3818.28825117968,3565.31443016356,7.0954140503258545
United States,USA,Developed,gdp_per_capita,1966,4136.30829579106,3818.28825117968,8.328864236824602
United States,USA,Developed,gdp_per_capita,1967,4325.95935063186,4136.30829579106,4.585031899913767
United States,USA,Developed,gdp_per_capita,1968,4684.58840293763,4325.95935063186,8.29016232557498
United States,USA,Developed,gdp_per_capita,1969,5019.99818634473,4684.58840293763,7.1598559906942905
United States,USA,Developed,gdp_per_capita,1970,5234.2966662115,5019.99818634473,4.268895563542224
United States,USA,Developed,gdp_per_capita,1971,5609.38259952519,5234.2966662115,7.165928055529392
United States,USA,Developed,gdp_per_capita,1972,6094.01798986165,5609.38259952519,8.639727844156718
United States,USA,Developed,gdp_per_capita,1973,6726.35895596695,6094.01798986165,10.376421060083807
United States,USA,Developed,gdp_per_capita,1974,7225.69135952566,6726.35895596695,7.423517044325336
United States,USA,Developed,gdp_per_capita,1975,7801.45666356443,7225.69135952566,7.9683074655511765
United States,USA,Developed,gdp_per_capita,1976,8592.25353727612,7801.45666356443,10.136528443527627
United States,USA,Developed,gdp_per_capita,1977,9452.57651914511,8592.25353727612,10.012774624685093
United States,USA,Developed,gdp_per_capita,1978,10564.9482220275,9452.57651914511,11.767920636552468
United States,USA,Developed,gdp_per_capita,1979,11674.1818666548,10564.9482220275,10.499186757154114
United States,USA,Developed,gdp_per_capita,1980,12574.7915062163,11674.1818666548,7.714541797005305
United States,USA,Developed,gdp_per_capita,1981,13976.10539252,12574.7915062163,11.143833960276528
United States,USA,Developed,gdp_per_capita,1982,14433.787727053,13976.10539252,3.274748734922624
United States,USA,Developed,gdp_per_capita,1983,15543.8937174925,14433.787727053,7.691023392001576
United States,USA,Developed,gdp_per_capita,1984,17121.2254849995,15543.8937174925,10.147597482167114
United States,USA,Developed,gdp_per_capita,1985,18236.8277265009,17121.2254849995,6.515901811344143
United States,USA,Developed,gdp_per_capita,1986,19071.2271949295,18236.8277265009,4.57535422795101
United States,USA,Developed,gdp_per_capita,1987,20038.9410992658,19071.2271949295,5.074208882549467
United States,USA,Developed,gdp_per_capita,1988,21417.0119305191,20038.9410992658,6.876964328737856
United States,USA,Developed,gdp_per_capita,1989,22857.1544330056,21417.0119305191,6.724292385691324
United States,USA,Developed,gdp_per_capita,1990,23888.6000088133,22857.1544330056,4.51257210879365
United States,USA,Developed,gdp_per_capita,1991,24342.2589048189,23888.6000088133,1.8990602037717983
United States,USA,Developed,gdp_per_capita,1992,25418.9907763319,24342.2589048189,4.423303012769469
United States,USA,Developed,gdp_per_capita,1993,26387.2937338171,25418.9907763319,3.8093682239611413
United States,USA,Developed,gdp_per_capita,1994,27694.853416234,26387.2937338171,4.955262542672856
United States,USA,Developed,gdp_per_capita,1995,28690.8757013347,27694.853416234,3.5964165259558882
United States,USA,Developed,gdp_per_capita,1996,29967.7127181749,28690.8757013347,4.450324312620411
United States,USA,Developed,gdp_per_capita,1997,31459.1299691554,29967.7127181749,4.976747024393304
United States,USA,Developed,gdp_per_capita,1998,32853.6725949234,31459.1299691554,4.432870925341235
United States,USA,Developed,gdp_per_capita,1999,34515.3813073394,32853.6725949234,5.057908541624552
United States,USA,Developed,gdp_per_capita,2000,36329.9702595751,34515.3813073394,5.257334218845342
United States,USA,Developed,gdp_per_capita,2001,37133.6203973517,36329.9702595751,2.2120858674933452
United States,USA,Developed,gdp_per_capita,2002,37997.7424300242,37133.6203973517,2.3270610929553457
United States,USA,Developed,gdp_per_capita,2003,39490.3023903176,37997.7424300242,3.928022731987478
United States,USA,Developed,gdp_per_capita,2004,41724.6411982614,39490.3023903176,5.657943020693672
United States,USA,Developed,gdp_per_capita,2005,44123.3996470026,41724.6411982614,5.749021153574724
United States,USA,Developed,gdp_per_capita,2006,46301.9876485519,44123.3996470026,4.937488994453062
United States,USA,Developed,gdp_per_capita,2007,48050.227412195,46301.9876485519,3.775733726406844
United States,USA,Developed,gdp_per_capita,2008,48570.0594269601,48050.227412195,1.0818513101004885
United States,USA,Developed,gdp_per_capita,2009,47194.9500893872,48570.0594269601,-2.831187265975642
United States,USA,Developed,gdp_per_capita,2010,48642.6312088213,47194.9500893872,3.0674492010102603
United States,USA,Developed,gdp_per_capita,2011,50024.8812320773,48642.6312088213,2.8416432024863982
United States,USA,Developed,gdp_per_capita,2012,51708.3940614082,50024.8812320773,3.365350977088155
United States,USA,Developed,gdp_per_capita,2013,53297.3862901595,51708.3940614082,3.0729870025826567
United States,USA,Developed,gdp_per_capita,2014,55153.3940182967,53297.3862901595,3.4823616265773274
United States,USA,Developed,gdp_per_capita,2015,56849.4697923159,55153.3940182967,3.0751974637436437
United States,USA,Developed,gdp_per_capita,2016,57976.628204291,56849.4697923159,1.982706991099254
United States,USA,Developed,gdp_per_capita,2017,60047.7190728307,57976.628204291,3.572285820489322
United States,USA,Developed,gdp_per_capita,2018,62875.6661382728,60047.7190728307,4.709499559861937
United States,USA,Developed,gdp_per_capita,2019,65227.9565911038,62875.6661382728,3.7411777835609277
United States,USA,Developed,gdp_per_capita,2020,64465.2971415748,65227.9565911038,-1.1692217407788819
United States,USA,Developed,gdp_per_capita,2021,71441.2319805947,64465.2971415748,10.821224982023697
United States,USA,Developed,gdp_per_capita,2022,78008.6895811877,71441.2319805947,9.192811235921704
United States,USA,Developed,gdp_per_capita,2023,82586.7847707894,78008.6895811877,5.868699005431991
United States,USA,Developed,gdp_per_capita,2024,86169.6641581917,82586.7847707894,4.3383204677917915
United States,USA,Developed,gdp_per_capita,2025,90026.5163005744,86169.6641581917,4.475881599471267
United States,USA,Developed,population,1960,180671000.0,,
United States,USA,Developed,population,1961,183691000.0,180671000.0,1.6715466234204712
United States,USA,Developed,population,1962,186538000.0,183691000.0,1.5498854053818643
United States,USA,Developed,population,1963,189242000.0,186538000.0,1.4495705968757036
United States,USA,Developed,population,1964,191889000.0,189242000.0,1.3987381236723349
United States,USA,Developed,population,1965,194303000.0,191889000.0,1.2580189588772674
United States,USA,Developed,population,1966,196560000.0,194303000.0,1.161587829318127
United States,USA,Developed,population,1967,198712000.0,196560000.0,1.0948310948310949
United States,USA,Developed,population,1968,200706000.0,198712000.0,1.0034622971939289
United States,USA,Developed,population,1969,202677000.0,200706000.0,0.9820334220202684
United States,USA,Developed,population,1970,205052000.0,202677000.0,1.1718152528407269
United States,USA,Developed,population,1971,207661000.0,205052000.0,1.2723601818075416
United States,USA,Developed,population,1972,209896000.0,207661000.0,1.076273349353032
United States,USA,Developed,population,1973,211909000.0,209896000.0,0.9590463848763198
United States,USA,Developed,population,1974,213854000.0,211909000.0,0.9178468116030937
United States,USA,Developed,population,1975,215973000.0,213854000.0,0.9908629251732491
United States,USA,Developed,population,1976,218035000.0,215973000.0,0.954748973251286
United States,USA,Developed,population,1977,220239000.0,218035000.0,1.010846882381269
United States,USA,Developed,population,1978,222585000.0,220239000.0,1.0652064348276191
United States,USA,Developed,population,1979,225055000.0,222585000.0,1.1096884336320956
United States,USA,Developed,population,1980,227225000.0,225055000.0,0.9642087489724733
United States,USA,Developed,population,1981,229466000.0,227225000.0,0.9862471118934976
United States,USA,Developed,population,1982,231664000.0,229466000.0,0.9578761123652305
United States,USA,Developed,population,1983,233792000.0,231664000.0,0.9185717245666138
United States,USA,Developed,population,1984,235825000.0,233792000.0,0.8695763755817136
United States,USA,Developed,population,1985,237924000.0,235825000.0,0.8900667868122549
United States,USA,Developed,population,1986,240133000.0,237924000.0,0.9284477396143307
United States,USA,Developed,population,1987,242289000.0,240133000.0,0.8978357826704367
United States,USA,Developed,population,1988,244499000.0,242289000.0,0.9121338566752927
United States,USA,Developed,population,1989,246819000.0,244499000.0,0.9488791365199858
United States,USA,Developed,population,1990,249623000.0,246819000.0,1.13605516593131
United States,USA,Developed,population,1991,252981000.0,249623000.0,1.3452286047359419
United States,USA,Developed,population,1992,256514000.0,252981000.0,1.396547566813318
United States,USA,Developed,population,1993,259919000.0,256514000.0,1.3274129287290362
United States,USA,Developed,population,1994,263126000.0,259919000.0,1.233845928924011
United States,USA,Developed,population,1995,266278000.0,263126000.0,1.1979051861085563
United States,USA,Developed,population,1996,269394000.0,266278000.0,1.170205574625016
United States,USA,Developed,population,1997,272657000.0,269394000.0,1.2112370728375539
United States,USA,Developed,population,1998,275854000.0,272657000.0,1.1725354566359931
United States,USA,Developed,population,1999,279040000.0,275854000.0,1.1549587825443894
United States,USA,Developed,population,2000,282162411.0,279040000.0,1.118983299885321
United States,USA,Developed,population,2001,284968955.0,282162411.0,0.9946555212841586
United States,USA,Developed,population,2002,287625193.0,284968955.0,0.9321148684424239
United States,USA,Developed,population,2003,290107933.0,287625193.0,0.8631858614693741
United States,USA,Developed,population,2004,292805298.0,290107933.0,0.9297798140528615
United States,USA,Developed,population,2005,295516599.0,292805298.0,0.9259740238716582
United States,USA,Developed,population,2006,298379912.0,295516599.0,0.9689178238004831
United States,USA,Developed,population,2007,301231207.0,298379912.0,0.955592144554289
United States,USA,Developed,population,2008,304093966.0,301231207.0,0.950352730220279
United States,USA,Developed,population,2009,306771529.0,304093966.0,0.880505139651472
United States,USA,Developed,population,2010,309378227.0,306771529.0,0.8497196622180672
United States,USA,Developed,population,2011,311839461.0,309378227.0,0.7955420857719248
United States,USA,Developed,population,2012,314339099.0,311839461.0,0.8015784763045111
United States,USA,Developed,population,2013,316726282.0,314339099.0,0.759429230278477
United States,USA,Developed,population,2014,319257560.0,316726282.0,0.7992004907253007
United States,USA,Developed,population,2015,321815121.0,319257560.0,0.8010964564159421
United States,USA,Developed,population,2016,324353340.0,321815121.0,0.7887196201697434
United States,USA,Developed,population,2017,326608609.0,324353340.0,0.6953124022092697
United States,USA,Developed,population,2018,328529577.0,326608609.0,0.5881559600898334
United States,USA,Developed,population,2019,330226227.0,328529577.0,0.5164375200227407
United States,USA,Developed,population,2020,331578104.0,330226227.0,0.409379052742531
United States,USA,Developed,population,2021,332100166.0,331578104.0,0.15744767030816967
United States,USA,Developed,population,2022,333996304.0,332100166.0,0.5709536441484344
United States,USA,Developed,population,2023,336755052.0,333996304.0,0.825981595293342
United States,USA,Developed,population,2024,340003797.0,336755052.0,0.9647204936364251
United States,USA,Developed,population,2025,341784857.0,340003797.0,0.5238353264625454
United States,USA,Developed,unemployment,1960,,,
United States,USA,Developed,unemployment,1961,,,
United States,USA,Developed,unemployment,1962,,,
United States,USA,Developed,unemployment,1963,,,
United States,USA,Developed,unemployment,1964,,,
United States,USA,Developed,unemployment,1965,,,
United States,USA,Developed,unemployment,1966,,,
United States,USA,Developed,unemployment,1967,,,
United States,USA,Developed,unemployment,1968,,,
United States,USA,Developed,unemployment,1969,,,
United States,USA,Developed,unemployment,1970,,,
United States,USA,Developed,unemployment,1971,,,
United States,USA,Developed,unemployment,1972,,,
United States,USA,Developed,unemployment,1973,,,
United States,USA,Developed,unemployment,1974,,,
United States,USA,Developed,unemployment,1975,,,
United States,USA,Developed,unemployment,1976,,,
United States,USA,Developed,unemployment,1977,,,
United States,USA,Developed,unemployment,1978,,,
United States,USA,Developed,unemployment,1979,,,
United States,USA,Developed,unemployment,1980,,,
United States,USA,Developed,unemployment,1981,,,
United States,USA,Developed,unemployment,1982,,,
United States,USA,Developed,unemployment,1983,,,
United States,USA,Developed,unemployment,1984,,,
United States,USA,Developed,unemployment,1985,,,
United States,USA,Developed,unemployment,1986,,,
United States,USA,Developed,unemployment,1987,,,
United States,USA,Developed,unemployment,1988,,,
United States,USA,Developed,unemployment,1989,,,
United States,USA,Developed,unemployment,1990,,,
United States,USA,Developed,unemployment,1991,6.8,,
United States,USA,Developed,unemployment,1992,7.5,6.8,10.294117647058826
United States,USA,Developed,unemployment,1993,6.9,7.5,-7.999999999999995
United States,USA,Developed,unemployment,1994,6.119,6.9,-11.318840579710153
United States,USA,Developed,unemployment,1995,5.65,6.119,-7.664651086778876
United States,USA,Developed,unemployment,1996,5.451,5.65,-3.5221238938053228
United States,USA,Developed,unemployment,1997,5.0,5.451,-8.273711245642994
United States,USA,Developed,unemployment,1998,4.511,5.0,-9.779999999999998
United States,USA,Developed,unemployment,1999,4.219,4.511,-6.473065839060071
United States,USA,Developed,unemployment,2000,3.992,4.219,-5.3804219009243965
United States,USA,Developed,unemployment,2001,4.731,3.992,18.51202404809619
United States,USA,Developed,unemployment,2002,5.783,4.731,22.236313675755664
United States,USA,Developed,unemployment,2003,5.989,5.783,3.5621649662804686
United States,USA,Developed,unemployment,2004,5.529,5.989,-7.680748038069794
United States,USA,Developed,unemployment,2005,5.084,5.529,-8.048471694700675
United States,USA,Developed,unemployment,2006,4.623,5.084,-9.067663257277724
United States,USA,Developed,unemployment,2007,4.622,4.623,-0.021630975557004842
United States,USA,Developed,unemployment,2008,5.784,4.622,25.140631761142362
United States,USA,Developed,unemployment,2009,9.254,5.784,59.99308437067773
United States,USA,Developed,unemployment,2010,9.633,9.254,4.095526258915059
United States,USA,Developed,unemployment,2011,8.949,9.633,-7.100591715976325
United States,USA,Developed,unemployment,2012,8.069,8.949,-9.833500949826785
United States,USA,Developed,unemployment,2013,7.375,8.069,-8.600817945222467
United States,USA,Developed,unemployment,2014,6.168,7.375,-16.36610169491525
United States,USA,Developed,unemployment,2015,5.28,6.168,-14.396887159533073
United States,USA,Developed,unemployment,2016,4.869,5.28,-7.784090909090918
United States,USA,Developed,unemployment,2017,4.355,4.869,-10.556582460464147
United States,USA,Developed,unemployment,2018,3.896,4.355,-10.539609644087268
United States,USA,Developed,unemployment,2019,3.669,3.896,-5.8264887063655
United States,USA,Developed,unemployment,2020,8.055,3.669,119.5421095666394
United States,USA,Developed,unemployment,2021,5.349,8.055,-33.59404096834264
United States,USA,Developed,unemployment,2022,3.65,5.349,-31.762946345111242
United States,USA,Developed,unemployment,2023,3.638,3.65,-0.3287671232876715
United States,USA,Developed,unemployment,2024,4.022,3.638,10.555250137438163
United States,USA,Developed,unemployment,2025,4.198,4.022,4.3759323719542556
