country,country_code,development_group,indicator,year,value
Afghanistan,AFG,Least Developed,electricity_access,2025,
Afghanistan,AFG,Least Developed,electricity_access,2024,87.8
Afghanistan,AFG,Least Developed,electricity_access,2023,85.3
Afghanistan,AFG,Least Developed,electricity_access,2022,85.3
Afghanistan,AFG,Least Developed,electricity_access,2021,97.7
Afghanistan,AFG,Least Developed,electricity_access,2020,97.7
Afghanistan,AFG,Least Developed,electricity_access,2019,97.7
Afghanistan,AFG,Least Developed,electricity_access,2018,93.4
Afghanistan,AFG,Least Developed,electricity_access,2017,97.7
Afghanistan,AFG,Least Developed,electricity_access,2016,97.7
Afghanistan,AFG,Least Developed,electricity_access,2015,71.5
Afghanistan,AFG,Least Developed,electricity_access,2014,89.5
Afghanistan,AFG,Least Developed,electricity_access,2013,68.0
Afghanistan,AFG,Least Developed,electricity_access,2012,69.1
Afghanistan,AFG,Least Developed,electricity_access,2011,43.2
Afghanistan,AFG,Least Developed,electricity_access,2010,42.7
Afghanistan,AFG,Least Developed,electricity_access,2009,48.3
Afghanistan,AFG,Least Developed,electricity_access,2008,42.4
Afghanistan,AFG,Least Developed,electricity_access,2007,38.4
Afghanistan,AFG,Least Developed,electricity_access,2006,33.5
Afghanistan,AFG,Least Developed,electricity_access,2005,28.7
Afghanistan,AFG,Least Developed,electricity_access,2004,23.8
Afghanistan,AFG,Least Developed,electricity_access,2003,19.0
Afghanistan,AFG,Least Developed,electricity_access,2002,14.1
Afghanistan,AFG,Least Developed,electricity_access,2001,9.3
Afghanistan,AFG,Least Developed,electricity_access,2000,4.4
Afghanistan,AFG,Least Developed,electricity_access,1999,
Afghanistan,AFG,Least Developed,electricity_access,1998,
Afghanistan,AFG,Least Developed,electricity_access,1997,
Afghanistan,AFG,Least Developed,electricity_access,1996,
Afghanistan,AFG,Least Developed,electricity_access,1995,
Afghanistan,AFG,Least Developed,electricity_access,1994,
Afghanistan,AFG,Least Developed,electricity_access,1993,
Afghanistan,AFG,Least Developed,electricity_access,1992,
Afghanistan,AFG,Least Developed,electricity_access,1991,
Afghanistan,AFG,Least Developed,electricity_access,1990,
Afghanistan,AFG,Least Developed,electricity_access,1989,
Afghanistan,AFG,Least Developed,electricity_access,1988,
Afghanistan,AFG,Least Developed,electricity_access,1987,
Afghanistan,AFG,Least Developed,electricity_access,1986,
Afghanistan,AFG,Least Developed,electricity_access,1985,
Afghanistan,AFG,Least Developed,electricity_access,1984,
Afghanistan,AFG,Least Developed,electricity_access,1983,
Afghanistan,AFG,Least Developed,electricity_access,1982,
Afghanistan,AFG,Least Developed,electricity_access,1981,
Afghanistan,AFG,Least Developed,electricity_access,1980,
Afghanistan,AFG,Least Developed,electricity_access,1979,
Afghanistan,AFG,Least Developed,electricity_access,1978,
Afghanistan,AFG,Least Developed,electricity_access,1977,
Afghanistan,AFG,Least Developed,electricity_access,1976,
Afghanistan,AFG,Least Developed,electricity_access,1975,
Afghanistan,AFG,Least Developed,electricity_access,1974,
Afghanistan,AFG,Least Developed,electricity_access,1973,
Afghanistan,AFG,Least Developed,electricity_access,1972,
Afghanistan,AFG,Least Developed,electricity_access,1971,
Afghanistan,AFG,Least Developed,electricity_access,1970,
Afghanistan,AFG,Least Developed,electricity_access,1969,
Afghanistan,AFG,Least Developed,electricity_access,1968,
Afghanistan,AFG,Least Developed,electricity_access,1967,
Afghanistan,AFG,Least Developed,electricity_access,1966,
Afghanistan,AFG,Least Developed,electricity_access,1965,
Afghanistan,AFG,Least Developed,electricity_access,1964,
Afghanistan,AFG,Least Developed,electricity_access,1963,
Afghanistan,AFG,Least Developed,electricity_access,1962,
Afghanistan,AFG,Least Developed,electricity_access,1961,
Afghanistan,AFG,Least Developed,electricity_access,1960,
Afghanistan,AFG,Least Developed,gdp,2025,
Afghanistan,AFG,Least Developed,gdp,2024,17778508875.7396
Afghanistan,AFG,Least Developed,gdp,2023,17152234636.8715
Afghanistan,AFG,Least Developed,gdp,2022,14497243872.1337
Afghanistan,AFG,Least Developed,gdp,2021,14259995441.0759
Afghanistan,AFG,Least Developed,gdp,2020,19955929052.1496
Afghanistan,AFG,Least Developed,gdp,2019,18799444490.1128
Afghanistan,AFG,Least Developed,gdp,2018,18053222687.4126
Afghanistan,AFG,Least Developed,gdp,2017,18753456497.8159
Afghanistan,AFG,Least Developed,gdp,2016,18116572395.0772
Afghanistan,AFG,Least Developed,gdp,2015,19134221644.7325
Afghanistan,AFG,Least Developed,gdp,2014,20497128555.6972
Afghanistan,AFG,Least Developed,gdp,2013,20146416757.5987
Afghanistan,AFG,Least Developed,gdp,2012,19907329777.5872
Afghanistan,AFG,Least Developed,gdp,2011,17805098206.3141
Afghanistan,AFG,Least Developed,gdp,2010,15856668555.8336
Afghanistan,AFG,Least Developed,gdp,2009,12416152732.0567
Afghanistan,AFG,Least Developed,gdp,2008,10109297047.5432
Afghanistan,AFG,Least Developed,gdp,2007,9747886187.39393
Afghanistan,AFG,Least Developed,gdp,2006,6971758282.29351
Afghanistan,AFG,Least Developed,gdp,2005,6203256538.70967
Afghanistan,AFG,Least Developed,gdp,2004,5224896718.67782
Afghanistan,AFG,Least Developed,gdp,2003,4520946818.54581
Afghanistan,AFG,Least Developed,gdp,2002,3825701438.99963
Afghanistan,AFG,Least Developed,gdp,2001,2813571753.87253
Afghanistan,AFG,Least Developed,gdp,2000,3521418059.92345
Afghanistan,AFG,Least Developed,gdp,1999,
Afghanistan,AFG,Least Developed,gdp,1998,
Afghanistan,AFG,Least Developed,gdp,1997,
Afghanistan,AFG,Least Developed,gdp,1996,
Afghanistan,AFG,Least Developed,gdp,1995,
Afghanistan,AFG,Least Developed,gdp,1994,
Afghanistan,AFG,Least Developed,gdp,1993,
Afghanistan,AFG,Least Developed,gdp,1992,
Afghanistan,AFG,Least Developed,gdp,1991,
Afghanistan,AFG,Least Developed,gdp,1990,
Afghanistan,AFG,Least Developed,gdp,1989,
Afghanistan,AFG,Least Developed,gdp,1988,
Afghanistan,AFG,Least Developed,gdp,1987,
Afghanistan,AFG,Least Developed,gdp,1986,
Afghanistan,AFG,Least Developed,gdp,1985,
Afghanistan,AFG,Least Developed,gdp,1984,
Afghanistan,AFG,Least Developed,gdp,1983,
Afghanistan,AFG,Least Developed,gdp,1982,
Afghanistan,AFG,Least Developed,gdp,1981,
Afghanistan,AFG,Least Developed,gdp,1980,
Afghanistan,AFG,Least Developed,gdp,1979,
Afghanistan,AFG,Least Developed,gdp,1978,
Afghanistan,AFG,Least Developed,gdp,1977,
Afghanistan,AFG,Least Developed,gdp,1976,
Afghanistan,AFG,Least Developed,gdp,1975,
Afghanistan,AFG,Least Developed,gdp,1974,
Afghanistan,AFG,Least Developed,gdp,1973,
Afghanistan,AFG,Least Developed,gdp,1972,
Afghanistan,AFG,Least Developed,gdp,1971,
Afghanistan,AFG,Least Developed,gdp,1970,
Afghanistan,AFG,Least Developed,gdp,1969,
Afghanistan,AFG,Least Developed,gdp,1968,
Afghanistan,AFG,Least Developed,gdp,1967,
Afghanistan,AFG,Least Developed,gdp,1966,
Afghanistan,AFG,Least Developed,gdp,1965,
Afghanistan,AFG,Least Developed,gdp,1964,
Afghanistan,AFG,Least Developed,gdp,1963,
Afghanistan,AFG,Least Developed,gdp,1962,
Afghanistan,AFG,Least Developed,gdp,1961,
Afghanistan,AFG,Least Developed,gdp,1960,
Afghanistan,AFG,Least Developed,gdp_per_capita,2025,
Afghanistan,AFG,Least Developed,gdp_per_capita,2024,416.871146273728
Afghanistan,AFG,Least Developed,gdp_per_capita,2023,413.757894705303
Afghanistan,AFG,Least Developed,gdp_per_capita,2022,357.261152798144
Afghanistan,AFG,Least Developed,gdp_per_capita,2021,356.496214115892
Afghanistan,AFG,Least Developed,gdp_per_capita,2020,510.787063366811
Afghanistan,AFG,Least Developed,gdp_per_capita,2019,496.6025042585
Afghanistan,AFG,Least Developed,gdp_per_capita,2018,491.337221382603
Afghanistan,AFG,Least Developed,gdp_per_capita,2017,525.469770891619
Afghanistan,AFG,Least Developed,gdp_per_capita,2016,522.082215583898
Afghanistan,AFG,Least Developed,gdp_per_capita,2015,565.569730408751
Afghanistan,AFG,Least Developed,gdp_per_capita,2014,625.054941813938
Afghanistan,AFG,Least Developed,gdp_per_capita,2013,637.087099117099
Afghanistan,AFG,Least Developed,gdp_per_capita,2012,651.417134470046
Afghanistan,AFG,Least Developed,gdp_per_capita,2011,606.694676337726
Afghanistan,AFG,Least Developed,gdp_per_capita,2010,560.621505463146
Afghanistan,AFG,Least Developed,gdp_per_capita,2009,452.053705477043
Afghanistan,AFG,Least Developed,gdp_per_capita,2008,381.73323802844
Afghanistan,AFG,Least Developed,gdp_per_capita,2007,376.223152003876
Afghanistan,AFG,Least Developed,gdp_per_capita,2006,274.218553561575
Afghanistan,AFG,Least Developed,gdp_per_capita,2005,254.184249149336
Afghanistan,AFG,Least Developed,gdp_per_capita,2004,221.763653873013
Afghanistan,AFG,Least Developed,gdp_per_capita,2003,198.871115728727
Afghanistan,AFG,Least Developed,gdp_per_capita,2002,178.954088379235
Afghanistan,AFG,Least Developed,gdp_per_capita,2001,138.706821676113
Afghanistan,AFG,Least Developed,gdp_per_capita,2000,174.930991430166
Afghanistan,AFG,Least Developed,gdp_per_capita,1999,
Afghanistan,AFG,Least Developed,gdp_per_capita,1998,
Afghanistan,AFG,Least Developed,gdp_per_capita,1997,
Afghanistan,AFG,Least Developed,gdp_per_capita,1996,
Afghanistan,AFG,Least Developed,gdp_per_capita,1995,
Afghanistan,AFG,Least Developed,gdp_per_capita,1994,
Afghanistan,AFG,Least Developed,gdp_per_capita,1993,
Afghanistan,AFG,Least Developed,gdp_per_capita,1992,
Afghanistan,AFG,Least Developed,gdp_per_capita,1991,
Afghanistan,AFG,Least Developed,gdp_per_capita,1990,
Afghanistan,AFG,Least Developed,gdp_per_capita,1989,
Afghanistan,AFG,Least Developed,gdp_per_capita,1988,
Afghanistan,AFG,Least Developed,gdp_per_capita,1987,
Afghanistan,AFG,Least Developed,gdp_per_capita,1986,
Afghanistan,AFG,Least Developed,gdp_per_capita,1985,
Afghanistan,AFG,Least Developed,gdp_per_capita,1984,
Afghanistan,AFG,Least Developed,gdp_per_capita,1983,
Afghanistan,AFG,Least Developed,gdp_per_capita,1982,
Afghanistan,AFG,Least Developed,gdp_per_capita,1981,
Afghanistan,AFG,Least Developed,gdp_per_capita,1980,
Afghanistan,AFG,Least Developed,gdp_per_capita,1979,
Afghanistan,AFG,Least Developed,gdp_per_capita,1978,
Afghanistan,AFG,Least Developed,gdp_per_capita,1977,
Afghanistan,AFG,Least Developed,gdp_per_capita,1976,
Afghanistan,AFG,Least Developed,gdp_per_capita,1975,
Afghanistan,AFG,Least Developed,gdp_per_capita,1974,
Afghanistan,AFG,Least Developed,gdp_per_capita,1973,
Afghanistan,AFG,Least Developed,gdp_per_capita,1972,
Afghanistan,AFG,Least Developed,gdp_per_capita,1971,
Afghanistan,AFG,Least Developed,gdp_per_capita,1970,
Afghanistan,AFG,Least Developed,gdp_per_capita,1969,
Afghanistan,AFG,Least Developed,gdp_per_capita,1968,
Afghanistan,AFG,Least Developed,gdp_per_capita,1967,
Afghanistan,AFG,Least Developed,gdp_per_capita,1966,
Afghanistan,AFG,Least Developed,gdp_per_capita,1965,
Afghanistan,AFG,Least Developed,gdp_per_capita,1964,
Afghanistan,AFG,Least Developed,gdp_per_capita,1963,
Afghanistan,AFG,Least Developed,gdp_per_capita,1962,
Afghanistan,AFG,Least Developed,gdp_per_capita,1961,
Afghanistan,AFG,Least Developed,gdp_per_capita,1960,
Afghanistan,AFG,Least Developed,life_expectancy,2025,
Afghanistan,AFG,Least Developed,life_expectancy,2024,66.289
Afghanistan,AFG,Least Developed,life_expectancy,2023,66.035
Afghanistan,AFG,Least Developed,life_expectancy,2022,65.617
Afghanistan,AFG,Least Developed,life_expectancy,2021,60.417
Afghanistan,AFG,Least Developed,life_expectancy,2020,61.454
Afghanistan,AFG,Least Developed,life_expectancy,2019,62.941
Afghanistan,AFG,Least Developed,life_expectancy,2018,62.443
Afghanistan,AFG,Least Developed,life_expectancy,2017,62.406
Afghanistan,AFG,Least Developed,life_expectancy,2016,62.646
Afghanistan,AFG,Least Developed,life_expectancy,2015,62.27
Afghanistan,AFG,Least Developed,life_expectancy,2014,62.26
Afghanistan,AFG,Least Developed,life_expectancy,2013,62.188
Afghanistan,AFG,Least Developed,life_expectancy,2012,61.735
Afghanistan,AFG,Least Developed,life_expectancy,2011,61.25
Afghanistan,AFG,Least Developed,life_expectancy,2010,60.702
Afghanistan,AFG,Least Developed,life_expectancy,2009,60.248
Afghanistan,AFG,Least Developed,life_expectancy,2008,59.708
Afghanistan,AFG,Least Developed,life_expectancy,2007,58.956
Afghanistan,AFG,Least Developed,life_expectancy,2006,58.553
Afghanistan,AFG,Least Developed,life_expectancy,2005,58.247
Afghanistan,AFG,Least Developed,life_expectancy,2004,57.81
Afghanistan,AFG,Least Developed,life_expectancy,2003,57.171
Afghanistan,AFG,Least Developed,life_expectancy,2002,56.225
Afghanistan,AFG,Least Developed,life_expectancy,2001,55.511
Afghanistan,AFG,Least Developed,life_expectancy,2000,55.005
Afghanistan,AFG,Least Developed,life_expectancy,1999,54.532
Afghanistan,AFG,Least Developed,life_expectancy,1998,52.487
Afghanistan,AFG,Least Developed,life_expectancy,1997,53.212
Afghanistan,AFG,Least Developed,life_expectancy,1996,52.83
Afghanistan,AFG,Least Developed,life_expectancy,1995,52.103
Afghanistan,AFG,Least Developed,life_expectancy,1994,50.969
Afghanistan,AFG,Least Developed,life_expectancy,1993,51.021
Afghanistan,AFG,Least Developed,life_expectancy,1992,46.569
Afghanistan,AFG,Least Developed,life_expectancy,1991,45.521
Afghanistan,AFG,Least Developed,life_expectancy,1990,45.118
Afghanistan,AFG,Least Developed,life_expectancy,1989,44.496
Afghanistan,AFG,Least Developed,life_expectancy,1988,43.238
Afghanistan,AFG,Least Developed,life_expectancy,1987,38.831
Afghanistan,AFG,Least Developed,life_expectancy,1986,38.4
Afghanistan,AFG,Least Developed,life_expectancy,1985,32.132
Afghanistan,AFG,Least Developed,life_expectancy,1984,31.473
Afghanistan,AFG,Least Developed,life_expectancy,1983,36.517
Afghanistan,AFG,Least Developed,life_expectancy,1982,36.058
Afghanistan,AFG,Least Developed,life_expectancy,1981,39.406
Afghanistan,AFG,Least Developed,life_expectancy,1980,39.258
Afghanistan,AFG,Least Developed,life_expectancy,1979,38.844
Afghanistan,AFG,Least Developed,life_expectancy,1978,40.086
Afghanistan,AFG,Least Developed,life_expectancy,1977,41.082
Afghanistan,AFG,Least Developed,life_expectancy,1976,40.518
Afghanistan,AFG,Least Developed,life_expectancy,1975,39.994
Afghanistan,AFG,Least Developed,life_expectancy,1974,39.469
Afghanistan,AFG,Least Developed,life_expectancy,1973,38.951
Afghanistan,AFG,Least Developed,life_expectancy,1972,38.423
Afghanistan,AFG,Least Developed,life_expectancy,1971,37.932
Afghanistan,AFG,Least Developed,life_expectancy,1970,37.46
Afghanistan,AFG,Least Developed,life_expectancy,1969,36.979
Afghanistan,AFG,Least Developed,life_expectancy,1968,36.51
Afghanistan,AFG,Least Developed,life_expectancy,1967,36.042
Afghanistan,AFG,Least Developed,life_expectancy,1966,35.583
Afghanistan,AFG,Least Developed,life_expectancy,1965,35.124
Afghanistan,AFG,Least Developed,life_expectancy,1964,34.673
Afghanistan,AFG,Least Developed,life_expectancy,1963,34.201
Afghanistan,AFG,Least Developed,life_expectancy,1962,33.757
Afghanistan,AFG,Least Developed,life_expectancy,1961,33.291
Afghanistan,AFG,Least Developed,life_expectancy,1960,32.799
Afghanistan,AFG,Least Developed,population,2025,43844111.0
Afghanistan,AFG,Least Developed,population,2024,42647492.0
Afghanistan,AFG,Least Developed,population,2023,41454761.0
Afghanistan,AFG,Least Developed,population,2022,40578842.0
Afghanistan,AFG,Least Developed,population,2021,40000412.0
Afghanistan,AFG,Least Developed,population,2020,39068979.0
Afghanistan,AFG,Least Developed,population,2019,37856121.0
Afghanistan,AFG,Least Developed,population,2018,36743039.0
Afghanistan,AFG,Least Developed,population,2017,35688935.0
Afghanistan,AFG,Least Developed,population,2016,34700612.0
Afghanistan,AFG,Least Developed,population,2015,33831764.0
Afghanistan,AFG,Least Developed,population,2014,32792523.0
Afghanistan,AFG,Least Developed,population,2013,31622704.0
Afghanistan,AFG,Least Developed,population,2012,30560034.0
Afghanistan,AFG,Least Developed,population,2011,29347708.0
Afghanistan,AFG,Least Developed,population,2010,28284089.0
Afghanistan,AFG,Least Developed,population,2009,27466101.0
Afghanistan,AFG,Least Developed,population,2008,26482622.0
Afghanistan,AFG,Least Developed,population,2007,25909852.0
Afghanistan,AFG,Least Developed,population,2006,25424094.0
Afghanistan,AFG,Least Developed,population,2005,24404567.0
Afghanistan,AFG,Least Developed,population,2004,23560654.0
Afghanistan,AFG,Least Developed,population,2003,22733049.0
Afghanistan,AFG,Least Developed,population,2002,21378117.0
Afghanistan,AFG,Least Developed,population,2001,20284307.0
Afghanistan,AFG,Least Developed,population,2000,20130327.0
Afghanistan,AFG,Least Developed,population,1999,19887785.0
Afghanistan,AFG,Least Developed,population,1998,19159996.0
Afghanistan,AFG,Least Developed,population,1997,18452091.0
Afghanistan,AFG,Least Developed,population,1996,17763266.0
Afghanistan,AFG,Least Developed,population,1995,17065836.0
Afghanistan,AFG,Least Developed,population,1994,16250794.0
Afghanistan,AFG,Least Developed,population,1993,14943172.0
Afghanistan,AFG,Least Developed,population,1992,13278974.0
Afghanistan,AFG,Least Developed,population,1991,12238879.0
Afghanistan,AFG,Least Developed,population,1990,12045660.0
Afghanistan,AFG,Least Developed,population,1989,11874088.0
Afghanistan,AFG,Least Developed,population,1988,11523298.0
Afghanistan,AFG,Least Developed,population,1987,11387818.0
Afghanistan,AFG,Least Developed,population,1986,11420074.0
Afghanistan,AFG,Least Developed,population,1985,11426852.0
Afghanistan,AFG,Least Developed,population,1984,11190221.0
Afghanistan,AFG,Least Developed,population,1983,10917982.0
Afghanistan,AFG,Least Developed,population,1982,10991378.0
Afghanistan,AFG,Least Developed,population,1981,11937581.0
Afghanistan,AFG,Least Developed,population,1980,13169311.0
Afghanistan,AFG,Least Developed,population,1979,13655567.0
Afghanistan,AFG,Least Developed,population,1978,13611441.0
Afghanistan,AFG,Least Developed,population,1977,13340756.0
Afghanistan,AFG,Least Developed,population,1976,13059851.0
Afghanistan,AFG,Least Developed,population,1975,12773954.0
Afghanistan,AFG,Least Developed,population,1974,12469127.0
Afghanistan,AFG,Least Developed,population,1973,12157999.0
Afghanistan,AFG,Least Developed,population,1972,11853696.0
Afghanistan,AFG,Least Developed,population,1971,11567667.0
Afghanistan,AFG,Least Developed,population,1970,11290128.0
Afghanistan,AFG,Least Developed,population,1969,11017409.0
Afghanistan,AFG,Least Developed,population,1968,10756922.0
Afghanistan,AFG,Least Developed,population,1967,10505959.0
Afghanistan,AFG,Least Developed,population,1966,10266395.0
Afghanistan,AFG,Least Developed,population,1965,10036008.0
Afghanistan,AFG,Least Developed,population,1964,9814318.0
Afghanistan,AFG,Least Developed,population,1963,9604487.0
Afghanistan,AFG,Least Developed,population,1962,9404406.0
Afghanistan,AFG,Least Developed,population,1961,9214083.0
Afghanistan,AFG,Least Developed,population,1960,9035043.0
Afghanistan,AFG,Least Developed,school_enrollment,2025,
Afghanistan,AFG,Least Developed,school_enrollment,2024,
Afghanistan,AFG,Least Developed,school_enrollment,2023,59.6136016845703
Afghanistan,AFG,Least Developed,school_enrollment,2022,
Afghanistan,AFG,Least Developed,school_enrollment,2021,
Afghanistan,AFG,Least Developed,school_enrollment,2020,
Afghanistan,AFG,Least Developed,school_enrollment,2019,
Afghanistan,AFG,Least Developed,school_enrollment,2018,57.3578491210938
Afghanistan,AFG,Least Developed,school_enrollment,2017,55.5364303588867
Afghanistan,AFG,Least Developed,school_enrollment,2016,53.4350395202637
Afghanistan,AFG,Least Developed,school_enrollment,2015,53.1501083374023
Afghanistan,AFG,Least Developed,school_enrollment,2014,54.2936515808105
Afghanistan,AFG,Least Developed,school_enrollment,2013,54.8833694458008
Afghanistan,AFG,Least Developed,school_enrollment,2012,54.372859954834
Afghanistan,AFG,Least Developed,school_enrollment,2011,52.4474296569824
Afghanistan,AFG,Least Developed,school_enrollment,2010,50.4406204223633
Afghanistan,AFG,Least Developed,school_enrollment,2009,44.2999496459961
Afghanistan,AFG,Least Developed,school_enrollment,2008,38.930850982666
Afghanistan,AFG,Least Developed,school_enrollment,2007,28.8154907226562
Afghanistan,AFG,Least Developed,school_enrollment,2006,29.523889541626
Afghanistan,AFG,Least Developed,school_enrollment,2005,20.2735099792481
Afghanistan,AFG,Least Developed,school_enrollment,2004,19.2143802642822
Afghanistan,AFG,Least Developed,school_enrollment,2003,13.959529876709
Afghanistan,AFG,Least Developed,school_enrollment,2002,
Afghanistan,AFG,Least Developed,school_enrollment,2001,14.0404100418091
Afghanistan,AFG,Least Developed,school_enrollment,2000,
Afghanistan,AFG,Least Developed,school_enrollment,1999,
Afghanistan,AFG,Least Developed,school_enrollment,1998,
Afghanistan,AFG,Least Developed,school_enrollment,1997,
Afghanistan,AFG,Least Developed,school_enrollment,1996,
Afghanistan,AFG,Least Developed,school_enrollment,1995,23.0545196533203
Afghanistan,AFG,Least Developed,school_enrollment,1994,23.4685802459717
Afghanistan,AFG,Least Developed,school_enrollment,1993,17.4169101715088
Afghanistan,AFG,Least Developed,school_enrollment,1992,
Afghanistan,AFG,Least Developed,school_enrollment,1991,17.1836109161377
Afghanistan,AFG,Least Developed,school_enrollment,1990,11.0395498275757
Afghanistan,AFG,Least Developed,school_enrollment,1989,12.6811199188232
Afghanistan,AFG,Least Developed,school_enrollment,1988,13.2139596939087
Afghanistan,AFG,Least Developed,school_enrollment,1987,
Afghanistan,AFG,Least Developed,school_enrollment,1986,12.1385698318481
Afghanistan,AFG,Least Developed,school_enrollment,1985,13.4969701766968
Afghanistan,AFG,Least Developed,school_enrollment,1984,13.6493997573853
Afghanistan,AFG,Least Developed,school_enrollment,1983,
Afghanistan,AFG,Least Developed,school_enrollment,1982,12.295000076294
Afghanistan,AFG,Least Developed,school_enrollment,1981,20.0920791625977
Afghanistan,AFG,Least Developed,school_enrollment,1980,16.732780456543
Afghanistan,AFG,Least Developed,school_enrollment,1979,
Afghanistan,AFG,Least Developed,school_enrollment,1978,13.8213396072388
Afghanistan,AFG,Least Developed,school_enrollment,1977,13.2592697143555
Afghanistan,AFG,Least Developed,school_enrollment,1976,12.4582595825195
Afghanistan,AFG,Least Developed,school_enrollment,1975,11.5955896377563
Afghanistan,AFG,Least Developed,school_enrollment,1974,11.0948801040649
Afghanistan,AFG,Least Developed,school_enrollment,1973,10.9321804046631
Afghanistan,AFG,Least Developed,school_enrollment,1972,10.4142398834228
Afghanistan,AFG,Least Developed,school_enrollment,1971,9.37827014923096
Afghanistan,AFG,Least Developed,school_enrollment,1970,8.36410045623779
Afghanistan,AFG,Least Developed,school_enrollment,1969,
Afghanistan,AFG,Least Developed,school_enrollment,1968,
Afghanistan,AFG,Least Developed,school_enrollment,1967,
Afghanistan,AFG,Least Developed,school_enrollment,1966,
Afghanistan,AFG,Least Developed,school_enrollment,1965,
Afghanistan,AFG,Least Developed,school_enrollment,1964,
Afghanistan,AFG,Least Developed,school_enrollment,1963,
Afghanistan,AFG,Least Developed,school_enrollment,1962,
Afghanistan,AFG,Least Developed,school_enrollment,1961,
Afghanistan,AFG,Least Developed,school_enrollment,1960,
Afghanistan,AFG,Least Developed,unemployment,2025,13.351
Afghanistan,AFG,Least Developed,unemployment,2024,13.687
Afghanistan,AFG,Least Developed,unemployment,2023,14.008
Afghanistan,AFG,Least Developed,unemployment,2022,14.1
Afghanistan,AFG,Least Developed,unemployment,2021,12.006
Afghanistan,AFG,Least Developed,unemployment,2020,11.71
Afghanistan,AFG,Least Developed,unemployment,2019,11.187
Afghanistan,AFG,Least Developed,unemployment,2018,11.192
Afghanistan,AFG,Least Developed,unemployment,2017,11.184
Afghanistan,AFG,Least Developed,unemployment,2016,10.116
Afghanistan,AFG,Least Developed,unemployment,2015,9.032
Afghanistan,AFG,Least Developed,unemployment,2014,7.915
Afghanistan,AFG,Least Developed,unemployment,2013,7.921
Afghanistan,AFG,Least Developed,unemployment,2012,7.875
Afghanistan,AFG,Least Developed,unemployment,2011,7.83
Afghanistan,AFG,Least Developed,unemployment,2010,7.809
Afghanistan,AFG,Least Developed,unemployment,2009,7.808
Afghanistan,AFG,Least Developed,unemployment,2008,7.879
Afghanistan,AFG,Least Developed,unemployment,2007,7.841
Afghanistan,AFG,Least Developed,unemployment,2006,7.897
Afghanistan,AFG,Least Developed,unemployment,2005,7.878
Afghanistan,AFG,Least Developed,unemployment,2004,7.794
Afghanistan,AFG,Least Developed,unemployment,2003,7.844
Afghanistan,AFG,Least Developed,unemployment,2002,7.867
Afghanistan,AFG,Least Developed,unemployment,2001,7.973
Afghanistan,AFG,Least Developed,unemployment,2000,7.897
Afghanistan,AFG,Least Developed,unemployment,1999,7.877
Afghanistan,AFG,Least Developed,unemployment,1998,7.869
Afghanistan,AFG,Least Developed,unemployment,1997,7.863
Afghanistan,AFG,Least Developed,unemployment,1996,7.878
Afghanistan,AFG,Least Developed,unemployment,1995,7.868
Afghanistan,AFG,Least Developed,unemployment,1994,7.883
Afghanistan,AFG,Least Developed,unemployment,1993,7.908
Afghanistan,AFG,Least Developed,unemployment,1992,7.958
Afghanistan,AFG,Least Developed,unemployment,1991,7.972
Afghanistan,AFG,Least Developed,unemployment,1990,
Afghanistan,AFG,Least Developed,unemployment,1989,
Afghanistan,AFG,Least Developed,unemployment,1988,
Afghanistan,AFG,Least Developed,unemployment,1987,
Afghanistan,AFG,Least Developed,unemployment,1986,
Afghanistan,AFG,Least Developed,unemployment,1985,
Afghanistan,AFG,Least Developed,unemployment,1984,
Afghanistan,AFG,Least Developed,unemployment,1983,
Afghanistan,AFG,Least Developed,unemployment,1982,
Afghanistan,AFG,Least Developed,unemployment,1981,
Afghanistan,AFG,Least Developed,unemployment,1980,
Afghanistan,AFG,Least Developed,unemployment,1979,
Afghanistan,AFG,Least Developed,unemployment,1978,
Afghanistan,AFG,Least Developed,unemployment,1977,
Afghanistan,AFG,Least Developed,unemployment,1976,
Afghanistan,AFG,Least Developed,unemployment,1975,
Afghanistan,AFG,Least Developed,unemployment,1974,
Afghanistan,AFG,Least Developed,unemployment,1973,
Afghanistan,AFG,Least Developed,unemployment,1972,
Afghanistan,AFG,Least Developed,unemployment,1971,
Afghanistan,AFG,Least Developed,unemployment,1970,
Afghanistan,AFG,Least Developed,unemployment,1969,
Afghanistan,AFG,Least Developed,unemployment,1968,
Afghanistan,AFG,Least Developed,unemployment,1967,
Afghanistan,AFG,Least Developed,unemployment,1966,
Afghanistan,AFG,Least Developed,unemployment,1965,
Afghanistan,AFG,Least Developed,unemployment,1964,
Afghanistan,AFG,Least Developed,unemployment,1963,
Afghanistan,AFG,Least Developed,unemployment,1962,
Afghanistan,AFG,Least Developed,unemployment,1961,
Afghanistan,AFG,Least Developed,unemployment,1960,
Australia,AUS,Developed,gdp_per_capita,2025,65129.7227990563
Australia,AUS,Developed,gdp_per_capita,2024,64609.9865116088
Australia,AUS,Developed,gdp_per_capita,2023,65058.3773146674
Australia,AUS,Developed,gdp_per_capita,2022,65169.5191118657
Australia,AUS,Developed,gdp_per_capita,2021,60758.9044397144
Australia,AUS,Developed,gdp_per_capita,2020,51983.4523666382
Australia,AUS,Developed,gdp_per_capita,2019,55194.7585097428
Australia,AUS,Developed,gdp_per_capita,2018,57410.1737346009
Australia,AUS,Developed,gdp_per_capita,2017,54117.547718609
Australia,AUS,Developed,gdp_per_capita,2016,50084.4440606385
Australia,AUS,Developed,gdp_per_capita,2015,56970.3613028094
Australia,AUS,Developed,gdp_per_capita,2014,62817.2061751737
Australia,AUS,Developed,gdp_per_capita,2013,68476.6788496118
Australia,AUS,Developed,gdp_per_capita,2012,68301.4402512587
Australia,AUS,Developed,gdp_per_capita,2011,62799.3895017032
Australia,AUS,Developed,gdp_per_capita,2010,52313.8939041213
Australia,AUS,Developed,gdp_per_capita,2009,42954.8494884573
Australia,AUS,Developed,gdp_per_capita,2008,49811.2067218988
Australia,AUS,Developed,gdp_per_capita,2007,41128.2476618402
Australia,AUS,Developed,gdp_per_capita,2006,36658.8243476122
Australia,AUS,Developed,gdp_per_capita,2005,34535.20727091
Australia,AUS,Developed,gdp_per_capita,2004,30886.0500949401
Australia,AUS,Developed,gdp_per_capita,2003,23757.5898471684
Australia,AUS,Developed,gdp_per_capita,2002,20335.0960191023
Australia,AUS,Developed,gdp_per_capita,2001,19733.6510102645
Australia,AUS,Developed,gdp_per_capita,2000,21908.9968019784
Australia,AUS,Developed,gdp_per_capita,1999,20749.6443779096
Australia,AUS,Developed,gdp_per_capita,1998,21516.0403147759
Australia,AUS,Developed,gdp_per_capita,1997,23683.4948964934
Australia,AUS,Developed,gdp_per_capita,1996,22055.838490507
Australia,AUS,Developed,gdp_per_capita,1995,20479.1748274233
Australia,AUS,Developed,gdp_per_capita,1994,18155.6282000179
Australia,AUS,Developed,gdp_per_capita,1993,17724.5399501656
Australia,AUS,Developed,gdp_per_capita,1992,18650.3675476612
Australia,AUS,Developed,gdp_per_capita,1991,18885.4274465057
Australia,AUS,Developed,gdp_per_capita,1990,18273.561526468
Australia,AUS,Developed,gdp_per_capita,1989,17857.5520554588
Australia,AUS,Developed,gdp_per_capita,1988,14303.093047615
Australia,AUS,Developed,gdp_per_capita,1987,11665.5298271811
Australia,AUS,Developed,gdp_per_capita,1986,11406.1093011037
Australia,AUS,Developed,gdp_per_capita,1985,11455.379711213
Australia,AUS,Developed,gdp_per_capita,1984,12436.2969052038
Australia,AUS,Developed,gdp_per_capita,1983,11532.4028055582
Australia,AUS,Developed,gdp_per_capita,1982,12797.6758959809
Australia,AUS,Developed,gdp_per_capita,1981,11870.8633077339
Australia,AUS,Developed,gdp_per_capita,1980,10223.2886675105
Australia,AUS,Developed,gdp_per_capita,1979,9307.82127950011
Australia,AUS,Developed,gdp_per_capita,1978,8264.43890373653
Australia,AUS,Developed,gdp_per_capita,1977,7786.4080406928
Australia,AUS,Developed,gdp_per_capita,1976,7497.28175413577
Australia,AUS,Developed,gdp_per_capita,1975,7013.67159761514
Australia,AUS,Developed,gdp_per_capita,1974,6491.74521621099
Australia,AUS,Developed,gdp_per_capita,1973,4777.513168995
Australia,AUS,Developed,gdp_per_capita,1972,3955.22430403017
Australia,AUS,Developed,gdp_per_capita,1971,3500.33603195606
Australia,AUS,Developed,gdp_per_capita,1970,3309.76306254362
Australia,AUS,Developed,gdp_per_capita,1969,2995.86119857452
Australia,AUS,Developed,gdp_per_capita,1968,2728.23426114901
Australia,AUS,Developed,gdp_per_capita,1967,2583.9075241973
Australia,AUS,Developed,gdp_per_capita,1966,2347.37656646515
Australia,AUS,Developed,gdp_per_capita,1965,2284.35582738664
Australia,AUS,Developed,gdp_per_capita,1964,2134.48946124608
Australia,AUS,Developed,gdp_per_capita,1963,1970.17748417817
Australia,AUS,Developed,gdp_per_capita,1962,1857.56127281956
Australia,AUS,Developed,gdp_per_capita,1961,1880.48489498232
Australia,AUS,Developed,gdp_per_capita,1960,1813.43109917039
Australia,AUS,Developed,electricity_access,2025,
Australia,AUS,Developed,electricity_access,2024,100.0
Australia,AUS,Developed,electricity_access,2023,100.0
Australia,AUS,Developed,electricity_access,2022,100.0
Australia,AUS,Developed,electricity_access,2021,100.0
Australia,AUS,Developed,electricity_access,2020,100.0
Australia,AUS,Developed,electricity_access,2019,100.0
Australia,AUS,Developed,electricity_access,2018,100.0
Australia,AUS,Developed,electricity_access,2017,100.0
Australia,AUS,Developed,electricity_access,2016,100.0
Australia,AUS,Developed,electricity_access,2015,100.0
Australia,AUS,Developed,electricity_access,2014,100.0
Australia,AUS,Developed,electricity_access,2013,100.0
Australia,AUS,Developed,electricity_access,2012,100.0
Australia,AUS,Developed,electricity_access,2011,100.0
Australia,AUS,Developed,electricity_access,2010,100.0
Australia,AUS,Developed,electricity_access,2009,100.0
Australia,AUS,Developed,electricity_access,2008,100.0
Australia,AUS,Developed,electricity_access,2007,100.0
Australia,AUS,Developed,electricity_access,2006,100.0
Australia,AUS,Developed,electricity_access,2005,100.0
Australia,AUS,Developed,electricity_access,2004,100.0
Australia,AUS,Developed,electricity_access,2003,100.0
Australia,AUS,Developed,electricity_access,2002,100.0
Australia,AUS,Developed,electricity_access,2001,100.0
Australia,AUS,Developed,electricity_access,2000,100.0
Australia,AUS,Developed,electricity_access,1999,100.0
Australia,AUS,Developed,electricity_access,1998,100.0
Australia,AUS,Developed,electricity_access,1997,100.0
Australia,AUS,Developed,electricity_access,1996,100.0
Australia,AUS,Developed,electricity_access,1995,100.0
Australia,AUS,Developed,electricity_access,1994,100.0
Australia,AUS,Developed,electricity_access,1993,100.0
Australia,AUS,Developed,electricity_access,1992,100.0
Australia,AUS,Developed,electricity_access,1991,100.0
Australia,AUS,Developed,electricity_access,1990,100.0
Australia,AUS,Developed,electricity_access,1989,
Australia,AUS,Developed,electricity_access,1988,
Australia,AUS,Developed,electricity_access,1987,
Australia,AUS,Developed,electricity_access,1986,
Australia,AUS,Developed,electricity_access,1985,
Australia,AUS,Developed,electricity_access,1984,
Australia,AUS,Developed,electricity_access,1983,
Australia,AUS,Developed,electricity_access,1982,
Australia,AUS,Developed,electricity_access,1981,
Australia,AUS,Developed,electricity_access,1980,
Australia,AUS,Developed,electricity_access,1979,
Australia,AUS,Developed,electricity_access,1978,
Australia,AUS,Developed,electricity_access,1977,
Australia,AUS,Developed,electricity_access,1976,
Australia,AUS,Developed,electricity_access,1975,
Australia,AUS,Developed,electricity_access,1974,
Australia,AUS,Developed,electricity_access,1973,
Australia,AUS,Developed,electricity_access,1972,
Australia,AUS,Developed,electricity_access,1971,
Australia,AUS,Developed,electricity_access,1970,
Australia,AUS,Developed,electricity_access,1969,
Australia,AUS,Developed,electricity_access,1968,
Australia,AUS,Developed,electricity_access,1967,
Australia,AUS,Developed,electricity_access,1966,
Australia,AUS,Developed,electricity_access,1965,
Australia,AUS,Developed,electricity_access,1964,
Australia,AUS,Developed,electricity_access,1963,
Australia,AUS,Developed,electricity_access,1962,
Australia,AUS,Developed,electricity_access,1961,
Australia,AUS,Developed,electricity_access,1960,
Australia,AUS,Developed,gdp,2025,1798518933689.21
Australia,AUS,Developed,gdp,2024,1757022451652.83
Australia,AUS,Developed,gdp,2023,1734451264655.6
Australia,AUS,Developed,gdp,2022,1695627535475.8
Australia,AUS,Developed,gdp,2021,1560617493202.69
Australia,AUS,Developed,gdp,2020,1333336461648.09
Australia,AUS,Developed,gdp,2019,1398349602956.35
Australia,AUS,Developed,gdp,2018,1433144978761.67
Australia,AUS,Developed,gdp,2017,1330890554614.09
Australia,AUS,Developed,gdp,2016,1211588128417.61
Australia,AUS,Developed,gdp,2015,1356805839935.9
Australia,AUS,Developed,gdp,2014,1474677007565.64
Australia,AUS,Developed,gdp,2013,1583737461925.39
Australia,AUS,Developed,gdp,2012,1552728401401.58
Australia,AUS,Developed,gdp,2011,1402939868653.4
Australia,AUS,Developed,gdp,2010,1152566632022.13
Australia,AUS,Developed,gdp,2009,931761689770.843
Australia,AUS,Developed,gdp,2008,1058448244063.77
Australia,AUS,Developed,gdp,2007,856603595823.192
Australia,AUS,Developed,gdp,2006,749708370332.989
Australia,AUS,Developed,gdp,2005,696811489612.816
Australia,AUS,Developed,gdp,2004,615643050220.515
Australia,AUS,Developed,gdp,2003,468517181129.878
Australia,AUS,Developed,gdp,2002,396436967262.563
Australia,AUS,Developed,gdp,2001,380360222861.197
Australia,AUS,Developed,gdp,2000,416901962163.479
Australia,AUS,Developed,gdp,1999,390347787943.351
Australia,AUS,Developed,gdp,1998,400361527504.578
Australia,AUS,Developed,gdp,1997,436321902767.408
Australia,AUS,Developed,gdp,1996,401962517479.122
Australia,AUS,Developed,gdp,1995,368725126225.126
Australia,AUS,Developed,gdp,1994,323269456935.317
Australia,AUS,Developed,gdp,1993,312568858909.5
Australia,AUS,Developed,gdp,1992,325982966981.415
Australia,AUS,Developed,gdp,1991,326416407860.792
Australia,AUS,Developed,gdp,1990,311840666465.053
Australia,AUS,Developed,gdp,1989,300264309002.14
Australia,AUS,Developed,gdp,1988,236461079970.431
Australia,AUS,Developed,gdp,1987,189726707252.515
Australia,AUS,Developed,gdp,1986,182707050923.335
Australia,AUS,Developed,gdp,1985,180861108959.102
Australia,AUS,Developed,gdp,1984,193749932078.26
Australia,AUS,Developed,gdp,1983,177523719680.081
Australia,AUS,Developed,gdp,1982,194323071830.52
Australia,AUS,Developed,gdp,1981,177151979565.773
Australia,AUS,Developed,gdp,1980,150200557103.064
Australia,AUS,Developed,gdp,1979,135093718050.665
Australia,AUS,Developed,gdp,1978,118660813779.849
Australia,AUS,Developed,gdp,1977,110504702913.512
Australia,AUS,Developed,gdp,1976,105209354855.787
Australia,AUS,Developed,gdp,1975,97440939505.6671
Australia,AUS,Developed,gdp,1974,89086219602.0634
Australia,AUS,Developed,gdp,1973,63923126201.1531
Australia,AUS,Developed,gdp,1972,52117990654.2056
Australia,AUS,Developed,gdp,1971,45283847245.4156
Australia,AUS,Developed,gdp,1970,41395206623.2331
Australia,AUS,Developed,gdp,1969,36738245878.1193
Australia,AUS,Developed,gdp,1968,32763365242.1384
Australia,AUS,Developed,gdp,1967,30487524878.004
Australia,AUS,Developed,gdp,1966,27349284375.8855
Australia,AUS,Developed,gdp,1965,26014244162.2791
Australia,AUS,Developed,gdp,1964,23835843813.735
Australia,AUS,Developed,gdp,1963,21573443451.751
Australia,AUS,Developed,gdp,1962,19953923192.6277
Australia,AUS,Developed,gdp,1961,19713123154.0997
Australia,AUS,Developed,gdp,1960,18635682981.7093
Australia,AUS,Developed,gdp_per_capita,2025,65129.7227990563
Australia,AUS,Developed,gdp_per_capita,2024,64609.9865116088
Australia,AUS,Developed,gdp_per_capita,2023,65058.3773146674
Australia,AUS,Developed,gdp_per_capita,2022,65169.5191118657
Australia,AUS,Developed,gdp_per_capita,2021,60758.9044397144
Australia,AUS,Developed,gdp_per_capita,2020,51983.4523666382
Australia,AUS,Developed,gdp_per_capita,2019,55194.7585097428
Australia,AUS,Developed,gdp_per_capita,2018,57410.1737346009
Australia,AUS,Developed,gdp_per_capita,2017,54117.547718609
Australia,AUS,Developed,gdp_per_capita,2016,50084.4440606385
Australia,AUS,Developed,gdp_per_capita,2015,56970.3613028094
Australia,AUS,Developed,gdp_per_capita,2014,62817.2061751737
Australia,AUS,Developed,gdp_per_capita,2013,68476.6788496118
Australia,AUS,Developed,gdp_per_capita,2012,68301.4402512587
Australia,AUS,Developed,gdp_per_capita,2011,62799.3895017032
Australia,AUS,Developed,gdp_per_capita,2010,52313.8939041213
Australia,AUS,Developed,gdp_per_capita,2009,42954.8494884573
Australia,AUS,Developed,gdp_per_capita,2008,49811.2067218988
Australia,AUS,Developed,gdp_per_capita,2007,41128.2476618402
Australia,AUS,Developed,gdp_per_capita,2006,36658.8243476122
Australia,AUS,Developed,gdp_per_capita,2005,34535.20727091
Australia,AUS,Developed,gdp_per_capita,2004,30886.0500949401
Australia,AUS,Developed,gdp_per_capita,2003,23757.5898471684
Australia,AUS,Developed,gdp_per_capita,2002,20335.0960191023
Australia,AUS,Developed,gdp_per_capita,2001,19733.6510102645
Australia,AUS,Developed,gdp_per_capita,2000,21908.9968019784
Australia,AUS,Developed,gdp_per_capita,1999,20749.6443779096
Australia,AUS,Developed,gdp_per_capita,1998,21516.0403147759
Australia,AUS,Developed,gdp_per_capita,1997,23683.4948964934
Australia,AUS,Developed,gdp_per_capita,1996,22055.838490507
Australia,AUS,Developed,gdp_per_capita,1995,20479.1748274233
Australia,AUS,Developed,gdp_per_capita,1994,18155.6282000179
Australia,AUS,Developed,gdp_per_capita,1993,17724.5399501656
Australia,AUS,Developed,gdp_per_capita,1992,18650.3675476612
Australia,AUS,Developed,gdp_per_capita,1991,18885.4274465057
Australia,AUS,Developed,gdp_per_capita,1990,18273.561526468
Australia,AUS,Developed,gdp_per_capita,1989,17857.5520554588
Australia,AUS,Developed,gdp_per_capita,1988,14303.093047615
Australia,AUS,Developed,gdp_per_capita,1987,11665.5298271811
Australia,AUS,Developed,gdp_per_capita,1986,11406.1093011037
Australia,AUS,Developed,gdp_per_capita,1985,11455.379711213
Australia,AUS,Developed,gdp_per_capita,1984,12436.2969052038
Australia,AUS,Developed,gdp_per_capita,1983,11532.4028055582
Australia,AUS,Developed,gdp_per_capita,1982,12797.6758959809
Australia,AUS,Developed,gdp_per_capita,1981,11870.8633077339
Australia,AUS,Developed,gdp_per_capita,1980,10223.2886675105
Australia,AUS,Developed,gdp_per_capita,1979,9307.82127950011
Australia,AUS,Developed,gdp_per_capita,1978,8264.43890373653
Australia,AUS,Developed,gdp_per_capita,1977,7786.4080406928
Australia,AUS,Developed,gdp_per_capita,1976,7497.28175413577
Australia,AUS,Developed,gdp_per_capita,1975,7013.67159761514
Australia,AUS,Developed,gdp_per_capita,1974,6491.74521621099
Australia,AUS,Developed,gdp_per_capita,1973,4777.513168995
Australia,AUS,Developed,gdp_per_capita,1972,3955.22430403017
Australia,AUS,Developed,gdp_per_capita,1971,3500.33603195606
Australia,AUS,Developed,gdp_per_capita,1970,3309.76306254362
Australia,AUS,Developed,gdp_per_capita,1969,2995.86119857452
Australia,AUS,Developed,gdp_per_capita,1968,2728.23426114901
Australia,AUS,Developed,gdp_per_capita,1967,2583.9075241973
Australia,AUS,Developed,gdp_per_capita,1966,2347.37656646515
Australia,AUS,Developed,gdp_per_capita,1965,2284.35582738664
Australia,AUS,Developed,gdp_per_capita,1964,2134.48946124608
Australia,AUS,Developed,gdp_per_capita,1963,1970.17748417817
Australia,AUS,Developed,gdp_per_capita,1962,1857.56127281956
Australia,AUS,Developed,gdp_per_capita,1961,1880.48489498232
Australia,AUS,Developed,gdp_per_capita,1960,1813.43109917039
Australia,AUS,Developed,life_expectancy,2025,
Australia,AUS,Developed,life_expectancy,2024,83.0512195121951
Australia,AUS,Developed,life_expectancy,2023,83.0512195121951
Australia,AUS,Developed,life_expectancy,2022,83.2
Australia,AUS,Developed,life_expectancy,2021,83.3
Australia,AUS,Developed,life_expectancy,2020,83.2
Australia,AUS,Developed,life_expectancy,2019,82.9
Australia,AUS,Developed,life_expectancy,2018,82.7487804878049
Australia,AUS,Developed,life_expectancy,2017,82.5
Australia,AUS,Developed,life_expectancy,2016,82.4487804878049
Australia,AUS,Developed,life_expectancy,2015,82.4
Australia,AUS,Developed,life_expectancy,2014,82.3
Australia,AUS,Developed,life_expectancy,2013,82.1487804878049
Australia,AUS,Developed,life_expectancy,2012,82.0463414634146
Australia,AUS,Developed,life_expectancy,2011,81.8951219512195
Australia,AUS,Developed,life_expectancy,2010,81.6951219512195
Australia,AUS,Developed,life_expectancy,2009,81.5439024390244
Australia,AUS,Developed,life_expectancy,2008,81.3951219512195
Australia,AUS,Developed,life_expectancy,2007,81.2926829268293
Australia,AUS,Developed,life_expectancy,2006,81.0414634146342
Australia,AUS,Developed,life_expectancy,2005,80.8414634146341
Australia,AUS,Developed,life_expectancy,2004,80.490243902439
Australia,AUS,Developed,life_expectancy,2003,80.2390243902439
Australia,AUS,Developed,life_expectancy,2002,79.9365853658537
Australia,AUS,Developed,life_expectancy,2001,79.6341463414634
Australia,AUS,Developed,life_expectancy,2000,79.2341463414634
Australia,AUS,Developed,life_expectancy,1999,78.9317073170732
Australia,AUS,Developed,life_expectancy,1998,78.6317073170732
Australia,AUS,Developed,life_expectancy,1997,78.4804878048781
Australia,AUS,Developed,life_expectancy,1996,78.0780487804878
Australia,AUS,Developed,life_expectancy,1995,77.8292682926829
Australia,AUS,Developed,life_expectancy,1994,77.8780487804878
Australia,AUS,Developed,life_expectancy,1993,77.8780487804878
Australia,AUS,Developed,life_expectancy,1992,77.3780487804878
Australia,AUS,Developed,life_expectancy,1991,77.2756097560976
Australia,AUS,Developed,life_expectancy,1990,76.9946341463415
Australia,AUS,Developed,life_expectancy,1989,76.7136585365854
Australia,AUS,Developed,life_expectancy,1988,76.4326829268293
Australia,AUS,Developed,life_expectancy,1987,76.1517073170732
Australia,AUS,Developed,life_expectancy,1986,75.8707317073171
Australia,AUS,Developed,life_expectancy,1985,75.6292682926829
Australia,AUS,Developed,life_expectancy,1984,75.3878048780488
Australia,AUS,Developed,life_expectancy,1983,75.1463414634146
Australia,AUS,Developed,life_expectancy,1982,74.9048780487805
Australia,AUS,Developed,life_expectancy,1981,74.6634146341463
Australia,AUS,Developed,life_expectancy,1980,74.3336585365854
Australia,AUS,Developed,life_expectancy,1979,74.0039024390244
Australia,AUS,Developed,life_expectancy,1978,73.6741463414634
Australia,AUS,Developed,life_expectancy,1977,73.3443902439024
Australia,AUS,Developed,life_expectancy,1976,73.0146341463415
Australia,AUS,Developed,life_expectancy,1975,72.6253658536586
Australia,AUS,Developed,life_expectancy,1974,72.2360975609756
Australia,AUS,Developed,life_expectancy,1973,71.8468292682927
Australia,AUS,Developed,life_expectancy,1972,71.4575609756098
Australia,AUS,Developed,life_expectancy,1971,71.0682926829268
Australia,AUS,Developed,life_expectancy,1970,71.0185365853659
Australia,AUS,Developed,life_expectancy,1969,70.9687804878049
Australia,AUS,Developed,life_expectancy,1968,70.9190243902439
Australia,AUS,Developed,life_expectancy,1967,70.8692682926829
Australia,AUS,Developed,life_expectancy,1966,70.819512195122
Australia,AUS,Developed,life_expectancy,1965,70.850243902439
Australia,AUS,Developed,life_expectancy,1964,70.8809756097561
Australia,AUS,Developed,life_expectancy,1963,70.9117073170732
Australia,AUS,Developed,life_expectancy,1962,70.9424390243903
Australia,AUS,Developed,life_expectancy,1961,70.9731707317073
Australia,AUS,Developed,life_expectancy,1960,70.8170731707317
Australia,AUS,Developed,population,2025,27614411.0
Australia,AUS,Developed,population,2024,27194286.0
Australia,AUS,Developed,population,2023,26659922.0
Australia,AUS,Developed,population,2022,26018721.0
Australia,AUS,Developed,population,2021,25685412.0
Australia,AUS,Developed,population,2020,25649248.0
Australia,AUS,Developed,population,2019,25334826.0
Australia,AUS,Developed,population,2018,24963258.0
Australia,AUS,Developed,population,2017,24592588.0
Australia,AUS,Developed,population,2016,24190907.0
Australia,AUS,Developed,population,2015,23815995.0
Australia,AUS,Developed,population,2014,23475686.0
Australia,AUS,Developed,population,2013,23128129.0
Australia,AUS,Developed,population,2012,22733465.0
Australia,AUS,Developed,population,2011,22340024.0
Australia,AUS,Developed,population,2010,22031750.0
Australia,AUS,Developed,population,2009,21691653.0
Australia,AUS,Developed,population,2008,21249199.0
Australia,AUS,Developed,population,2007,20827622.0
Australia,AUS,Developed,population,2006,20450966.0
Australia,AUS,Developed,population,2005,20176844.0
Australia,AUS,Developed,population,2004,19932722.0
Australia,AUS,Developed,population,2003,19720737.0
Australia,AUS,Developed,population,2002,19495210.0
Australia,AUS,Developed,population,2001,19274701.0
Australia,AUS,Developed,population,2000,19028802.0
Australia,AUS,Developed,population,1999,18812264.0
Australia,AUS,Developed,population,1998,18607584.0
Australia,AUS,Developed,population,1997,18423037.0
Australia,AUS,Developed,population,1996,18224767.0
Australia,AUS,Developed,population,1995,18004882.0
Australia,AUS,Developed,population,1994,17805468.0
Australia,AUS,Developed,population,1993,17634808.0
Australia,AUS,Developed,population,1992,17478635.0
Australia,AUS,Developed,population,1991,17284036.0
Australia,AUS,Developed,population,1990,17065128.0
Australia,AUS,Developed,population,1989,16814416.0
Australia,AUS,Developed,population,1988,16532164.0
Australia,AUS,Developed,population,1987,16263874.0
Australia,AUS,Developed,population,1986,16018350.0
Australia,AUS,Developed,population,1985,15788312.0
Australia,AUS,Developed,population,1984,15579391.0
Australia,AUS,Developed,population,1983,15393472.0
Australia,AUS,Developed,population,1982,15184247.0
Australia,AUS,Developed,population,1981,14923260.0
Australia,AUS,Developed,population,1980,14692000.0
Australia,AUS,Developed,population,1979,14514000.0
Australia,AUS,Developed,population,1978,14358000.0
Australia,AUS,Developed,population,1977,14192000.0
Australia,AUS,Developed,population,1976,14033000.0
Australia,AUS,Developed,population,1975,13893000.0
Australia,AUS,Developed,population,1974,13723000.0
Australia,AUS,Developed,population,1973,13380000.0
Australia,AUS,Developed,population,1972,13177000.0
Australia,AUS,Developed,population,1971,12937000.0
Australia,AUS,Developed,population,1970,12507000.0
Australia,AUS,Developed,population,1969,12263000.0
Australia,AUS,Developed,population,1968,12009000.0
Australia,AUS,Developed,population,1967,11799000.0
Australia,AUS,Developed,population,1966,11651000.0
Australia,AUS,Developed,population,1965,11388000.0
Australia,AUS,Developed,population,1964,11167000.0
Australia,AUS,Developed,population,1963,10950000.0
Australia,AUS,Developed,population,1962,10742000.0
Australia,AUS,Developed,population,1961,10483000.0
Australia,AUS,Developed,population,1960,10276477.0
Australia,AUS,Developed,school_enrollment,2025,
Australia,AUS,Developed,school_enrollment,2024,131.931564331055
Australia,AUS,Developed,school_enrollment,2023,134.099243164062
Australia,AUS,Developed,school_enrollment,2022,133.277267456055
Australia,AUS,Developed,school_enrollment,2021,135.526565551758
Australia,AUS,Developed,school_enrollment,2020,137.490737915039
Australia,AUS,Developed,school_enrollment,2019,144.056564331055
Australia,AUS,Developed,school_enrollment,2018,136.105545043945
Australia,AUS,Developed,school_enrollment,2017,153.576126098633
Australia,AUS,Developed,school_enrollment,2016,155.594390869141
Australia,AUS,Developed,school_enrollment,2015,159.110763549805
Australia,AUS,Developed,school_enrollment,2014,
Australia,AUS,Developed,school_enrollment,2013,
Australia,AUS,Developed,school_enrollment,2012,
Australia,AUS,Developed,school_enrollment,2011,
Australia,AUS,Developed,school_enrollment,2010,
Australia,AUS,Developed,school_enrollment,2009,
Australia,AUS,Developed,school_enrollment,2008,
Australia,AUS,Developed,school_enrollment,2007,
Australia,AUS,Developed,school_enrollment,2006,
Australia,AUS,Developed,school_enrollment,2005,
Australia,AUS,Developed,school_enrollment,2004,
Australia,AUS,Developed,school_enrollment,2003,
Australia,AUS,Developed,school_enrollment,2002,
Australia,AUS,Developed,school_enrollment,2001,
Australia,AUS,Developed,school_enrollment,2000,
Australia,AUS,Developed,school_enrollment,1999,
Australia,AUS,Developed,school_enrollment,1998,
Australia,AUS,Developed,school_enrollment,1997,
Australia,AUS,Developed,school_enrollment,1996,
Australia,AUS,Developed,school_enrollment,1995,
Australia,AUS,Developed,school_enrollment,1994,
Australia,AUS,Developed,school_enrollment,1993,
Australia,AUS,Developed,school_enrollment,1992,
Australia,AUS,Developed,school_enrollment,1991,
Australia,AUS,Developed,school_enrollment,1990,
Australia,AUS,Developed,school_enrollment,1989,
Australia,AUS,Developed,school_enrollment,1988,
Australia,AUS,Developed,school_enrollment,1987,
Australia,AUS,Developed,school_enrollment,1986,
Australia,AUS,Developed,school_enrollment,1985,
Australia,AUS,Developed,school_enrollment,1984,
Australia,AUS,Developed,school_enrollment,1983,
Australia,AUS,Developed,school_enrollment,1982,
Australia,AUS,Developed,school_enrollment,1981,
Australia,AUS,Developed,school_enrollment,1980,
Australia,AUS,Developed,school_enrollment,1979,
Australia,AUS,Developed,school_enrollment,1978,
Australia,AUS,Developed,school_enrollment,1977,
Australia,AUS,Developed,school_enrollment,1976,
Australia,AUS,Developed,school_enrollment,1975,
Australia,AUS,Developed,school_enrollment,1974,
Australia,AUS,Developed,school_enrollment,1973,
Australia,AUS,Developed,school_enrollment,1972,
Australia,AUS,Developed,school_enrollment,1971,
Australia,AUS,Developed,school_enrollment,1970,
Australia,AUS,Developed,school_enrollment,1969,
Australia,AUS,Developed,school_enrollment,1968,
Australia,AUS,Developed,school_enrollment,1967,
Australia,AUS,Developed,school_enrollment,1966,
Australia,AUS,Developed,school_enrollment,1965,
Australia,AUS,Developed,school_enrollment,1964,
Australia,AUS,Developed,school_enrollment,1963,
Australia,AUS,Developed,school_enrollment,1962,
Australia,AUS,Developed,school_enrollment,1961,
Australia,AUS,Developed,school_enrollment,1960,
Australia,AUS,Developed,unemployment,2025,4.09
Australia,AUS,Developed,unemployment,2024,3.942
Australia,AUS,Developed,unemployment,2023,3.668
Australia,AUS,Developed,unemployment,2022,3.728
Australia,AUS,Developed,unemployment,2021,5.022
Australia,AUS,Developed,unemployment,2020,6.394
Australia,AUS,Developed,unemployment,2019,5.143
Australia,AUS,Developed,unemployment,2018,5.345
Australia,AUS,Developed,unemployment,2017,5.592
Australia,AUS,Developed,unemployment,2016,5.711
Australia,AUS,Developed,unemployment,2015,6.055
Australia,AUS,Developed,unemployment,2014,6.078
Australia,AUS,Developed,unemployment,2013,5.663
Australia,AUS,Developed,unemployment,2012,5.225
Australia,AUS,Developed,unemployment,2011,5.083
Australia,AUS,Developed,unemployment,2010,5.214
Australia,AUS,Developed,unemployment,2009,5.565
Australia,AUS,Developed,unemployment,2008,4.242
Australia,AUS,Developed,unemployment,2007,4.381
Australia,AUS,Developed,unemployment,2006,4.785
Australia,AUS,Developed,unemployment,2005,5.036
Australia,AUS,Developed,unemployment,2004,5.399
Australia,AUS,Developed,unemployment,2003,5.933
Australia,AUS,Developed,unemployment,2002,6.375
Australia,AUS,Developed,unemployment,2001,6.747
Australia,AUS,Developed,unemployment,2000,6.288
Australia,AUS,Developed,unemployment,1999,6.876
Australia,AUS,Developed,unemployment,1998,7.684
Australia,AUS,Developed,unemployment,1997,8.367
Australia,AUS,Developed,unemployment,1996,8.509
Australia,AUS,Developed,unemployment,1995,8.473
Australia,AUS,Developed,unemployment,1994,9.724
Australia,AUS,Developed,unemployment,1993,10.879
Australia,AUS,Developed,unemployment,1992,10.733
Australia,AUS,Developed,unemployment,1991,9.586
Australia,AUS,Developed,unemployment,1990,
Australia,AUS,Developed,unemployment,1989,
Australia,AUS,Developed,unemployment,1988,
Australia,AUS,Developed,unemployment,1987,
Australia,AUS,Developed,unemployment,1986,
Australia,AUS,Developed,unemployment,1985,
Australia,AUS,Developed,unemployment,1984,
Australia,AUS,Developed,unemployment,1983,
Australia,AUS,Developed,unemployment,1982,
Australia,AUS,Developed,unemployment,1981,
Australia,AUS,Developed,unemployment,1980,
Australia,AUS,Developed,unemployment,1979,
Australia,AUS,Developed,unemployment,1978,
Australia,AUS,Developed,unemployment,1977,
Australia,AUS,Developed,unemployment,1976,
Australia,AUS,Developed,unemployment,1975,
Australia,AUS,Developed,unemployment,1974,
Australia,AUS,Developed,unemployment,1973,
Australia,AUS,Developed,unemployment,1972,
Australia,AUS,Developed,unemployment,1971,
Australia,AUS,Developed,unemployment,1970,
Australia,AUS,Developed,unemployment,1969,
Australia,AUS,Developed,unemployment,1968,
Australia,AUS,Developed,unemployment,1967,
Australia,AUS,Developed,unemployment,1966,
Australia,AUS,Developed,unemployment,1965,
Australia,AUS,Developed,unemployment,1964,
Australia,AUS,Developed,unemployment,1963,
Australia,AUS,Developed,unemployment,1962,
Australia,AUS,Developed,unemployment,1961,
Australia,AUS,Developed,unemployment,1960,
Brazil,BRA,Developing,electricity_access,2025,
Brazil,BRA,Developing,electricity_access,2024,99.8
Brazil,BRA,Developing,electricity_access,2023,99.8
Brazil,BRA,Developing,electricity_access,2022,100.0
Brazil,BRA,Developing,electricity_access,2021,99.5
Brazil,BRA,Developing,electricity_access,2020,99.7
Brazil,BRA,Developing,electricity_access,2019,99.8
Brazil,BRA,Developing,electricity_access,2018,99.7
Brazil,BRA,Developing,electricity_access,2017,99.8
Brazil,BRA,Developing,electricity_access,2016,99.7
Brazil,BRA,Developing,electricity_access,2015,99.7
Brazil,BRA,Developing,electricity_access,2014,99.7
Brazil,BRA,Developing,electricity_access,2013,99.6
Brazil,BRA,Developing,electricity_access,2012,99.5
Brazil,BRA,Developing,electricity_access,2011,99.3
Brazil,BRA,Developing,electricity_access,2010,98.6
Brazil,BRA,Developing,electricity_access,2009,98.9
Brazil,BRA,Developing,electricity_access,2008,98.5
Brazil,BRA,Developing,electricity_access,2007,98.1
Brazil,BRA,Developing,electricity_access,2006,97.6
Brazil,BRA,Developing,electricity_access,2005,97.1
Brazil,BRA,Developing,electricity_access,2004,96.8
Brazil,BRA,Developing,electricity_access,2003,97.0
Brazil,BRA,Developing,electricity_access,2002,96.7
Brazil,BRA,Developing,electricity_access,2001,96.0
Brazil,BRA,Developing,electricity_access,2000,94.4
Brazil,BRA,Developing,electricity_access,1999,94.76296
Brazil,BRA,Developing,electricity_access,1998,94.193812
Brazil,BRA,Developing,electricity_access,1997,93.354139
Brazil,BRA,Developing,electricity_access,1996,92.867095
Brazil,BRA,Developing,electricity_access,1995,91.728598
Brazil,BRA,Developing,electricity_access,1994,91.8837280273438
Brazil,BRA,Developing,electricity_access,1993,89.999927
Brazil,BRA,Developing,electricity_access,1992,88.803833
Brazil,BRA,Developing,electricity_access,1991,90.6065444946289
Brazil,BRA,Developing,electricity_access,1990,87.475116
Brazil,BRA,Developing,electricity_access,1989,
Brazil,BRA,Developing,electricity_access,1988,
Brazil,BRA,Developing,electricity_access,1987,
Brazil,BRA,Developing,electricity_access,1986,
Brazil,BRA,Developing,electricity_access,1985,
Brazil,BRA,Developing,electricity_access,1984,
Brazil,BRA,Developing,electricity_access,1983,
Brazil,BRA,Developing,electricity_access,1982,
Brazil,BRA,Developing,electricity_access,1981,
Brazil,BRA,Developing,electricity_access,1980,
Brazil,BRA,Developing,electricity_access,1979,
Brazil,BRA,Developing,electricity_access,1978,
Brazil,BRA,Developing,electricity_access,1977,
Brazil,BRA,Developing,electricity_access,1976,
Brazil,BRA,Developing,electricity_access,1975,
Brazil,BRA,Developing,electricity_access,1974,
Brazil,BRA,Developing,electricity_access,1973,
Brazil,BRA,Developing,electricity_access,1972,
Brazil,BRA,Developing,electricity_access,1971,
Brazil,BRA,Developing,electricity_access,1970,
Brazil,BRA,Developing,electricity_access,1969,
Brazil,BRA,Developing,electricity_access,1968,
Brazil,BRA,Developing,electricity_access,1967,
Brazil,BRA,Developing,electricity_access,1966,
Brazil,BRA,Developing,electricity_access,1965,
Brazil,BRA,Developing,electricity_access,1964,
Brazil,BRA,Developing,electricity_access,1963,
Brazil,BRA,Developing,electricity_access,1962,
Brazil,BRA,Developing,electricity_access,1961,
Brazil,BRA,Developing,electricity_access,1960,
Brazil,BRA,Developing,gdp,2025,2279920092492.13
Brazil,BRA,Developing,gdp,2024,2185821610689.31
Brazil,BRA,Developing,gdp,2023,2191131765684.63
Brazil,BRA,Developing,gdp,2022,1951923942083.32
Brazil,BRA,Developing,gdp,2021,1670647398904.9
Brazil,BRA,Developing,gdp,2020,1476107231310.49
Brazil,BRA,Developing,gdp,2019,1873288205059.69
Brazil,BRA,Developing,gdp,2018,1916933898010.99
Brazil,BRA,Developing,gdp,2017,2063514977365.65
Brazil,BRA,Developing,gdp,2016,1795693482853.01
Brazil,BRA,Developing,gdp,2015,1802212206814.5
Brazil,BRA,Developing,gdp,2014,2456043727198.85
Brazil,BRA,Developing,gdp,2013,2472819535557.21
Brazil,BRA,Developing,gdp,2012,2465227802806.76
Brazil,BRA,Developing,gdp,2011,2616156223917.69
Brazil,BRA,Developing,gdp,2010,2208837745100.55
Brazil,BRA,Developing,gdp,2009,1666996438581.43
Brazil,BRA,Developing,gdp,2008,1695855083497.52
Brazil,BRA,Developing,gdp,2007,1397114486368.67
Brazil,BRA,Developing,gdp,2006,1107626541434.92
Brazil,BRA,Developing,gdp,2005,891633839894.183
Brazil,BRA,Developing,gdp,2004,669289424806.307
Brazil,BRA,Developing,gdp,2003,558233745651.874
Brazil,BRA,Developing,gdp,2002,509795273806.715
Brazil,BRA,Developing,gdp,2001,559983634798.981
Brazil,BRA,Developing,gdp,2000,655448231983.527
Brazil,BRA,Developing,gdp,1999,599642024319.531
Brazil,BRA,Developing,gdp,1998,863710759256.435
Brazil,BRA,Developing,gdp,1997,883206179730.462
Brazil,BRA,Developing,gdp,1996,850426432991.742
Brazil,BRA,Developing,gdp,1995,769333050986.905
Brazil,BRA,Developing,gdp,1994,525369467295.737
Brazil,BRA,Developing,gdp,1993,368292034380.96
Brazil,BRA,Developing,gdp,1992,328191909882.232
Brazil,BRA,Developing,gdp,1991,342534090909.091
Brazil,BRA,Developing,gdp,1990,384959818181.817
Brazil,BRA,Developing,gdp,1989,412990820287.42
Brazil,BRA,Developing,gdp,1988,307881930752.268
Brazil,BRA,Developing,gdp,1987,283056836893.838
Brazil,BRA,Developing,gdp,1986,256480852471.129
Brazil,BRA,Developing,gdp,1985,210879844638.877
Brazil,BRA,Developing,gdp,1984,188339974086.58
Brazil,BRA,Developing,gdp,1983,189656506321.431
Brazil,BRA,Developing,gdp,1982,271314113768.417
Brazil,BRA,Developing,gdp,1981,258015174748.648
Brazil,BRA,Developing,gdp,1980,237393489892.637
Brazil,BRA,Developing,gdp,1979,221338204480.222
Brazil,BRA,Developing,gdp,1978,200278646123.581
Brazil,BRA,Developing,gdp,1977,176344101401.941
Brazil,BRA,Developing,gdp,1976,153168949208.207
Brazil,BRA,Developing,gdp,1975,129203555238.827
Brazil,BRA,Developing,gdp,1974,109794519727.538
Brazil,BRA,Developing,gdp,1973,83592275862.9982
Brazil,BRA,Developing,gdp,1972,58434858374.8696
Brazil,BRA,Developing,gdp,1971,48869830901.7878
Brazil,BRA,Developing,gdp,1970,42327664793.6934
Brazil,BRA,Developing,gdp,1969,37171640818.5863
Brazil,BRA,Developing,gdp,1968,33930457425.2613
Brazil,BRA,Developing,gdp,1967,31086389194.961
Brazil,BRA,Developing,gdp,1966,28283323733.1114
Brazil,BRA,Developing,gdp,1965,22465522884.0988
Brazil,BRA,Developing,gdp,1964,20963733694.9749
Brazil,BRA,Developing,gdp,1963,23287712878.2002
Brazil,BRA,Developing,gdp,1962,19231747851.5332
Brazil,BRA,Developing,gdp,1961,17275940449.3837
Brazil,BRA,Developing,gdp,1960,17030465539.3906
Brazil,BRA,Developing,gdp_per_capita,2025,10713.2856869511
Brazil,BRA,Developing,gdp_per_capita,2024,10310.5486973693
Brazil,BRA,Developing,gdp_per_capita,2023,10377.5892792557
Brazil,BRA,Developing,gdp_per_capita,2022,9281.33334441234
Brazil,BRA,Developing,gdp_per_capita,2021,7972.5366498646
Brazil,BRA,Developing,gdp_per_capita,2020,7074.19378337644
Brazil,BRA,Developing,gdp_per_capita,2019,9029.83326681073
Brazil,BRA,Developing,gdp_per_capita,2018,9300.66164923219
Brazil,BRA,Developing,gdp_per_capita,2017,10080.5092819305
Brazil,BRA,Developing,gdp_per_capita,2016,8836.28652735657
Brazil,BRA,Developing,gdp_per_capita,2015,8936.19661712113
Brazil,BRA,Developing,gdp_per_capita,2014,12274.9939689363
Brazil,BRA,Developing,gdp_per_capita,2013,12458.8912138813
Brazil,BRA,Developing,gdp_per_capita,2012,12521.7213519966
Brazil,BRA,Developing,gdp_per_capita,2011,13396.6243562986
Brazil,BRA,Developing,gdp_per_capita,2010,11403.2821278747
Brazil,BRA,Developing,gdp_per_capita,2009,8678.6592244676
Brazil,BRA,Developing,gdp_per_capita,2008,8908.33176538648
Brazil,BRA,Developing,gdp_per_capita,2007,7409.69130673473
Brazil,BRA,Developing,gdp_per_capita,2006,5934.14470924968
Brazil,BRA,Developing,gdp_per_capita,2005,4827.78173074714
Brazil,BRA,Developing,gdp_per_capita,2004,3663.823188064
Brazil,BRA,Developing,gdp_per_capita,2003,3090.6070097455
Brazil,BRA,Developing,gdp_per_capita,2002,2855.94018885769
Brazil,BRA,Developing,gdp_per_capita,2001,3176.28935747524
Brazil,BRA,Developing,gdp_per_capita,2000,3766.54811466032
Brazil,BRA,Developing,gdp_per_capita,1999,3493.57162513699
Brazil,BRA,Developing,gdp_per_capita,1998,5105.89099544117
Brazil,BRA,Developing,gdp_per_capita,1997,5299.39630404412
Brazil,BRA,Developing,gdp_per_capita,1996,5179.13052002464
Brazil,BRA,Developing,gdp_per_capita,1995,4756.74840785403
Brazil,BRA,Developing,gdp_per_capita,1994,3298.71250747787
Brazil,BRA,Developing,gdp_per_capita,1993,2348.88247685352
Brazil,BRA,Developing,gdp_per_capita,1992,2127.31642731638
Brazil,BRA,Developing,gdp_per_capita,1991,2257.6092968885
Brazil,BRA,Developing,gdp_per_capita,1990,2581.14187449078
Brazil,BRA,Developing,gdp_per_capita,1989,2818.99277980122
Brazil,BRA,Developing,gdp_per_capita,1988,2140.65027561164
Brazil,BRA,Developing,gdp_per_capita,1987,2006.00226235757
Brazil,BRA,Developing,gdp_per_capita,1986,1854.03775211919
Brazil,BRA,Developing,gdp_per_capita,1985,1556.1297180511
Brazil,BRA,Developing,gdp_per_capita,1984,1419.73154606978
Brazil,BRA,Developing,gdp_per_capita,1983,1461.25582714178
Brazil,BRA,Developing,gdp_per_capita,1982,2137.6250359394
Brazil,BRA,Developing,gdp_per_capita,1981,2079.70908377484
Brazil,BRA,Developing,gdp_per_capita,1980,1958.57159232662
Brazil,BRA,Developing,gdp_per_capita,1979,1869.7133759549
Brazil,BRA,Developing,gdp_per_capita,1978,1732.50012204556
Brazil,BRA,Developing,gdp_per_capita,1977,1562.29143045708
Brazil,BRA,Developing,gdp_per_capita,1976,1389.74952306555
Brazil,BRA,Developing,gdp_per_capita,1975,1200.55823714607
Brazil,BRA,Developing,gdp_per_capita,1974,1044.76980947499
Brazil,BRA,Developing,gdp_per_capita,1973,814.731780553415
Brazil,BRA,Developing,gdp_per_capita,1972,583.492034946156
Brazil,BRA,Developing,gdp_per_capita,1971,500.001988983361
Brazil,BRA,Developing,gdp_per_capita,1970,443.799484982738
Brazil,BRA,Developing,gdp_per_capita,1969,399.49841913391
Brazil,BRA,Developing,gdp_per_capita,1968,373.925432639683
Brazil,BRA,Developing,gdp_per_capita,1967,351.472600370379
Brazil,BRA,Developing,gdp_per_capita,1966,328.343791519407
Brazil,BRA,Developing,gdp_per_capita,1965,268.028760553723
Brazil,BRA,Developing,gdp_per_capita,1964,257.259726897671
Brazil,BRA,Developing,gdp_per_capita,1963,294.169619376733
Brazil,BRA,Developing,gdp_per_capita,1962,250.200572910273
Brazil,BRA,Developing,gdp_per_capita,1961,231.564063269854
Brazil,BRA,Developing,gdp_per_capita,1960,235.266009502589
Brazil,BRA,Developing,life_expectancy,2025,
Brazil,BRA,Developing,life_expectancy,2024,76.023
Brazil,BRA,Developing,life_expectancy,2023,75.848
Brazil,BRA,Developing,life_expectancy,2022,74.872
Brazil,BRA,Developing,life_expectancy,2021,73.038
Brazil,BRA,Developing,life_expectancy,2020,74.506
Brazil,BRA,Developing,life_expectancy,2019,75.809
Brazil,BRA,Developing,life_expectancy,2018,75.633
Brazil,BRA,Developing,life_expectancy,2017,75.383
Brazil,BRA,Developing,life_expectancy,2016,75.081
Brazil,BRA,Developing,life_expectancy,2015,75.106
Brazil,BRA,Developing,life_expectancy,2014,74.823
Brazil,BRA,Developing,life_expectancy,2013,74.609
Brazil,BRA,Developing,life_expectancy,2012,74.335
Brazil,BRA,Developing,life_expectancy,2011,74.047
Brazil,BRA,Developing,life_expectancy,2010,73.779
Brazil,BRA,Developing,life_expectancy,2009,73.457
Brazil,BRA,Developing,life_expectancy,2008,73.111
Brazil,BRA,Developing,life_expectancy,2007,72.73
Brazil,BRA,Developing,life_expectancy,2006,72.296
Brazil,BRA,Developing,life_expectancy,2005,71.832
Brazil,BRA,Developing,life_expectancy,2004,71.361
Brazil,BRA,Developing,life_expectancy,2003,70.884
Brazil,BRA,Developing,life_expectancy,2002,70.396
Brazil,BRA,Developing,life_expectancy,2001,69.98
Brazil,BRA,Developing,life_expectancy,2000,69.584
Brazil,BRA,Developing,life_expectancy,1999,69.211
Brazil,BRA,Developing,life_expectancy,1998,68.848
Brazil,BRA,Developing,life_expectancy,1997,68.505
Brazil,BRA,Developing,life_expectancy,1996,68.108
Brazil,BRA,Developing,life_expectancy,1995,67.701
Brazil,BRA,Developing,life_expectancy,1994,67.293
Brazil,BRA,Developing,life_expectancy,1993,66.892
Brazil,BRA,Developing,life_expectancy,1992,66.539
Brazil,BRA,Developing,life_expectancy,1991,66.203
Brazil,BRA,Developing,life_expectancy,1990,65.862
Brazil,BRA,Developing,life_expectancy,1989,65.514
Brazil,BRA,Developing,life_expectancy,1988,65.161
Brazil,BRA,Developing,life_expectancy,1987,64.785
Brazil,BRA,Developing,life_expectancy,1986,64.389
Brazil,BRA,Developing,life_expectancy,1985,63.98
Brazil,BRA,Developing,life_expectancy,1984,63.553
Brazil,BRA,Developing,life_expectancy,1983,63.133
Brazil,BRA,Developing,life_expectancy,1982,62.708
Brazil,BRA,Developing,life_expectancy,1981,62.267
Brazil,BRA,Developing,life_expectancy,1980,61.819
Brazil,BRA,Developing,life_expectancy,1979,61.365
Brazil,BRA,Developing,life_expectancy,1978,60.922
Brazil,BRA,Developing,life_expectancy,1977,60.461
Brazil,BRA,Developing,life_expectancy,1976,60.007
Brazil,BRA,Developing,life_expectancy,1975,59.556
Brazil,BRA,Developing,life_expectancy,1974,59.081
Brazil,BRA,Developing,life_expectancy,1973,58.681
Brazil,BRA,Developing,life_expectancy,1972,58.255
Brazil,BRA,Developing,life_expectancy,1971,57.786
Brazil,BRA,Developing,life_expectancy,1970,57.338
Brazil,BRA,Developing,life_expectancy,1969,56.898
Brazil,BRA,Developing,life_expectancy,1968,56.47
Brazil,BRA,Developing,life_expectancy,1967,56.016
Brazil,BRA,Developing,life_expectancy,1966,55.625
Brazil,BRA,Developing,life_expectancy,1965,55.243
Brazil,BRA,Developing,life_expectancy,1964,54.848
Brazil,BRA,Developing,life_expectancy,1963,54.452
Brazil,BRA,Developing,life_expectancy,1962,54.017
Brazil,BRA,Developing,life_expectancy,1961,53.594
Brazil,BRA,Developing,life_expectancy,1960,53.162
Brazil,BRA,Developing,population,2025,212812405.0
Brazil,BRA,Developing,population,2024,211998573.0
Brazil,BRA,Developing,population,2023,211140729.0
Brazil,BRA,Developing,population,2022,210306415.0
Brazil,BRA,Developing,population,2021,209550294.0
Brazil,BRA,Developing,population,2020,208660842.0
Brazil,BRA,Developing,population,2019,207455459.0
Brazil,BRA,Developing,population,2018,206107261.0
Brazil,BRA,Developing,population,2017,204703445.0
Brazil,BRA,Developing,population,2016,203218114.0
Brazil,BRA,Developing,population,2015,201675532.0
Brazil,BRA,Developing,population,2014,200085127.0
Brazil,BRA,Developing,population,2013,198478299.0
Brazil,BRA,Developing,population,2012,196876111.0
Brazil,BRA,Developing,population,2011,195284734.0
Brazil,BRA,Developing,population,2010,193701929.0
Brazil,BRA,Developing,population,2009,192079951.0
Brazil,BRA,Developing,population,2008,190367302.0
Brazil,BRA,Developing,population,2007,188552320.0
Brazil,BRA,Developing,population,2006,186653106.0
Brazil,BRA,Developing,population,2005,184688101.0
Brazil,BRA,Developing,population,2004,182675143.0
Brazil,BRA,Developing,population,2003,180622688.0
Brazil,BRA,Developing,population,2002,178503484.0
Brazil,BRA,Developing,population,2001,176301203.0
Brazil,BRA,Developing,population,2000,174018282.0
Brazil,BRA,Developing,population,1999,171641543.0
Brazil,BRA,Developing,population,1998,169159655.0
Brazil,BRA,Developing,population,1997,166661659.0
Brazil,BRA,Developing,population,1996,164202549.0
Brazil,BRA,Developing,population,1995,161735073.0
Brazil,BRA,Developing,population,1994,159265006.0
Brazil,BRA,Developing,population,1993,156794577.0
Brazil,BRA,Developing,population,1992,154275079.0
Brazil,BRA,Developing,population,1991,151724256.0
Brazil,BRA,Developing,population,1990,149143223.0
Brazil,BRA,Developing,population,1989,146502972.0
Brazil,BRA,Developing,population,1988,143826357.0
Brazil,BRA,Developing,population,1987,141104944.0
Brazil,BRA,Developing,population,1986,138336370.0
Brazil,BRA,Developing,population,1985,135515595.0
Brazil,BRA,Developing,population,1984,132658864.0
Brazil,BRA,Developing,population,1983,129790077.0
Brazil,BRA,Developing,population,1982,126923155.0
Brazil,BRA,Developing,population,1981,124063109.0
Brazil,BRA,Developing,population,1980,121207461.0
Brazil,BRA,Developing,population,1979,118380821.0
Brazil,BRA,Developing,population,1978,115600942.0
Brazil,BRA,Developing,population,1977,112875292.0
Brazil,BRA,Developing,population,1976,110213349.0
Brazil,BRA,Developing,population,1975,107619565.0
Brazil,BRA,Developing,population,1974,105089675.0
Brazil,BRA,Developing,population,1973,102600976.0
Brazil,BRA,Developing,population,1972,100146797.0
Brazil,BRA,Developing,population,1971,97739273.0
Brazil,BRA,Developing,population,1970,95375651.0
Brazil,BRA,Developing,population,1969,93045777.0
Brazil,BRA,Developing,population,1968,90741240.0
Brazil,BRA,Developing,population,1967,88446124.0
Brazil,BRA,Developing,population,1966,86139359.0
Brazil,BRA,Developing,population,1965,83817583.0
Brazil,BRA,Developing,population,1964,81488595.0
Brazil,BRA,Developing,population,1963,79164235.0
Brazil,BRA,Developing,population,1962,76865323.0
Brazil,BRA,Developing,population,1961,74605447.0
Brazil,BRA,Developing,population,1960,72388126.0
Brazil,BRA,Developing,school_enrollment,2025,
Brazil,BRA,Developing,school_enrollment,2024,104.144660949707
Brazil,BRA,Developing,school_enrollment,2023,
Brazil,BRA,Developing,school_enrollment,2022,105.702369689941
Brazil,BRA,Developing,school_enrollment,2021,106.298461914062
Brazil,BRA,Developing,school_enrollment,2020,103.882659912109
Brazil,BRA,Developing,school_enrollment,2019,103.667556762695
Brazil,BRA,Developing,school_enrollment,2018,104.818481445312
Brazil,BRA,Developing,school_enrollment,2017,102.989486694336
Brazil,BRA,Developing,school_enrollment,2016,102.692901611328
Brazil,BRA,Developing,school_enrollment,2015,101.086227416992
Brazil,BRA,Developing,school_enrollment,2014,102.780311584473
Brazil,BRA,Developing,school_enrollment,2013,104.086219787598
Brazil,BRA,Developing,school_enrollment,2012,94.5829467773438
Brazil,BRA,Developing,school_enrollment,2011,
Brazil,BRA,Developing,school_enrollment,2010,
Brazil,BRA,Developing,school_enrollment,2009,
Brazil,BRA,Developing,school_enrollment,2008,
Brazil,BRA,Developing,school_enrollment,2007,
Brazil,BRA,Developing,school_enrollment,2006,
Brazil,BRA,Developing,school_enrollment,2005,
Brazil,BRA,Developing,school_enrollment,2004,
Brazil,BRA,Developing,school_enrollment,2003,
Brazil,BRA,Developing,school_enrollment,2002,
Brazil,BRA,Developing,school_enrollment,2001,
Brazil,BRA,Developing,school_enrollment,2000,
Brazil,BRA,Developing,school_enrollment,1999,
Brazil,BRA,Developing,school_enrollment,1998,
Brazil,BRA,Developing,school_enrollment,1997,
Brazil,BRA,Developing,school_enrollment,1996,
Brazil,BRA,Developing,school_enrollment,1995,
Brazil,BRA,Developing,school_enrollment,1994,
Brazil,BRA,Developing,school_enrollment,1993,
Brazil,BRA,Developing,school_enrollment,1992,
Brazil,BRA,Developing,school_enrollment,1991,
Brazil,BRA,Developing,school_enrollment,1990,
Brazil,BRA,Developing,school_enrollment,1989,
Brazil,BRA,Developing,school_enrollment,1988,
Brazil,BRA,Developing,school_enrollment,1987,
Brazil,BRA,Developing,school_enrollment,1986,
Brazil,BRA,Developing,school_enrollment,1985,
Brazil,BRA,Developing,school_enrollment,1984,
Brazil,BRA,Developing,school_enrollment,1983,
Brazil,BRA,Developing,school_enrollment,1982,
Brazil,BRA,Developing,school_enrollment,1981,
Brazil,BRA,Developing,school_enrollment,1980,
Brazil,BRA,Developing,school_enrollment,1979,
Brazil,BRA,Developing,school_enrollment,1978,
Brazil,BRA,Developing,school_enrollment,1977,
Brazil,BRA,Developing,school_enrollment,1976,
Brazil,BRA,Developing,school_enrollment,1975,
Brazil,BRA,Developing,school_enrollment,1974,
Brazil,BRA,Developing,school_enrollment,1973,
Brazil,BRA,Developing,school_enrollment,1972,
Brazil,BRA,Developing,school_enrollment,1971,
Brazil,BRA,Developing,school_enrollment,1970,
Brazil,BRA,Developing,school_enrollment,1969,
Brazil,BRA,Developing,school_enrollment,1968,
Brazil,BRA,Developing,school_enrollment,1967,
Brazil,BRA,Developing,school_enrollment,1966,
Brazil,BRA,Developing,school_enrollment,1965,
Brazil,BRA,Developing,school_enrollment,1964,
Brazil,BRA,Developing,school_enrollment,1963,
Brazil,BRA,Developing,school_enrollment,1962,
Brazil,BRA,Developing,school_enrollment,1961,
Brazil,BRA,Developing,school_enrollment,1960,
Brazil,BRA,Developing,unemployment,2025,5.97
Brazil,BRA,Developing,unemployment,2024,6.801
Brazil,BRA,Developing,unemployment,2023,7.947
Brazil,BRA,Developing,unemployment,2022,9.231
Brazil,BRA,Developing,unemployment,2021,13.158
Brazil,BRA,Developing,unemployment,2020,13.697
Brazil,BRA,Developing,unemployment,2019,11.936
Brazil,BRA,Developing,unemployment,2018,12.329
Brazil,BRA,Developing,unemployment,2017,12.792
Brazil,BRA,Developing,unemployment,2016,11.58
Brazil,BRA,Developing,unemployment,2015,8.538
Brazil,BRA,Developing,unemployment,2014,6.755
Brazil,BRA,Developing,unemployment,2013,7.071
Brazil,BRA,Developing,unemployment,2012,7.251
Brazil,BRA,Developing,unemployment,2011,7.578
Brazil,BRA,Developing,unemployment,2010,8.42
Brazil,BRA,Developing,unemployment,2009,9.419
Brazil,BRA,Developing,unemployment,2008,8.268
Brazil,BRA,Developing,unemployment,2007,9.28
Brazil,BRA,Developing,unemployment,2006,9.692
Brazil,BRA,Developing,unemployment,2005,10.551
Brazil,BRA,Developing,unemployment,2004,10.072
Brazil,BRA,Developing,unemployment,2003,11.168
Brazil,BRA,Developing,unemployment,2002,10.641
Brazil,BRA,Developing,unemployment,2001,10.649
Brazil,BRA,Developing,unemployment,2000,10.889
Brazil,BRA,Developing,unemployment,1999,11.125
Brazil,BRA,Developing,unemployment,1998,10.15
Brazil,BRA,Developing,unemployment,1997,9.003
Brazil,BRA,Developing,unemployment,1996,8.035
Brazil,BRA,Developing,unemployment,1995,7.092
Brazil,BRA,Developing,unemployment,1994,6.579
Brazil,BRA,Developing,unemployment,1993,6.03
Brazil,BRA,Developing,unemployment,1992,7.086
Brazil,BRA,Developing,unemployment,1991,6.887
Brazil,BRA,Developing,unemployment,1990,
Brazil,BRA,Developing,unemployment,1989,
Brazil,BRA,Developing,unemployment,1988,
Brazil,BRA,Developing,unemployment,1987,
Brazil,BRA,Developing,unemployment,1986,
Brazil,BRA,Developing,unemployment,1985,
Brazil,BRA,Developing,unemployment,1984,
Brazil,BRA,Developing,unemployment,1983,
Brazil,BRA,Developing,unemployment,1982,
Brazil,BRA,Developing,unemployment,1981,
Brazil,BRA,Developing,unemployment,1980,
Brazil,BRA,Developing,unemployment,1979,
Brazil,BRA,Developing,unemployment,1978,
Brazil,BRA,Developing,unemployment,1977,
Brazil,BRA,Developing,unemployment,1976,
Brazil,BRA,Developing,unemployment,1975,
Brazil,BRA,Developing,unemployment,1974,
Brazil,BRA,Developing,unemployment,1973,
Brazil,BRA,Developing,unemployment,1972,
Brazil,BRA,Developing,unemployment,1971,
Brazil,BRA,Developing,unemployment,1970,
Brazil,BRA,Developing,unemployment,1969,
Brazil,BRA,Developing,unemployment,1968,
Brazil,BRA,Developing,unemployment,1967,
Brazil,BRA,Developing,unemployment,1966,
Brazil,BRA,Developing,unemployment,1965,
Brazil,BRA,Developing,unemployment,1964,
Brazil,BRA,Developing,unemployment,1963,
Brazil,BRA,Developing,unemployment,1962,
Brazil,BRA,Developing,unemployment,1961,
Brazil,BRA,Developing,unemployment,1960,
Canada,CAN,Developed,electricity_access,2025,
Canada,CAN,Developed,electricity_access,2024,100.0
Canada,CAN,Developed,electricity_access,2023,100.0
Canada,CAN,Developed,electricity_access,2022,100.0
Canada,CAN,Developed,electricity_access,2021,100.0
Canada,CAN,Developed,electricity_access,2020,100.0
Canada,CAN,Developed,electricity_access,2019,100.0
Canada,CAN,Developed,electricity_access,2018,100.0
Canada,CAN,Developed,electricity_access,2017,100.0
Canada,CAN,Developed,electricity_access,2016,100.0
Canada,CAN,Developed,electricity_access,2015,100.0
Canada,CAN,Developed,electricity_access,2014,100.0
Canada,CAN,Developed,electricity_access,2013,100.0
Canada,CAN,Developed,electricity_access,2012,100.0
Canada,CAN,Developed,electricity_access,2011,100.0
Canada,CAN,Developed,electricity_access,2010,100.0
Canada,CAN,Developed,electricity_access,2009,100.0
Canada,CAN,Developed,electricity_access,2008,100.0
Canada,CAN,Developed,electricity_access,2007,100.0
Canada,CAN,Developed,electricity_access,2006,100.0
Canada,CAN,Developed,electricity_access,2005,100.0
Canada,CAN,Developed,electricity_access,2004,100.0
Canada,CAN,Developed,electricity_access,2003,100.0
Canada,CAN,Developed,electricity_access,2002,100.0
Canada,CAN,Developed,electricity_access,2001,100.0
Canada,CAN,Developed,electricity_access,2000,100.0
Canada,CAN,Developed,electricity_access,1999,100.0
Canada,CAN,Developed,electricity_access,1998,100.0
Canada,CAN,Developed,electricity_access,1997,100.0
Canada,CAN,Developed,electricity_access,1996,100.0
Canada,CAN,Developed,electricity_access,1995,100.0
Canada,CAN,Developed,electricity_access,1994,100.0
Canada,CAN,Developed,electricity_access,1993,100.0
Canada,CAN,Developed,electricity_access,1992,100.0
Canada,CAN,Developed,electricity_access,1991,100.0
Canada,CAN,Developed,electricity_access,1990,100.0
Canada,CAN,Developed,electricity_access,1989,
Canada,CAN,Developed,electricity_access,1988,
Canada,CAN,Developed,electricity_access,1987,
Canada,CAN,Developed,electricity_access,1986,
Canada,CAN,Developed,electricity_access,1985,
Canada,CAN,Developed,electricity_access,1984,
Canada,CAN,Developed,electricity_access,1983,
Canada,CAN,Developed,electricity_access,1982,
Canada,CAN,Developed,electricity_access,1981,
Canada,CAN,Developed,electricity_access,1980,
Canada,CAN,Developed,electricity_access,1979,
Canada,CAN,Developed,electricity_access,1978,
Canada,CAN,Developed,electricity_access,1977,
Canada,CAN,Developed,electricity_access,1976,
Canada,CAN,Developed,electricity_access,1975,
Canada,CAN,Developed,electricity_access,1974,
Canada,CAN,Developed,electricity_access,1973,
Canada,CAN,Developed,electricity_access,1972,
Canada,CAN,Developed,electricity_access,1971,
Canada,CAN,Developed,electricity_access,1970,
Canada,CAN,Developed,electricity_access,1969,
Canada,CAN,Developed,electricity_access,1968,
Canada,CAN,Developed,electricity_access,1967,
Canada,CAN,Developed,electricity_access,1966,
Canada,CAN,Developed,electricity_access,1965,
Canada,CAN,Developed,electricity_access,1964,
Canada,CAN,Developed,electricity_access,1963,
Canada,CAN,Developed,electricity_access,1962,
Canada,CAN,Developed,electricity_access,1961,
Canada,CAN,Developed,electricity_access,1960,
Canada,CAN,Developed,gdp,2025,2319899772425.92
Canada,CAN,Developed,gdp,2024,2270076189683.46
Canada,CAN,Developed,gdp,2023,2196593836347.42
Canada,CAN,Developed,gdp,2022,2200562785046.32
Canada,CAN,Developed,gdp,2021,2022377950896.78
Canada,CAN,Developed,gdp,2020,1655686966881.99
Canada,CAN,Developed,gdp,2019,1743728952156.85
Canada,CAN,Developed,gdp,2018,1725330736237.69
Canada,CAN,Developed,gdp,2017,1649269496514.62
Canada,CAN,Developed,gdp,2016,1527996250640.92
Canada,CAN,Developed,gdp,2015,1556510380200.23
Canada,CAN,Developed,gdp,2014,1805751688808.98
Canada,CAN,Developed,gdp,2013,1846583831414.43
Canada,CAN,Developed,gdp,2012,1828359477071.97
Canada,CAN,Developed,gdp,2011,1793335727900.85
Canada,CAN,Developed,gdp,2010,1617349192091.46
Canada,CAN,Developed,gdp,2009,1374627766599.6
Canada,CAN,Developed,gdp,2008,1552993439550.14
Canada,CAN,Developed,gdp,2007,1468820407783.26
Canada,CAN,Developed,gdp,2006,1319291255289.14
Canada,CAN,Developed,gdp,2005,1173118501402.87
Canada,CAN,Developed,gdp,2004,1026691006917.76
Canada,CAN,Developed,gdp,2003,895542074084.648
Canada,CAN,Developed,gdp,2002,760650608551.583
Canada,CAN,Developed,gdp,2001,738981792355.372
Canada,CAN,Developed,gdp,2000,744773415931.587
Canada,CAN,Developed,gdp,1999,678414215521.303
Canada,CAN,Developed,gdp,1998,633999325918.436
Canada,CAN,Developed,gdp,1997,654987722085.801
Canada,CAN,Developed,gdp,1996,630607994132.747
Canada,CAN,Developed,gdp,1995,605961090061.207
Canada,CAN,Developed,gdp,1994,579944346807.264
Canada,CAN,Developed,gdp,1993,579053561739.4
Canada,CAN,Developed,gdp,1992,594387358318.855
Canada,CAN,Developed,gdp,1991,612527712315.615
Canada,CAN,Developed,gdp,1990,596075591360.987
Canada,CAN,Developed,gdp,1989,567211993243.243
Canada,CAN,Developed,gdp,1988,509380027626.554
Canada,CAN,Developed,gdp,1987,433134238310.709
Canada,CAN,Developed,gdp,1986,379006836991.724
Canada,CAN,Developed,gdp,1985,366186012449.652
Canada,CAN,Developed,gdp,1984,356718400123.543
Canada,CAN,Developed,gdp,1983,341866277182.733
Canada,CAN,Developed,gdp,1982,314647807408.608
Canada,CAN,Developed,gdp,1981,307246642755.859
Canada,CAN,Developed,gdp,1980,274776566028.053
Canada,CAN,Developed,gdp,1979,243891124295.715
Canada,CAN,Developed,gdp,1978,219369542386.254
Canada,CAN,Developed,gdp,1977,212325176304.654
Canada,CAN,Developed,gdp,1976,207271612576.065
Canada,CAN,Developed,gdp,1975,174419757176.563
Canada,CAN,Developed,gdp,1974,160949188139.059
Canada,CAN,Developed,gdp,1973,131764343565.643
Canada,CAN,Developed,gdp,1972,113463848873.624
Canada,CAN,Developed,gdp,1971,99606454743.5136
Canada,CAN,Developed,gdp,1970,88192257632.3093
Canada,CAN,Developed,gdp,1969,79405011124.8208
Canada,CAN,Developed,gdp,1968,72048833006.1602
Canada,CAN,Developed,gdp,1967,65856924423.9721
Canada,CAN,Developed,gdp,1966,61252415404.686
Canada,CAN,Developed,gdp,1965,54649410478.5226
Canada,CAN,Developed,gdp,1964,49503663836.3665
Canada,CAN,Developed,gdp,1963,45140337826.9869
Canada,CAN,Developed,gdp,1962,42336211555.8268
Canada,CAN,Developed,gdp,1961,41038192837.9035
Canada,CAN,Developed,gdp,1960,40563768946.9503
Canada,CAN,Developed,gdp_per_capita,2025,55697.6639660837
Canada,CAN,Developed,gdp_per_capita,2024,55015.7066917734
Canada,CAN,Developed,gdp_per_capita,2023,54847.5370112652
Canada,CAN,Developed,gdp_per_capita,2022,56496.9275340663
Canada,CAN,Developed,gdp_per_capita,2021,52886.6407813788
Canada,CAN,Developed,gdp_per_capita,2020,43537.8981198851
Canada,CAN,Developed,gdp_per_capita,2019,46352.9695208927
Canada,CAN,Developed,gdp_per_capita,2018,46539.2177903178
Canada,CAN,Developed,gdp_per_capita,2017,45129.7335281051
Canada,CAN,Developed,gdp_per_capita,2016,42314.1033623905
Canada,CAN,Developed,gdp_per_capita,2015,43594.2379080706
Canada,CAN,Developed,gdp_per_capita,2014,50960.8942086685
Canada,CAN,Developed,gdp_per_capita,2013,52637.7313222622
Canada,CAN,Developed,gdp_per_capita,2012,52670.1429540952
Canada,CAN,Developed,gdp_per_capita,2011,52224.1237767406
Canada,CAN,Developed,gdp_per_capita,2010,47560.8378831258
Canada,CAN,Developed,gdp_per_capita,2009,40874.9612318547
Canada,CAN,Developed,gdp_per_capita,2008,46710.3654423328
Canada,CAN,Developed,gdp_per_capita,2007,44660.0838892281
Canada,CAN,Developed,gdp_per_capita,2006,40504.8490329826
Canada,CAN,Developed,gdp_per_capita,2005,36383.9671341396
Canada,CAN,Developed,gdp_per_capita,2004,32145.5653280273
Canada,CAN,Developed,gdp_per_capita,2003,28301.9097055898
Canada,CAN,Developed,gdp_per_capita,2002,24256.0598742201
Canada,CAN,Developed,gdp_per_capita,2001,23822.096210932
Canada,CAN,Developed,gdp_per_capita,2000,24271.0020563821
Canada,CAN,Developed,gdp_per_capita,1999,22315.3130930482
Canada,CAN,Developed,gdp_per_capita,1998,21024.5627149423
Canada,CAN,Developed,gdp_per_capita,1997,21901.5870048928
Canada,CAN,Developed,gdp_per_capita,1996,21296.9723536904
Canada,CAN,Developed,gdp_per_capita,1995,20679.634792669
Canada,CAN,Developed,gdp_per_capita,1994,19997.6237373354
Canada,CAN,Developed,gdp_per_capita,1993,20186.7988782965
Canada,CAN,Developed,gdp_per_capita,1992,20950.3305287651
Canada,CAN,Developed,gdp_per_capita,1991,21846.7930471354
Canada,CAN,Developed,gdp_per_capita,1990,21525.8611387148
Canada,CAN,Developed,gdp_per_capita,1989,20794.682233334
Canada,CAN,Developed,gdp_per_capita,1988,19012.5723278349
Canada,CAN,Developed,gdp_per_capita,1987,16377.6902109541
Canada,CAN,Developed,gdp_per_capita,1986,14521.1800806
Canada,CAN,Developed,gdp_per_capita,1985,14170.1249406067
Canada,CAN,Developed,gdp_per_capita,1984,13930.4745502555
Canada,CAN,Developed,gdp_per_capita,1983,13477.1031699599
Canada,CAN,Developed,gdp_per_capita,1982,12527.3135323802
Canada,CAN,Developed,gdp_per_capita,1981,12379.0368643833
Canada,CAN,Developed,gdp_per_capita,1980,11208.2027394178
Canada,CAN,Developed,gdp_per_capita,1979,10077.5026707269
Canada,CAN,Developed,gdp_per_capita,1978,9154.43325277735
Canada,CAN,Developed,gdp_per_capita,1977,8949.10989272982
Canada,CAN,Developed,gdp_per_capita,1976,8838.94710677652
Canada,CAN,Developed,gdp_per_capita,1975,7536.52009823861
Canada,CAN,Developed,gdp_per_capita,1974,7056.70847496589
Canada,CAN,Developed,gdp_per_capita,1973,5858.33407318788
Canada,CAN,Developed,gdp_per_capita,1972,5106.73708049128
Canada,CAN,Developed,gdp_per_capita,1971,4535.39338907773
Canada,CAN,Developed,gdp_per_capita,1970,4135.82149842006
Canada,CAN,Developed,gdp_per_capita,1969,3776.15613110238
Canada,CAN,Developed,gdp_per_capita,1968,3473.23722551871
Canada,CAN,Developed,gdp_per_capita,1967,3226.38273682011
Canada,CAN,Developed,gdp_per_capita,1966,3055.28807884507
Canada,CAN,Developed,gdp_per_capita,1965,2777.18317301162
Canada,CAN,Developed,gdp_per_capita,1964,2561.63849088572
Canada,CAN,Developed,gdp_per_capita,1963,2380.31732899108
Canada,CAN,Developed,gdp_per_capita,1962,2274.4284708191
Canada,CAN,Developed,gdp_per_capita,1961,2246.08356619252
Canada,CAN,Developed,gdp_per_capita,1960,2264.94849658191
Canada,CAN,Developed,life_expectancy,2025,
Canada,CAN,Developed,life_expectancy,2024,82.1080487804878
Canada,CAN,Developed,life_expectancy,2023,81.6263414634146
Canada,CAN,Developed,life_expectancy,2022,81.0948780487805
Canada,CAN,Developed,life_expectancy,2021,81.4514634146342
Canada,CAN,Developed,life_expectancy,2020,81.53
Canada,CAN,Developed,life_expectancy,2019,82.1585365853659
Canada,CAN,Developed,life_expectancy,2018,81.8036585365854
Canada,CAN,Developed,life_expectancy,2017,81.8078048780488
Canada,CAN,Developed,life_expectancy,2016,81.94
Canada,CAN,Developed,life_expectancy,2015,81.8258536585366
Canada,CAN,Developed,life_expectancy,2014,81.7843902439025
Canada,CAN,Developed,life_expectancy,2013,81.7448780487805
Canada,CAN,Developed,life_expectancy,2012,81.6636585365854
Canada,CAN,Developed,life_expectancy,2011,81.4826829268293
Canada,CAN,Developed,life_expectancy,2010,81.3221951219512
Canada,CAN,Developed,life_expectancy,2009,81.0660975609756
Canada,CAN,Developed,life_expectancy,2008,80.7246341463415
Canada,CAN,Developed,life_expectancy,2007,80.5436585365854
Canada,CAN,Developed,life_expectancy,2006,80.5436585365854
Canada,CAN,Developed,life_expectancy,2005,80.1126829268293
Canada,CAN,Developed,life_expectancy,2004,79.9921951219512
Canada,CAN,Developed,life_expectancy,2003,79.7151219512195
Canada,CAN,Developed,life_expectancy,2002,79.5307317073171
Canada,CAN,Developed,life_expectancy,2001,79.3980487804878
Canada,CAN,Developed,life_expectancy,2000,79.1668292682927
Canada,CAN,Developed,life_expectancy,1999,78.8390243902439
Canada,CAN,Developed,life_expectancy,1998,78.6236585365854
Canada,CAN,Developed,life_expectancy,1997,78.4124390243903
Canada,CAN,Developed,life_expectancy,1996,78.220243902439
Canada,CAN,Developed,life_expectancy,1995,77.9773170731707
Canada,CAN,Developed,life_expectancy,1994,77.8717073170732
Canada,CAN,Developed,life_expectancy,1993,77.7048780487805
Canada,CAN,Developed,life_expectancy,1992,77.8380487804878
Canada,CAN,Developed,life_expectancy,1991,77.5934146341464
Canada,CAN,Developed,life_expectancy,1990,77.4365853658537
Canada,CAN,Developed,life_expectancy,1989,77.1248780487805
Canada,CAN,Developed,life_expectancy,1988,76.8587804878049
Canada,CAN,Developed,life_expectancy,1987,76.7787804878049
Canada,CAN,Developed,life_expectancy,1986,76.4639024390244
Canada,CAN,Developed,life_expectancy,1985,76.3273170731707
Canada,CAN,Developed,life_expectancy,1984,76.3319512195122
Canada,CAN,Developed,life_expectancy,1983,76.0604878048781
Canada,CAN,Developed,life_expectancy,1982,75.7251219512195
Canada,CAN,Developed,life_expectancy,1981,75.4978048780488
Canada,CAN,Developed,life_expectancy,1980,75.1021951219512
Canada,CAN,Developed,life_expectancy,1979,74.8663414634146
Canada,CAN,Developed,life_expectancy,1978,74.529756097561
Canada,CAN,Developed,life_expectancy,1977,74.2156097560976
Canada,CAN,Developed,life_expectancy,1976,73.8560975609756
Canada,CAN,Developed,life_expectancy,1975,73.5217073170732
Canada,CAN,Developed,life_expectancy,1974,73.2375609756098
Canada,CAN,Developed,life_expectancy,1973,73.1626829268293
Canada,CAN,Developed,life_expectancy,1972,72.9339024390244
Canada,CAN,Developed,life_expectancy,1971,73.0292682926829
Canada,CAN,Developed,life_expectancy,1970,72.7004878048781
Canada,CAN,Developed,life_expectancy,1969,72.5014634146341
Canada,CAN,Developed,life_expectancy,1968,72.3534146341463
Canada,CAN,Developed,life_expectancy,1967,72.2078048780488
Canada,CAN,Developed,life_expectancy,1966,72.0043902439024
Canada,CAN,Developed,life_expectancy,1965,71.8721951219512
Canada,CAN,Developed,life_expectancy,1964,71.7763414634146
Canada,CAN,Developed,life_expectancy,1963,71.3807317073171
Canada,CAN,Developed,life_expectancy,1962,71.3670731707317
Canada,CAN,Developed,life_expectancy,1961,71.3460975609756
Canada,CAN,Developed,life_expectancy,1960,71.1331707317073
Canada,CAN,Developed,population,2025,41651653.0
Canada,CAN,Developed,population,2024,41262329.0
Canada,CAN,Developed,population,2023,40049088.0
Canada,CAN,Developed,population,2022,38950132.0
Canada,CAN,Developed,population,2021,38239864.0
Canada,CAN,Developed,population,2020,38028638.0
Canada,CAN,Developed,population,2019,37618495.0
Canada,CAN,Developed,population,2018,37072620.0
Canada,CAN,Developed,population,2017,36545075.0
Canada,CAN,Developed,population,2016,36110803.0
Canada,CAN,Developed,population,2015,35704498.0
Canada,CAN,Developed,population,2014,35434066.0
Canada,CAN,Developed,population,2013,35080992.0
Canada,CAN,Developed,population,2012,34713395.0
Canada,CAN,Developed,population,2011,34339221.0
Canada,CAN,Developed,population,2010,34005902.0
Canada,CAN,Developed,population,2009,33630069.0
Canada,CAN,Developed,population,2008,33247298.0
Canada,CAN,Developed,population,2007,32888886.0
Canada,CAN,Developed,population,2006,32571193.0
Canada,CAN,Developed,population,2005,32242732.0
Canada,CAN,Developed,population,2004,31938807.0
Canada,CAN,Developed,population,2003,31642461.0
Canada,CAN,Developed,population,2002,31359199.0
Canada,CAN,Developed,population,2001,31020855.0
Canada,CAN,Developed,population,2000,30685730.0
Canada,CAN,Developed,population,1999,30401286.0
Canada,CAN,Developed,population,1998,30155173.0
Canada,CAN,Developed,population,1997,29905948.0
Canada,CAN,Developed,population,1996,29610218.0
Canada,CAN,Developed,population,1995,29302311.0
Canada,CAN,Developed,population,1994,29000663.0
Canada,CAN,Developed,population,1993,28684764.0
Canada,CAN,Developed,population,1992,28371264.0
Canada,CAN,Developed,population,1991,28037420.0
Canada,CAN,Developed,population,1990,27691138.0
Canada,CAN,Developed,population,1989,27276781.0
Canada,CAN,Developed,population,1988,26791747.0
Canada,CAN,Developed,population,1987,26446601.0
Canada,CAN,Developed,population,1986,26100278.0
Canada,CAN,Developed,population,1985,25842116.0
Canada,CAN,Developed,population,1984,25607053.0
Canada,CAN,Developed,population,1983,25366451.0
Canada,CAN,Developed,population,1982,25116942.0
Canada,CAN,Developed,population,1981,24819915.0
Canada,CAN,Developed,population,1980,24515667.0
Canada,CAN,Developed,population,1979,24201544.0
Canada,CAN,Developed,population,1978,23963203.0
Canada,CAN,Developed,population,1977,23725843.0
Canada,CAN,Developed,population,1976,23449808.0
Canada,CAN,Developed,population,1975,23143275.0
Canada,CAN,Developed,population,1974,22807969.0
Canada,CAN,Developed,population,1973,22491777.0
Canada,CAN,Developed,population,1972,22218463.0
Canada,CAN,Developed,population,1971,21962032.0
Canada,CAN,Developed,population,1970,21324000.0
Canada,CAN,Developed,population,1969,21028000.0
Canada,CAN,Developed,population,1968,20744000.0
Canada,CAN,Developed,population,1967,20412000.0
Canada,CAN,Developed,population,1966,20048000.0
Canada,CAN,Developed,population,1965,19678000.0
Canada,CAN,Developed,population,1964,19325000.0
Canada,CAN,Developed,population,1963,18964000.0
Canada,CAN,Developed,population,1962,18614000.0
Canada,CAN,Developed,population,1961,18271000.0
Canada,CAN,Developed,population,1960,17909356.0
Canada,CAN,Developed,school_enrollment,2025,
Canada,CAN,Developed,school_enrollment,2024,
Canada,CAN,Developed,school_enrollment,2023,104.320877075195
Canada,CAN,Developed,school_enrollment,2022,107.467987060547
Canada,CAN,Developed,school_enrollment,2021,108.337341308594
Canada,CAN,Developed,school_enrollment,2020,109.628059387207
Canada,CAN,Developed,school_enrollment,2019,110.980072021484
Canada,CAN,Developed,school_enrollment,2018,111.833679199219
Canada,CAN,Developed,school_enrollment,2017,111.974517822266
Canada,CAN,Developed,school_enrollment,2016,111.607330322266
Canada,CAN,Developed,school_enrollment,2015,111.737281799316
Canada,CAN,Developed,school_enrollment,2014,111.68155670166
Canada,CAN,Developed,school_enrollment,2013,111.407608032227
Canada,CAN,Developed,school_enrollment,2012,110.873832702637
Canada,CAN,Developed,school_enrollment,2011,102.823951721191
Canada,CAN,Developed,school_enrollment,2010,102.510261535645
Canada,CAN,Developed,school_enrollment,2009,102.979949951172
Canada,CAN,Developed,school_enrollment,2008,102.278419494629
Canada,CAN,Developed,school_enrollment,2007,101.272247314453
Canada,CAN,Developed,school_enrollment,2006,100.449310302734
Canada,CAN,Developed,school_enrollment,2005,100.274856567383
Canada,CAN,Developed,school_enrollment,2004,
Canada,CAN,Developed,school_enrollment,2003,
Canada,CAN,Developed,school_enrollment,2002,
Canada,CAN,Developed,school_enrollment,2001,
Canada,CAN,Developed,school_enrollment,2000,101.992736816406
Canada,CAN,Developed,school_enrollment,1999,
Canada,CAN,Developed,school_enrollment,1998,
Canada,CAN,Developed,school_enrollment,1997,
Canada,CAN,Developed,school_enrollment,1996,
Canada,CAN,Developed,school_enrollment,1995,
Canada,CAN,Developed,school_enrollment,1994,
Canada,CAN,Developed,school_enrollment,1993,
Canada,CAN,Developed,school_enrollment,1992,
Canada,CAN,Developed,school_enrollment,1991,
Canada,CAN,Developed,school_enrollment,1990,
Canada,CAN,Developed,school_enrollment,1989,
Canada,CAN,Developed,school_enrollment,1988,
Canada,CAN,Developed,school_enrollment,1987,
Canada,CAN,Developed,school_enrollment,1986,
Canada,CAN,Developed,school_enrollment,1985,
Canada,CAN,Developed,school_enrollment,1984,
Canada,CAN,Developed,school_enrollment,1983,
Canada,CAN,Developed,school_enrollment,1982,
Canada,CAN,Developed,school_enrollment,1981,
Canada,CAN,Developed,school_enrollment,1980,
Canada,CAN,Developed,school_enrollment,1979,
Canada,CAN,Developed,school_enrollment,1978,
Canada,CAN,Developed,school_enrollment,1977,
Canada,CAN,Developed,school_enrollment,1976,
Canada,CAN,Developed,school_enrollment,1975,
Canada,CAN,Developed,school_enrollment,1974,
Canada,CAN,Developed,school_enrollment,1973,
Canada,CAN,Developed,school_enrollment,1972,
Canada,CAN,Developed,school_enrollment,1971,
Canada,CAN,Developed,school_enrollment,1970,
Canada,CAN,Developed,school_enrollment,1969,
Canada,CAN,Developed,school_enrollment,1968,
Canada,CAN,Developed,school_enrollment,1967,
Canada,CAN,Developed,school_enrollment,1966,
Canada,CAN,Developed,school_enrollment,1965,
Canada,CAN,Developed,school_enrollment,1964,
Canada,CAN,Developed,school_enrollment,1963,
Canada,CAN,Developed,school_enrollment,1962,
Canada,CAN,Developed,school_enrollment,1961,
Canada,CAN,Developed,school_enrollment,1960,
Canada,CAN,Developed,unemployment,2025,6.907
Canada,CAN,Developed,unemployment,2024,6.351
Canada,CAN,Developed,unemployment,2023,5.415
Canada,CAN,Developed,unemployment,2022,5.279
Canada,CAN,Developed,unemployment,2021,7.527
Canada,CAN,Developed,unemployment,2020,9.657
Canada,CAN,Developed,unemployment,2019,5.69
Canada,CAN,Developed,unemployment,2018,5.837
Canada,CAN,Developed,unemployment,2017,6.426
Canada,CAN,Developed,unemployment,2016,7.038
Canada,CAN,Developed,unemployment,2015,6.945
Canada,CAN,Developed,unemployment,2014,7.023
Canada,CAN,Developed,unemployment,2013,7.143
Canada,CAN,Developed,unemployment,2012,7.392
Canada,CAN,Developed,unemployment,2011,7.637
Canada,CAN,Developed,unemployment,2010,8.178
Canada,CAN,Developed,unemployment,2009,8.46
Canada,CAN,Developed,unemployment,2008,6.284
Canada,CAN,Developed,unemployment,2007,6.156
Canada,CAN,Developed,unemployment,2006,6.484
Canada,CAN,Developed,unemployment,2005,6.758
Canada,CAN,Developed,unemployment,2004,7.185
Canada,CAN,Developed,unemployment,2003,7.574
Canada,CAN,Developed,unemployment,2002,7.665
Canada,CAN,Developed,unemployment,2001,7.219
Canada,CAN,Developed,unemployment,2000,6.829
Canada,CAN,Developed,unemployment,1999,7.583
Canada,CAN,Developed,unemployment,1998,8.278
Canada,CAN,Developed,unemployment,1997,9.1
Canada,CAN,Developed,unemployment,1996,9.62
Canada,CAN,Developed,unemployment,1995,9.489
Canada,CAN,Developed,unemployment,1994,10.395
Canada,CAN,Developed,unemployment,1993,11.377
Canada,CAN,Developed,unemployment,1992,11.197
Canada,CAN,Developed,unemployment,1991,10.316
Canada,CAN,Developed,unemployment,1990,
Canada,CAN,Developed,unemployment,1989,
Canada,CAN,Developed,unemployment,1988,
Canada,CAN,Developed,unemployment,1987,
Canada,CAN,Developed,unemployment,1986,
Canada,CAN,Developed,unemployment,1985,
Canada,CAN,Developed,unemployment,1984,
Canada,CAN,Developed,unemployment,1983,
Canada,CAN,Developed,unemployment,1982,
Canada,CAN,Developed,unemployment,1981,
Canada,CAN,Developed,unemployment,1980,
Canada,CAN,Developed,unemployment,1979,
Canada,CAN,Developed,unemployment,1978,
Canada,CAN,Developed,unemployment,1977,
Canada,CAN,Developed,unemployment,1976,
Canada,CAN,Developed,unemployment,1975,
Canada,CAN,Developed,unemployment,1974,
Canada,CAN,Developed,unemployment,1973,
Canada,CAN,Developed,unemployment,1972,
Canada,CAN,Developed,unemployment,1971,
Canada,CAN,Developed,unemployment,1970,
Canada,CAN,Developed,unemployment,1969,
Canada,CAN,Developed,unemployment,1968,
Canada,CAN,Developed,unemployment,1967,
Canada,CAN,Developed,unemployment,1966,
Canada,CAN,Developed,unemployment,1965,
Canada,CAN,Developed,unemployment,1964,
Canada,CAN,Developed,unemployment,1963,
Canada,CAN,Developed,unemployment,1962,
Canada,CAN,Developed,unemployment,1961,
Canada,CAN,Developed,unemployment,1960,
China,CHN,Developing,electricity_access,2025,
China,CHN,Developing,electricity_access,2024,100.0
China,CHN,Developing,electricity_access,2023,100.0
China,CHN,Developing,electricity_access,2022,100.0
China,CHN,Developing,electricity_access,2021,100.0
China,CHN,Developing,electricity_access,2020,100.0
China,CHN,Developing,electricity_access,2019,100.0
China,CHN,Developing,electricity_access,2018,100.0
China,CHN,Developing,electricity_access,2017,100.0
China,CHN,Developing,electricity_access,2016,100.0
China,CHN,Developing,electricity_access,2015,100.0
China,CHN,Developing,electricity_access,2014,100.0
China,CHN,Developing,electricity_access,2013,100.0
China,CHN,Developing,electricity_access,2012,99.9
China,CHN,Developing,electricity_access,2011,99.9
China,CHN,Developing,electricity_access,2010,99.7
China,CHN,Developing,electricity_access,2009,99.1
China,CHN,Developing,electricity_access,2008,98.8
China,CHN,Developing,electricity_access,2007,98.5
China,CHN,Developing,electricity_access,2006,98.2
China,CHN,Developing,electricity_access,2005,97.9
China,CHN,Developing,electricity_access,2004,97.7
China,CHN,Developing,electricity_access,2003,97.4
China,CHN,Developing,electricity_access,2002,97.2
China,CHN,Developing,electricity_access,2001,97.0
China,CHN,Developing,electricity_access,2000,96.7
China,CHN,Developing,electricity_access,1999,
China,CHN,Developing,electricity_access,1998,
China,CHN,Developing,electricity_access,1997,
China,CHN,Developing,electricity_access,1996,
China,CHN,Developing,electricity_access,1995,
China,CHN,Developing,electricity_access,1994,
China,CHN,Developing,electricity_access,1993,
China,CHN,Developing,electricity_access,1992,
China,CHN,Developing,electricity_access,1991,
China,CHN,Developing,electricity_access,1990,
China,CHN,Developing,electricity_access,1989,
China,CHN,Developing,electricity_access,1988,
China,CHN,Developing,electricity_access,1987,
China,CHN,Developing,electricity_access,1986,
China,CHN,Developing,electricity_access,1985,
China,CHN,Developing,electricity_access,1984,
China,CHN,Developing,electricity_access,1983,
China,CHN,Developing,electricity_access,1982,
China,CHN,Developing,electricity_access,1981,
China,CHN,Developing,electricity_access,1980,
China,CHN,Developing,electricity_access,1979,
China,CHN,Developing,electricity_access,1978,
China,CHN,Developing,electricity_access,1977,
China,CHN,Developing,electricity_access,1976,
China,CHN,Developing,electricity_access,1975,
China,CHN,Developing,electricity_access,1974,
China,CHN,Developing,electricity_access,1973,
China,CHN,Developing,electricity_access,1972,
China,CHN,Developing,electricity_access,1971,
China,CHN,Developing,electricity_access,1970,
China,CHN,Developing,electricity_access,1969,
China,CHN,Developing,electricity_access,1968,
China,CHN,Developing,electricity_access,1967,
China,CHN,Developing,electricity_access,1966,
China,CHN,Developing,electricity_access,1965,
China,CHN,Developing,electricity_access,1964,
China,CHN,Developing,electricity_access,1963,
China,CHN,Developing,electricity_access,1962,
China,CHN,Developing,electricity_access,1961,
China,CHN,Developing,electricity_access,1960,
China,CHN,Developing,gdp,2025,19498039388042.6
China,CHN,Developing,gdp,2024,18729668435848.0
China,CHN,Developing,gdp,2023,18270356654533.2
China,CHN,Developing,gdp,2022,18316765021690.2
China,CHN,Developing,gdp,2021,18201698719564.0
China,CHN,Developing,gdp,2020,14996414166715.1
China,CHN,Developing,gdp,2019,14560167101283.4
China,CHN,Developing,gdp,2018,14147765772963.8
China,CHN,Developing,gdp,2017,12537559062282.9
China,CHN,Developing,gdp,2016,11456024084962.0
China,CHN,Developing,gdp,2015,11280814787468.9
China,CHN,Developing,gdp,2014,10674533168257.4
China,CHN,Developing,gdp,2013,9743124247267.24
China,CHN,Developing,gdp,2012,8673664713189.24
China,CHN,Developing,gdp,2011,7671757207851.29
China,CHN,Developing,gdp,2010,6192564874453.29
China,CHN,Developing,gdp,2009,5189577094997.58
China,CHN,Developing,gdp,2008,4667346414521.95
China,CHN,Developing,gdp,2007,3604055822571.63
China,CHN,Developing,gdp,2006,2791498472804.33
China,CHN,Developing,gdp,2005,2317551298052.05
China,CHN,Developing,gdp,2004,1984196551300.44
China,CHN,Developing,gdp,2003,1683903309843.85
China,CHN,Developing,gdp,2002,1489821682050.54
China,CHN,Developing,gdp,2001,1355036590251.52
China,CHN,Developing,gdp,2000,1223754919971.05
China,CHN,Developing,gdp,1999,1103843203575.64
China,CHN,Developing,gdp,1998,1037134141760.35
China,CHN,Developing,gdp,1997,967753570434.667
China,CHN,Developing,gdp,1996,868523936530.083
China,CHN,Developing,gdp,1995,738190896227.55
China,CHN,Developing,gdp,1994,566929539493.172
China,CHN,Developing,gdp,1993,446557291212.148
China,CHN,Developing,gdp,1992,428502354788.069
China,CHN,Developing,gdp,1991,384510452961.672
China,CHN,Developing,gdp,1990,361560229445.507
China,CHN,Developing,gdp,1989,348380566801.619
China,CHN,Developing,gdp,1988,312888888888.889
China,CHN,Developing,gdp,1987,273455156950.673
China,CHN,Developing,gdp,1986,301310144927.536
China,CHN,Developing,gdp,1985,310064625850.34
China,CHN,Developing,gdp,1984,260442857142.857
China,CHN,Developing,gdp,1983,231130268199.234
China,CHN,Developing,gdp,1982,205480916030.534
China,CHN,Developing,gdp,1981,196218253968.254
China,CHN,Developing,gdp,1980,191487500000.0
China,CHN,Developing,gdp,1979,178573913043.478
China,CHN,Developing,gdp,1978,149788617886.179
China,CHN,Developing,gdp,1977,175226595859.778
China,CHN,Developing,gdp,1976,154196810058.643
China,CHN,Developing,gdp,1975,163687619735.857
China,CHN,Developing,gdp,1974,144418433058.472
China,CHN,Developing,gdp,1973,138764340892.0
China,CHN,Developing,gdp,1972,113871930713.841
China,CHN,Developing,gdp,1971,99959013879.6308
China,CHN,Developing,gdp,1970,92752930873.1912
China,CHN,Developing,gdp,1969,79847786729.1898
China,CHN,Developing,gdp,1968,70980323818.7853
China,CHN,Developing,gdp,1967,73011350596.2485
China,CHN,Developing,gdp,1966,76854053259.209
China,CHN,Developing,gdp,1965,70565994356.1828
China,CHN,Developing,gdp,1964,59821862703.4023
China,CHN,Developing,gdp,1963,50812227918.5753
China,CHN,Developing,gdp,1962,47310737754.2287
China,CHN,Developing,gdp,1961,50162299349.7871
China,CHN,Developing,gdp,1960,59846235024.7318
China,CHN,Developing,gdp_per_capita,2025,13861.970224368
China,CHN,Developing,gdp_per_capita,2024,13293.1162269366
China,CHN,Developing,gdp_per_capita,2023,12951.1782397043
China,CHN,Developing,gdp_per_capita,2022,12970.6056414327
China,CHN,Developing,gdp_per_capita,2021,12887.4357242941
China,CHN,Developing,gdp_per_capita,2020,10627.4637989619
China,CHN,Developing,gdp_per_capita,2019,10342.9009524335
China,CHN,Developing,gdp_per_capita,2018,10085.6638148819
China,CHN,Developing,gdp_per_capita,2017,8979.67652709856
China,CHN,Developing,gdp_per_capita,2016,8254.86859320357
China,CHN,Developing,gdp_per_capita,2015,8175.33285077393
China,CHN,Developing,gdp_per_capita,2014,7781.06597484974
China,CHN,Developing,gdp_per_capita,2013,7147.03518622344
China,CHN,Developing,gdp_per_capita,2012,6405.0574241349
China,CHN,Developing,gdp_per_capita,2011,5703.76027973346
China,CHN,Developing,gdp_per_capita,2010,4629.24551710077
China,CHN,Developing,gdp_per_capita,2009,3898.24459158811
China,CHN,Developing,gdp_per_capita,2008,3523.44302065213
China,CHN,Developing,gdp_per_capita,2007,2734.72709877693
China,CHN,Developing,gdp_per_capita,2006,2129.25696999613
China,CHN,Developing,gdp_per_capita,2005,1777.64496828464
China,CHN,Developing,gdp_per_capita,2004,1530.92726215723
China,CHN,Developing,gdp_per_capita,2003,1306.97245408557
China,CHN,Developing,gdp_per_capita,2002,1163.55957673426
China,CHN,Developing,gdp_per_capita,2001,1065.40597574519
China,CHN,Developing,gdp_per_capita,2000,969.199513696287
China,CHN,Developing,gdp_per_capita,1999,881.146614068925
China,CHN,Developing,gdp_per_capita,1998,835.095348597432
China,CHN,Developing,gdp_per_capita,1997,786.743548510999
China,CHN,Developing,gdp_per_capita,1996,713.337387811657
China,CHN,Developing,gdp_per_capita,1995,612.680277898627
China,CHN,Developing,gdp_per_capita,1994,475.677874448369
China,CHN,Developing,gdp_per_capita,1993,378.939353053314
China,CHN,Developing,gdp_per_capita,1992,367.822651903542
China,CHN,Developing,gdp_per_capita,1991,334.130288119078
China,CHN,Developing,gdp_per_capita,1990,318.50335359039
China,CHN,Developing,gdp_per_capita,1989,311.429461227032
China,CHN,Developing,gdp_per_capita,1988,284.023573149686
China,CHN,Developing,gdp_per_capita,1987,252.256760114454
China,CHN,Developing,gdp_per_capita,1986,282.445603096707
China,CHN,Developing,gdp_per_capita,1985,295.007445815897
China,CHN,Developing,gdp_per_capita,1984,251.192686463827
China,CHN,Developing,gdp_per_capita,1983,225.86534696156
China,CHN,Developing,gdp_per_capita,1982,203.722788366928
China,CHN,Developing,gdp_per_capita,1981,197.425510967822
China,CHN,Developing,gdp_per_capita,1980,195.149479992051
China,CHN,Developing,gdp_per_capita,1979,184.285853059043
China,CHN,Developing,gdp_per_capita,1978,156.655616850835
China,CHN,Developing,gdp_per_capita,1977,185.728620718294
China,CHN,Developing,gdp_per_capita,1976,165.680987722637
China,CHN,Developing,gdp_per_capita,1975,178.621249282085
China,CHN,Developing,gdp_per_capita,1974,160.402546852304
China,CHN,Developing,gdp_per_capita,1973,157.339888078555
China,CHN,Developing,gdp_per_capita,1972,132.097410431007
China,CHN,Developing,gdp_per_capita,1971,118.84249157909
China,CHN,Developing,gdp_per_capita,1970,113.346243039894
China,CHN,Developing,gdp_per_capita,1969,100.308139479526
China,CHN,Developing,gdp_per_capita,1968,91.6454581848979
China,CHN,Developing,gdp_per_capita,1967,96.7614480104016
China,CHN,Developing,gdp_per_capita,1966,104.50646350178
China,CHN,Developing,gdp_per_capita,1965,98.6681688740435
China,CHN,Developing,gdp_per_capita,1964,85.6611074645449
China,CHN,Developing,gdp_per_capita,1963,74.4681540864463
China,CHN,Developing,gdp_per_capita,1962,71.0616845971262
China,CHN,Developing,gdp_per_capita,1961,75.9655011127574
China,CHN,Developing,gdp_per_capita,1960,89.7150749167731
China,CHN,Developing,life_expectancy,2025,
China,CHN,Developing,life_expectancy,2024,78.017
China,CHN,Developing,life_expectancy,2023,77.953
China,CHN,Developing,life_expectancy,2022,78.202
China,CHN,Developing,life_expectancy,2021,78.117
China,CHN,Developing,life_expectancy,2020,78.019
China,CHN,Developing,life_expectancy,2019,77.94
China,CHN,Developing,life_expectancy,2018,77.709
China,CHN,Developing,life_expectancy,2017,77.235
China,CHN,Developing,life_expectancy,2016,77.214
China,CHN,Developing,life_expectancy,2015,76.975
China,CHN,Developing,life_expectancy,2014,76.714
China,CHN,Developing,life_expectancy,2013,76.452
China,CHN,Developing,life_expectancy,2012,76.2
China,CHN,Developing,life_expectancy,2011,75.889
China,CHN,Developing,life_expectancy,2010,75.668
China,CHN,Developing,life_expectancy,2009,75.317
China,CHN,Developing,life_expectancy,2008,74.833
China,CHN,Developing,life_expectancy,2007,74.789
China,CHN,Developing,life_expectancy,2006,74.404
China,CHN,Developing,life_expectancy,2005,74.085
China,CHN,Developing,life_expectancy,2004,73.727
China,CHN,Developing,life_expectancy,2003,73.385
China,CHN,Developing,life_expectancy,2002,73.034
China,CHN,Developing,life_expectancy,2001,72.675
China,CHN,Developing,life_expectancy,2000,72.288
China,CHN,Developing,life_expectancy,1999,71.952
China,CHN,Developing,life_expectancy,1998,71.601
China,CHN,Developing,life_expectancy,1997,71.227
China,CHN,Developing,life_expectancy,1996,70.823
China,CHN,Developing,life_expectancy,1995,70.363
China,CHN,Developing,life_expectancy,1994,69.835
China,CHN,Developing,life_expectancy,1993,69.492
China,CHN,Developing,life_expectancy,1992,69.059
China,CHN,Developing,life_expectancy,1991,68.61
China,CHN,Developing,life_expectancy,1990,68.155
China,CHN,Developing,life_expectancy,1989,67.93
China,CHN,Developing,life_expectancy,1988,67.607
China,CHN,Developing,life_expectancy,1987,67.263
China,CHN,Developing,life_expectancy,1986,66.887
China,CHN,Developing,life_expectancy,1985,66.532
China,CHN,Developing,life_expectancy,1984,66.148
China,CHN,Developing,life_expectancy,1983,65.728
China,CHN,Developing,life_expectancy,1982,65.249
China,CHN,Developing,life_expectancy,1981,64.778
China,CHN,Developing,life_expectancy,1980,64.243
China,CHN,Developing,life_expectancy,1979,63.704
China,CHN,Developing,life_expectancy,1978,63.102
China,CHN,Developing,life_expectancy,1977,62.458
China,CHN,Developing,life_expectancy,1976,61.225
China,CHN,Developing,life_expectancy,1975,60.952
China,CHN,Developing,life_expectancy,1974,60.241
China,CHN,Developing,life_expectancy,1973,59.496
China,CHN,Developing,life_expectancy,1972,58.579
China,CHN,Developing,life_expectancy,1971,57.731
China,CHN,Developing,life_expectancy,1970,56.824
China,CHN,Developing,life_expectancy,1969,55.988
China,CHN,Developing,life_expectancy,1968,55.191
China,CHN,Developing,life_expectancy,1967,54.401
China,CHN,Developing,life_expectancy,1966,53.662
China,CHN,Developing,life_expectancy,1965,53.001
China,CHN,Developing,life_expectancy,1964,52.343
China,CHN,Developing,life_expectancy,1963,51.67
China,CHN,Developing,life_expectancy,1962,50.959
China,CHN,Developing,life_expectancy,1961,40.158
China,CHN,Developing,life_expectancy,1960,33.419
China,CHN,Developing,population,2025,1406585000.0
China,CHN,Developing,population,2024,1408975000.0
China,CHN,Developing,population,2023,1410710000.0
China,CHN,Developing,population,2022,1412175000.0
China,CHN,Developing,population,2021,1412360000.0
China,CHN,Developing,population,2020,1411100000.0
China,CHN,Developing,population,2019,1407745000.0
China,CHN,Developing,population,2018,1402760000.0
China,CHN,Developing,population,2017,1396215000.0
China,CHN,Developing,population,2016,1387790000.0
China,CHN,Developing,population,2015,1379860000.0
China,CHN,Developing,population,2014,1371860000.0
China,CHN,Developing,population,2013,1363240000.0
China,CHN,Developing,population,2012,1354190000.0
China,CHN,Developing,population,2011,1345035000.0
China,CHN,Developing,population,2010,1337705000.0
China,CHN,Developing,population,2009,1331260000.0
China,CHN,Developing,population,2008,1324655000.0
China,CHN,Developing,population,2007,1317885000.0
China,CHN,Developing,population,2006,1311020000.0
China,CHN,Developing,population,2005,1303720000.0
China,CHN,Developing,population,2004,1296075000.0
China,CHN,Developing,population,2003,1288400000.0
China,CHN,Developing,population,2002,1280400000.0
China,CHN,Developing,population,2001,1271850000.0
China,CHN,Developing,population,2000,1262645000.0
China,CHN,Developing,population,1999,1252735000.0
China,CHN,Developing,population,1998,1241935000.0
China,CHN,Developing,population,1997,1230075000.0
China,CHN,Developing,population,1996,1217550000.0
China,CHN,Developing,population,1995,1204855000.0
China,CHN,Developing,population,1994,1191835000.0
China,CHN,Developing,population,1993,1178440000.0
China,CHN,Developing,population,1992,1164970000.0
China,CHN,Developing,population,1991,1150780000.0
China,CHN,Developing,population,1990,1135185000.0
China,CHN,Developing,population,1989,1118650000.0
China,CHN,Developing,population,1988,1101630000.0
China,CHN,Developing,population,1987,1084035000.0
China,CHN,Developing,population,1986,1066790000.0
China,CHN,Developing,population,1985,1051040000.0
China,CHN,Developing,population,1984,1036825000.0
China,CHN,Developing,population,1983,1023310000.0
China,CHN,Developing,population,1982,1008630000.0
China,CHN,Developing,population,1981,993885000.0
China,CHN,Developing,population,1980,981235000.0
China,CHN,Developing,population,1979,969005000.0
China,CHN,Developing,population,1978,956165000.0
China,CHN,Developing,population,1977,943455000.0
China,CHN,Developing,population,1976,930685000.0
China,CHN,Developing,population,1975,916395000.0
China,CHN,Developing,population,1974,900350000.0
China,CHN,Developing,population,1973,881940000.0
China,CHN,Developing,population,1972,862030000.0
China,CHN,Developing,population,1971,841105000.0
China,CHN,Developing,population,1970,818315000.0
China,CHN,Developing,population,1969,796025000.0
China,CHN,Developing,population,1968,774510000.0
China,CHN,Developing,population,1967,754550000.0
China,CHN,Developing,population,1966,735400000.0
China,CHN,Developing,population,1965,715185000.0
China,CHN,Developing,population,1964,698355000.0
China,CHN,Developing,population,1963,682335000.0
China,CHN,Developing,population,1962,665770000.0
China,CHN,Developing,population,1961,660330000.0
China,CHN,Developing,population,1960,667070000.0
China,CHN,Developing,school_enrollment,2025,
China,CHN,Developing,school_enrollment,2024,
China,CHN,Developing,school_enrollment,2023,
China,CHN,Developing,school_enrollment,2022,
China,CHN,Developing,school_enrollment,2021,
China,CHN,Developing,school_enrollment,2020,
China,CHN,Developing,school_enrollment,2019,
China,CHN,Developing,school_enrollment,2018,
China,CHN,Developing,school_enrollment,2017,
China,CHN,Developing,school_enrollment,2016,
China,CHN,Developing,school_enrollment,2015,
China,CHN,Developing,school_enrollment,2014,
China,CHN,Developing,school_enrollment,2013,
China,CHN,Developing,school_enrollment,2012,92.2603063015232
China,CHN,Developing,school_enrollment,2011,92.0329425203903
China,CHN,Developing,school_enrollment,2010,90.7829173331445
China,CHN,Developing,school_enrollment,2009,88.2874984741211
China,CHN,Developing,school_enrollment,2008,82.6792526245117
China,CHN,Developing,school_enrollment,2007,78.1607131958008
China,CHN,Developing,school_enrollment,2006,74.0575637817383
China,CHN,Developing,school_enrollment,2005,
China,CHN,Developing,school_enrollment,2004,
China,CHN,Developing,school_enrollment,2003,64.0541305541992
China,CHN,Developing,school_enrollment,2002,62.8378982543945
China,CHN,Developing,school_enrollment,2001,62.2098388671875
China,CHN,Developing,school_enrollment,2000,59.4924812316895
China,CHN,Developing,school_enrollment,1999,58.6365814208984
China,CHN,Developing,school_enrollment,1998,
China,CHN,Developing,school_enrollment,1997,54.7360382080078
China,CHN,Developing,school_enrollment,1996,52.3077697753906
China,CHN,Developing,school_enrollment,1995,48.9643783569336
China,CHN,Developing,school_enrollment,1994,47.1572189331055
China,CHN,Developing,school_enrollment,1993,46.7595100402832
China,CHN,Developing,school_enrollment,1992,44.4469909667969
China,CHN,Developing,school_enrollment,1991,41.5681610107422
China,CHN,Developing,school_enrollment,1990,39.0024795532227
China,CHN,Developing,school_enrollment,1989,38.1876487731934
China,CHN,Developing,school_enrollment,1988,37.2133903503418
China,CHN,Developing,school_enrollment,1987,35.1423110961914
China,CHN,Developing,school_enrollment,1986,32.6376609802246
China,CHN,Developing,school_enrollment,1985,31.3245601654053
China,CHN,Developing,school_enrollment,1984,29.9084606170654
China,CHN,Developing,school_enrollment,1983,30.1499004364014
China,CHN,Developing,school_enrollment,1982,32.6269607543945
China,CHN,Developing,school_enrollment,1981,36.6918296813965
China,CHN,Developing,school_enrollment,1980,40.256160736084
China,CHN,Developing,school_enrollment,1979,47.5873718261719
China,CHN,Developing,school_enrollment,1978,53.2011489868164
China,CHN,Developing,school_enrollment,1977,57.1651306152344
China,CHN,Developing,school_enrollment,1976,58.1372909545898
China,CHN,Developing,school_enrollment,1975,57.590461730957
China,CHN,Developing,school_enrollment,1974,58.2484588623047
China,CHN,Developing,school_enrollment,1973,53.8520202636719
China,CHN,Developing,school_enrollment,1972,43.8977890014648
China,CHN,Developing,school_enrollment,1971,34.3487205505371
China,CHN,Developing,school_enrollment,1970,25.6986503601074
China,CHN,Developing,school_enrollment,1969,
China,CHN,Developing,school_enrollment,1968,
China,CHN,Developing,school_enrollment,1967,
China,CHN,Developing,school_enrollment,1966,
China,CHN,Developing,school_enrollment,1965,
China,CHN,Developing,school_enrollment,1964,
China,CHN,Developing,school_enrollment,1963,
China,CHN,Developing,school_enrollment,1962,
China,CHN,Developing,school_enrollment,1961,
China,CHN,Developing,school_enrollment,1960,
China,CHN,Developing,unemployment,2025,4.615
China,CHN,Developing,unemployment,2024,4.59
China,CHN,Developing,unemployment,2023,4.67
China,CHN,Developing,unemployment,2022,4.98
China,CHN,Developing,unemployment,2021,4.55
China,CHN,Developing,unemployment,2020,5.0
China,CHN,Developing,unemployment,2019,4.56
China,CHN,Developing,unemployment,2018,4.31
China,CHN,Developing,unemployment,2017,4.47
China,CHN,Developing,unemployment,2016,4.56
China,CHN,Developing,unemployment,2015,4.65
China,CHN,Developing,unemployment,2014,4.63
China,CHN,Developing,unemployment,2013,4.6
China,CHN,Developing,unemployment,2012,4.58
China,CHN,Developing,unemployment,2011,4.55
China,CHN,Developing,unemployment,2010,4.53
China,CHN,Developing,unemployment,2009,4.72
China,CHN,Developing,unemployment,2008,4.59
China,CHN,Developing,unemployment,2007,4.35
China,CHN,Developing,unemployment,2006,4.43
China,CHN,Developing,unemployment,2005,4.52
China,CHN,Developing,unemployment,2004,4.49
China,CHN,Developing,unemployment,2003,4.58
China,CHN,Developing,unemployment,2002,4.24
China,CHN,Developing,unemployment,2001,3.8
China,CHN,Developing,unemployment,2000,3.26
China,CHN,Developing,unemployment,1999,3.25
China,CHN,Developing,unemployment,1998,3.24
China,CHN,Developing,unemployment,1997,3.23
China,CHN,Developing,unemployment,1996,3.12
China,CHN,Developing,unemployment,1995,3.0
China,CHN,Developing,unemployment,1994,2.9
China,CHN,Developing,unemployment,1993,2.69
China,CHN,Developing,unemployment,1992,2.37
China,CHN,Developing,unemployment,1991,2.37
China,CHN,Developing,unemployment,1990,
China,CHN,Developing,unemployment,1989,
China,CHN,Developing,unemployment,1988,
China,CHN,Developing,unemployment,1987,
China,CHN,Developing,unemployment,1986,
China,CHN,Developing,unemployment,1985,
China,CHN,Developing,unemployment,1984,
China,CHN,Developing,unemployment,1983,
China,CHN,Developing,unemployment,1982,
China,CHN,Developing,unemployment,1981,
China,CHN,Developing,unemployment,1980,
China,CHN,Developing,unemployment,1979,
China,CHN,Developing,unemployment,1978,
China,CHN,Developing,unemployment,1977,
China,CHN,Developing,unemployment,1976,
China,CHN,Developing,unemployment,1975,
China,CHN,Developing,unemployment,1974,
China,CHN,Developing,unemployment,1973,
China,CHN,Developing,unemployment,1972,
China,CHN,Developing,unemployment,1971,
China,CHN,Developing,unemployment,1970,
China,CHN,Developing,unemployment,1969,
China,CHN,Developing,unemployment,1968,
China,CHN,Developing,unemployment,1967,
China,CHN,Developing,unemployment,1966,
China,CHN,Developing,unemployment,1965,
China,CHN,Developing,unemployment,1964,
China,CHN,Developing,unemployment,1963,
China,CHN,Developing,unemployment,1962,
China,CHN,Developing,unemployment,1961,
China,CHN,Developing,unemployment,1960,
Germany,DEU,Developed,electricity_access,2025,
Germany,DEU,Developed,electricity_access,2024,100.0
Germany,DEU,Developed,electricity_access,2023,100.0
Germany,DEU,Developed,electricity_access,2022,100.0
Germany,DEU,Developed,electricity_access,2021,100.0
Germany,DEU,Developed,electricity_access,2020,100.0
Germany,DEU,Developed,electricity_access,2019,100.0
Germany,DEU,Developed,electricity_access,2018,100.0
Germany,DEU,Developed,electricity_access,2017,100.0
Germany,DEU,Developed,electricity_access,2016,100.0
Germany,DEU,Developed,electricity_access,2015,100.0
Germany,DEU,Developed,electricity_access,2014,100.0
Germany,DEU,Developed,electricity_access,2013,100.0
Germany,DEU,Developed,electricity_access,2012,100.0
Germany,DEU,Developed,electricity_access,2011,100.0
Germany,DEU,Developed,electricity_access,2010,100.0
Germany,DEU,Developed,electricity_access,2009,100.0
Germany,DEU,Developed,electricity_access,2008,100.0
Germany,DEU,Developed,electricity_access,2007,100.0
Germany,DEU,Developed,electricity_access,2006,100.0
Germany,DEU,Developed,electricity_access,2005,100.0
Germany,DEU,Developed,electricity_access,2004,100.0
Germany,DEU,Developed,electricity_access,2003,100.0
Germany,DEU,Developed,electricity_access,2002,100.0
Germany,DEU,Developed,electricity_access,2001,100.0
Germany,DEU,Developed,electricity_access,2000,100.0
Germany,DEU,Developed,electricity_access,1999,100.0
Germany,DEU,Developed,electricity_access,1998,100.0
Germany,DEU,Developed,electricity_access,1997,100.0
Germany,DEU,Developed,electricity_access,1996,100.0
Germany,DEU,Developed,electricity_access,1995,100.0
Germany,DEU,Developed,electricity_access,1994,100.0
Germany,DEU,Developed,electricity_access,1993,100.0
Germany,DEU,Developed,electricity_access,1992,100.0
Germany,DEU,Developed,electricity_access,1991,100.0
Germany,DEU,Developed,electricity_access,1990,100.0
Germany,DEU,Developed,electricity_access,1989,
Germany,DEU,Developed,electricity_access,1988,
Germany,DEU,Developed,electricity_access,1987,
Germany,DEU,Developed,electricity_access,1986,
Germany,DEU,Developed,electricity_access,1985,
Germany,DEU,Developed,electricity_access,1984,
Germany,DEU,Developed,electricity_access,1983,
Germany,DEU,Developed,electricity_access,1982,
Germany,DEU,Developed,electricity_access,1981,
Germany,DEU,Developed,electricity_access,1980,
Germany,DEU,Developed,electricity_access,1979,
Germany,DEU,Developed,electricity_access,1978,
Germany,DEU,Developed,electricity_access,1977,
Germany,DEU,Developed,electricity_access,1976,
Germany,DEU,Developed,electricity_access,1975,
Germany,DEU,Developed,electricity_access,1974,
Germany,DEU,Developed,electricity_access,1973,
Germany,DEU,Developed,electricity_access,1972,
Germany,DEU,Developed,electricity_access,1971,
Germany,DEU,Developed,electricity_access,1970,
Germany,DEU,Developed,electricity_access,1969,
Germany,DEU,Developed,electricity_access,1968,
Germany,DEU,Developed,electricity_access,1967,
Germany,DEU,Developed,electricity_access,1966,
Germany,DEU,Developed,electricity_access,1965,
Germany,DEU,Developed,electricity_access,1964,
Germany,DEU,Developed,electricity_access,1963,
Germany,DEU,Developed,electricity_access,1962,
Germany,DEU,Developed,electricity_access,1961,
Germany,DEU,Developed,electricity_access,1960,
Germany,DEU,Developed,gdp,2025,5050922925047.05
Germany,DEU,Developed,gdp,2024,4685592577804.69
Germany,DEU,Developed,gdp,2023,4562207532490.28
Germany,DEU,Developed,gdp,2022,4201021706478.62
Germany,DEU,Developed,gdp,2021,4355251953410.78
Germany,DEU,Developed,gdp,2020,3941398957073.94
Germany,DEU,Developed,gdp,2019,3959894794039.21
Germany,DEU,Developed,gdp,2018,4055433215301.96
Germany,DEU,Developed,gdp,2017,3765351626105.89
Germany,DEU,Developed,gdp,2016,3536787895179.0
Germany,DEU,Developed,gdp,2015,3425099578746.09
Germany,DEU,Developed,gdp,2014,3964870735760.77
Germany,DEU,Developed,gdp,2013,3807023797050.99
Germany,DEU,Developed,gdp,2012,3596483233406.25
Germany,DEU,Developed,gdp,2011,3823575803793.78
Germany,DEU,Developed,gdp,2010,3467093769666.67
Germany,DEU,Developed,gdp,2009,3478545516683.59
Germany,DEU,Developed,gdp,2008,3808197720125.0
Germany,DEU,Developed,gdp,2007,3484056680854.91
Germany,DEU,Developed,gdp,2006,3046308753670.58
Germany,DEU,Developed,gdp,2005,2893393187361.87
Germany,DEU,Developed,gdp,2004,2852317768061.78
Germany,DEU,Developed,gdp,2003,2534715518349.01
Germany,DEU,Developed,gdp,2002,2102350798305.89
Germany,DEU,Developed,gdp,2001,1966381496641.73
Germany,DEU,Developed,gdp,2000,1966980701145.1
Germany,DEU,Developed,gdp,1999,2213873468586.88
Germany,DEU,Developed,gdp,1998,2247760364565.97
Germany,DEU,Developed,gdp,1997,2218790886532.82
Germany,DEU,Developed,gdp,1996,2506576553158.31
Germany,DEU,Developed,gdp,1995,2593053091306.13
Germany,DEU,Developed,gdp,1994,2215282632276.73
Germany,DEU,Developed,gdp,1993,2078954217437.6
Germany,DEU,Developed,gdp,1992,2141377582968.07
Germany,DEU,Developed,gdp,1991,1875792575132.59
Germany,DEU,Developed,gdp,1990,1778162195860.07
Germany,DEU,Developed,gdp,1989,1404092925205.45
Germany,DEU,Developed,gdp,1988,1406367016371.53
Germany,DEU,Developed,gdp,1987,1302932318824.81
Germany,DEU,Developed,gdp,1986,1050092624515.9
Germany,DEU,Developed,gdp,1985,735218723093.277
Germany,DEU,Developed,gdp,1984,727767760978.627
Germany,DEU,Developed,gdp,1983,773507930294.906
Germany,DEU,Developed,gdp,1982,779421633755.138
Germany,DEU,Developed,gdp,1981,803404797057.551
Germany,DEU,Developed,gdp,1980,953772499462.019
Germany,DEU,Developed,gdp,1979,884574218333.155
Germany,DEU,Developed,gdp,1978,743182891918.208
Germany,DEU,Developed,gdp,1977,602698323085.993
Germany,DEU,Developed,gdp,1976,521658712132.981
Germany,DEU,Developed,gdp,1975,492434094920.105
Germany,DEU,Developed,gdp,1974,446934971657.471
Germany,DEU,Developed,gdp,1973,399833571167.215
Germany,DEU,Developed,gdp,1972,300899944795.436
Germany,DEU,Developed,gdp,1971,250900942396.699
Germany,DEU,Developed,gdp,1970,216629229947.096
Germany,DEU,Developed,gdp,1969,177733486326.06
Germany,DEU,Developed,gdp,1968,156527292653.157
Germany,DEU,Developed,gdp,1967,145100667772.69
Germany,DEU,Developed,gdp,1966,143304275683.979
Germany,DEU,Developed,gdp,1965,134774688191.161
Germany,DEU,Developed,gdp,1964,123330404665.086
Germany,DEU,Developed,gdp,1963,112232503744.1
Germany,DEU,Developed,gdp,1962,105895435234.343
Germany,DEU,Developed,gdp,1961,96558204043.1028
Germany,DEU,Developed,gdp,1960,84619845881.2608
Germany,DEU,Developed,gdp_per_capita,2025,60496.4350820414
Germany,DEU,Developed,gdp_per_capita,2024,56103.7323182554
Germany,DEU,Developed,gdp_per_capita,2023,54776.7668235491
Germany,DEU,Developed,gdp_per_capita,2022,50506.5179638543
Germany,DEU,Developed,gdp_per_capita,2021,52349.2459994422
Germany,DEU,Developed,gdp_per_capita,2020,47394.8734504469
Germany,DEU,Developed,gdp_per_capita,2019,47656.199739747
Germany,DEU,Developed,gdp_per_capita,2018,48916.1686612154
Germany,DEU,Developed,gdp_per_capita,2017,45553.9341495339
Germany,DEU,Developed,gdp_per_capita,2016,42948.9381932694
Germany,DEU,Developed,gdp_per_capita,2015,41929.7549110722
Germany,DEU,Developed,gdp_per_capita,2014,48959.5991203133
Germany,DEU,Developed,gdp_per_capita,2013,47206.8353514242
Germany,DEU,Developed,gdp_per_capita,2012,44718.0159214069
Germany,DEU,Developed,gdp_per_capita,2011,47630.9761883572
Germany,DEU,Developed,gdp_per_capita,2010,42396.9665976293
Germany,DEU,Developed,gdp_per_capita,2009,42471.8868625226
Germany,DEU,Developed,gdp_per_capita,2008,46379.1647953479
Germany,DEU,Developed,gdp_per_capita,2007,42350.9217211489
Germany,DEU,Developed,gdp_per_capita,2006,36980.3349948954
Germany,DEU,Developed,gdp_per_capita,2005,35084.4363546269
Germany,DEU,Developed,gdp_per_capita,2004,34566.7359143735
Germany,DEU,Developed,gdp_per_capita,2003,30711.1022511331
Germany,DEU,Developed,gdp_per_capita,2002,25486.5942008748
Germany,DEU,Developed,gdp_per_capita,2001,23878.3641471651
Germany,DEU,Developed,gdp_per_capita,2000,23925.8559901991
Germany,DEU,Developed,gdp_per_capita,1999,26965.4922773722
Germany,DEU,Developed,gdp_per_capita,1998,27395.9440608051
Germany,DEU,Developed,gdp_per_capita,1997,27046.9565464237
Germany,DEU,Developed,gdp_per_capita,1996,30599.7891048363
Germany,DEU,Developed,gdp_per_capita,1995,31747.2449398447
Germany,DEU,Developed,gdp_per_capita,1994,27201.9593555204
Germany,DEU,Developed,gdp_per_capita,1993,25616.6508772405
Germany,DEU,Developed,gdp_per_capita,1992,26559.8543879632
Germany,DEU,Developed,gdp_per_capita,1991,23443.3350818536
Germany,DEU,Developed,gdp_per_capita,1990,22385.6778250275
Germany,DEU,Developed,gdp_per_capita,1989,17829.4609524705
Germany,DEU,Developed,gdp_per_capita,1988,17996.9783507619
Germany,DEU,Developed,gdp_per_capita,1987,16738.6132825523
Germany,DEU,Developed,gdp_per_capita,1986,13511.1520027486
Germany,DEU,Developed,gdp_per_capita,1985,9464.11694710857
Germany,DEU,Developed,gdp_per_capita,1984,9347.29068412377
Germany,DEU,Developed,gdp_per_capita,1983,9900.48559233526
Germany,DEU,Developed,gdp_per_capita,1982,9950.05926025365
Germany,DEU,Developed,gdp_per_capita,1981,10246.4767623188
Germany,DEU,Developed,gdp_per_capita,1980,12182.7800196802
Germany,DEU,Developed,gdp_per_capita,1979,11322.3543443813
Germany,DEU,Developed,gdp_per_capita,1978,9516.78283228907
Germany,DEU,Developed,gdp_per_capita,1977,7711.10232025365
Germany,DEU,Developed,gdp_per_capita,1976,6659.16546576017
Germany,DEU,Developed,gdp_per_capita,1975,6259.20744498342
Germany,DEU,Developed,gdp_per_capita,1974,5659.73787773336
Germany,DEU,Developed,gdp_per_capita,1973,5065.24523302283
Germany,DEU,Developed,gdp_per_capita,1972,3823.94032602696
Germany,DEU,Developed,gdp_per_capita,1971,3203.82884836051
Germany,DEU,Developed,gdp_per_capita,1970,2771.28310514754
Germany,DEU,Developed,gdp_per_capita,1969,2281.27598218229
Germany,DEU,Developed,gdp_per_capita,1968,2025.08159465853
Germany,DEU,Developed,gdp_per_capita,1967,1885.61596607874
Germany,DEU,Developed,gdp_per_capita,1966,1870.80540291774
Germany,DEU,Developed,gdp_per_capita,1965,1774.1986904555
Germany,DEU,Developed,gdp_per_capita,1964,1637.45522773672
Germany,DEU,Developed,gdp_per_capita,1963,1502.15452905146
Germany,DEU,Developed,gdp_per_capita,1962,1430.52095516263
Germany,DEU,Developed,gdp_per_capita,1961,1315.90787834504
Germany,DEU,Developed,gdp_per_capita,1960,1162.12266831735
Germany,DEU,Developed,life_expectancy,2025,
Germany,DEU,Developed,life_expectancy,2024,80.7926829268293
Germany,DEU,Developed,life_expectancy,2023,81.0414634146342
Germany,DEU,Developed,life_expectancy,2022,80.6080487804878
Germany,DEU,Developed,life_expectancy,2021,80.790243902439
Germany,DEU,Developed,life_expectancy,2020,81.0414634146342
Germany,DEU,Developed,life_expectancy,2019,81.2926829268293
Germany,DEU,Developed,life_expectancy,2018,80.8926829268293
Germany,DEU,Developed,life_expectancy,2017,80.9926829268293
Germany,DEU,Developed,life_expectancy,2016,80.990243902439
Germany,DEU,Developed,life_expectancy,2015,80.6414634146341
Germany,DEU,Developed,life_expectancy,2014,81.090243902439
Germany,DEU,Developed,life_expectancy,2013,80.490243902439
Germany,DEU,Developed,life_expectancy,2012,80.5390243902439
Germany,DEU,Developed,life_expectancy,2011,80.4365853658537
Germany,DEU,Developed,life_expectancy,2010,79.9878048780488
Germany,DEU,Developed,life_expectancy,2009,79.8365853658537
Germany,DEU,Developed,life_expectancy,2008,79.7365853658537
Germany,DEU,Developed,life_expectancy,2007,79.5341463414634
Germany,DEU,Developed,life_expectancy,2006,79.1317073170732
Germany,DEU,Developed,life_expectancy,2005,78.9317073170732
Germany,DEU,Developed,life_expectancy,2004,78.6804878048781
Germany,DEU,Developed,life_expectancy,2003,78.3804878048781
Germany,DEU,Developed,life_expectancy,2002,78.2292682926829
Germany,DEU,Developed,life_expectancy,2001,78.3292682926829
Germany,DEU,Developed,life_expectancy,2000,77.9268292682927
Germany,DEU,Developed,life_expectancy,1999,77.7268292682927
Germany,DEU,Developed,life_expectancy,1998,77.4756097560976
Germany,DEU,Developed,life_expectancy,1997,77.0731707317073
Germany,DEU,Developed,life_expectancy,1996,76.6731707317073
Germany,DEU,Developed,life_expectancy,1995,76.4219512195122
Germany,DEU,Developed,life_expectancy,1994,76.2707317073171
Germany,DEU,Developed,life_expectancy,1993,75.8707317073171
Germany,DEU,Developed,life_expectancy,1992,75.819512195122
Germany,DEU,Developed,life_expectancy,1991,75.319512195122
Germany,DEU,Developed,life_expectancy,1990,75.0856341463415
Germany,DEU,Developed,life_expectancy,1989,75.1915365853659
Germany,DEU,Developed,life_expectancy,1988,74.9987317073171
Germany,DEU,Developed,life_expectancy,1987,74.8070243902439
Germany,DEU,Developed,life_expectancy,1986,74.3968292682927
Germany,DEU,Developed,life_expectancy,1985,74.1890975609756
Germany,DEU,Developed,life_expectancy,1984,74.0722926829268
Germany,DEU,Developed,life_expectancy,1983,73.6221463414634
Germany,DEU,Developed,life_expectancy,1982,73.3331463414634
Germany,DEU,Developed,life_expectancy,1981,73.0402195121951
Germany,DEU,Developed,life_expectancy,1980,72.8003170731707
Germany,DEU,Developed,life_expectancy,1979,72.6301707317073
Germany,DEU,Developed,life_expectancy,1978,72.2904146341464
Germany,DEU,Developed,life_expectancy,1977,72.3073170731707
Germany,DEU,Developed,life_expectancy,1976,71.7122195121951
Germany,DEU,Developed,life_expectancy,1975,71.259243902439
Germany,DEU,Developed,life_expectancy,1974,71.4189268292683
Germany,DEU,Developed,life_expectancy,1973,71.1128048780488
Germany,DEU,Developed,life_expectancy,1972,70.9067073170732
Germany,DEU,Developed,life_expectancy,1971,70.676756097561
Germany,DEU,Developed,life_expectancy,1970,70.4471951219512
Germany,DEU,Developed,life_expectancy,1969,70.2288048780488
Germany,DEU,Developed,life_expectancy,1968,70.3784634146342
Germany,DEU,Developed,life_expectancy,1967,70.7317317073171
Germany,DEU,Developed,life_expectancy,1966,70.5215853658537
Germany,DEU,Developed,life_expectancy,1965,70.4103658536585
Germany,DEU,Developed,life_expectancy,1964,70.4355609756098
Germany,DEU,Developed,life_expectancy,1963,69.9140731707317
Germany,DEU,Developed,life_expectancy,1962,69.7992195121951
Germany,DEU,Developed,life_expectancy,1961,69.6448780487805
Germany,DEU,Developed,life_expectancy,1960,69.0640731707317
Germany,DEU,Developed,population,2025,83491249.0
Germany,DEU,Developed,population,2024,83516593.0
Germany,DEU,Developed,population,2023,83287273.0
Germany,DEU,Developed,population,2022,83177813.0
Germany,DEU,Developed,population,2021,83196078.0
Germany,DEU,Developed,population,2020,83160871.0
Germany,DEU,Developed,population,2019,83092962.0
Germany,DEU,Developed,population,2018,82905782.0
Germany,DEU,Developed,population,2017,82657002.0
Germany,DEU,Developed,population,2016,82348669.0
Germany,DEU,Developed,population,2015,81686611.0
Germany,DEU,Developed,population,2014,80982500.0
Germany,DEU,Developed,population,2013,80645605.0
Germany,DEU,Developed,population,2012,80425823.0
Germany,DEU,Developed,population,2011,80274983.0
Germany,DEU,Developed,population,2010,81776930.0
Germany,DEU,Developed,population,2009,81902307.0
Germany,DEU,Developed,population,2008,82110097.0
Germany,DEU,Developed,population,2007,82266372.0
Germany,DEU,Developed,population,2006,82376451.0
Germany,DEU,Developed,population,2005,82469422.0
Germany,DEU,Developed,population,2004,82516260.0
Germany,DEU,Developed,population,2003,82534176.0
Germany,DEU,Developed,population,2002,82488495.0
Germany,DEU,Developed,population,2001,82349925.0
Germany,DEU,Developed,population,2000,82211508.0
Germany,DEU,Developed,population,1999,82100243.0
Germany,DEU,Developed,population,1998,82047195.0
Germany,DEU,Developed,population,1997,82034771.0
Germany,DEU,Developed,population,1996,81914831.0
Germany,DEU,Developed,population,1995,81678051.0
Germany,DEU,Developed,population,1994,81438348.0
Germany,DEU,Developed,population,1993,81156363.0
Germany,DEU,Developed,population,1992,80624598.0
Germany,DEU,Developed,population,1991,80013896.0
Germany,DEU,Developed,population,1990,79433029.0
Germany,DEU,Developed,population,1989,78751283.0
Germany,DEU,Developed,population,1988,78144619.0
Germany,DEU,Developed,population,1987,77839920.0
Germany,DEU,Developed,population,1986,77720436.0
Germany,DEU,Developed,population,1985,77684873.0
Germany,DEU,Developed,population,1984,77858685.0
Germany,DEU,Developed,population,1983,78128282.0
Germany,DEU,Developed,population,1982,78333366.0
Germany,DEU,Developed,population,1981,78407907.0
Germany,DEU,Developed,population,1980,78288576.0
Germany,DEU,Developed,population,1979,78126350.0
Germany,DEU,Developed,population,1978,78091820.0
Germany,DEU,Developed,population,1977,78159814.0
Germany,DEU,Developed,population,1976,78336950.0
Germany,DEU,Developed,population,1975,78673554.0
Germany,DEU,Developed,population,1974,78967433.0
Germany,DEU,Developed,population,1973,78936666.0
Germany,DEU,Developed,population,1972,78688452.0
Germany,DEU,Developed,population,1971,78312842.0
Germany,DEU,Developed,population,1970,78169289.0
Germany,DEU,Developed,population,1969,77909682.0
Germany,DEU,Developed,population,1968,77294314.0
Germany,DEU,Developed,population,1967,76951336.0
Germany,DEU,Developed,population,1966,76600311.0
Germany,DEU,Developed,population,1965,75963695.0
Germany,DEU,Developed,population,1964,75318337.0
Germany,DEU,Developed,population,1963,74714353.0
Germany,DEU,Developed,population,1962,74025784.0
Germany,DEU,Developed,population,1961,73377632.0
Germany,DEU,Developed,population,1960,72814900.0
Germany,DEU,Developed,school_enrollment,2025,
Germany,DEU,Developed,school_enrollment,2024,100.243698120117
Germany,DEU,Developed,school_enrollment,2023,100.603057861328
Germany,DEU,Developed,school_enrollment,2022,100.81729888916
Germany,DEU,Developed,school_enrollment,2021,101.203536987305
Germany,DEU,Developed,school_enrollment,2020,101.307800292969
Germany,DEU,Developed,school_enrollment,2019,101.152557373047
Germany,DEU,Developed,school_enrollment,2018,100.837303161621
Germany,DEU,Developed,school_enrollment,2017,101.095642089844
Germany,DEU,Developed,school_enrollment,2016,100.852310180664
Germany,DEU,Developed,school_enrollment,2015,102.192413330078
Germany,DEU,Developed,school_enrollment,2014,103.303871154785
Germany,DEU,Developed,school_enrollment,2013,103.935333251953
Germany,DEU,Developed,school_enrollment,2012,104.442237854004
Germany,DEU,Developed,school_enrollment,2011,105.34651184082
Germany,DEU,Developed,school_enrollment,2010,104.891357421875
Germany,DEU,Developed,school_enrollment,2009,103.314292907715
Germany,DEU,Developed,school_enrollment,2008,103.240730285645
Germany,DEU,Developed,school_enrollment,2007,102.009773254395
Germany,DEU,Developed,school_enrollment,2006,102.486396789551
Germany,DEU,Developed,school_enrollment,2005,101.436492919922
Germany,DEU,Developed,school_enrollment,2004,101.377777099609
Germany,DEU,Developed,school_enrollment,2003,101.226783752441
Germany,DEU,Developed,school_enrollment,2002,100.853607177734
Germany,DEU,Developed,school_enrollment,2001,99.554801940918
Germany,DEU,Developed,school_enrollment,2000,
Germany,DEU,Developed,school_enrollment,1999,
Germany,DEU,Developed,school_enrollment,1998,
Germany,DEU,Developed,school_enrollment,1997,
Germany,DEU,Developed,school_enrollment,1996,
Germany,DEU,Developed,school_enrollment,1995,
Germany,DEU,Developed,school_enrollment,1994,
Germany,DEU,Developed,school_enrollment,1993,
Germany,DEU,Developed,school_enrollment,1992,
Germany,DEU,Developed,school_enrollment,1991,
Germany,DEU,Developed,school_enrollment,1990,
Germany,DEU,Developed,school_enrollment,1989,
Germany,DEU,Developed,school_enrollment,1988,
Germany,DEU,Developed,school_enrollment,1987,
Germany,DEU,Developed,school_enrollment,1986,
Germany,DEU,Developed,school_enrollment,1985,
Germany,DEU,Developed,school_enrollment,1984,
Germany,DEU,Developed,school_enrollment,1983,
Germany,DEU,Developed,school_enrollment,1982,
Germany,DEU,Developed,school_enrollment,1981,
Germany,DEU,Developed,school_enrollment,1980,
Germany,DEU,Developed,school_enrollment,1979,
Germany,DEU,Developed,school_enrollment,1978,
Germany,DEU,Developed,school_enrollment,1977,
Germany,DEU,Developed,school_enrollment,1976,
Germany,DEU,Developed,school_enrollment,1975,
Germany,DEU,Developed,school_enrollment,1974,
Germany,DEU,Developed,school_enrollment,1973,
Germany,DEU,Developed,school_enrollment,1972,
Germany,DEU,Developed,school_enrollment,1971,
Germany,DEU,Developed,school_enrollment,1970,
Germany,DEU,Developed,school_enrollment,1969,
Germany,DEU,Developed,school_enrollment,1968,
Germany,DEU,Developed,school_enrollment,1967,
Germany,DEU,Developed,school_enrollment,1966,
Germany,DEU,Developed,school_enrollment,1965,
Germany,DEU,Developed,school_enrollment,1964,
Germany,DEU,Developed,school_enrollment,1963,
Germany,DEU,Developed,school_enrollment,1962,
Germany,DEU,Developed,school_enrollment,1961,
Germany,DEU,Developed,school_enrollment,1960,
Germany,DEU,Developed,unemployment,2025,3.711
Germany,DEU,Developed,unemployment,2024,3.4
Germany,DEU,Developed,unemployment,2023,3.071
Germany,DEU,Developed,unemployment,2022,3.137
Germany,DEU,Developed,unemployment,2021,3.594
Germany,DEU,Developed,unemployment,2020,3.881
Germany,DEU,Developed,unemployment,2019,3.163
Germany,DEU,Developed,unemployment,2018,3.384
Germany,DEU,Developed,unemployment,2017,3.781
Germany,DEU,Developed,unemployment,2016,4.104
Germany,DEU,Developed,unemployment,2015,4.612
Germany,DEU,Developed,unemployment,2014,4.979
Germany,DEU,Developed,unemployment,2013,5.316
Germany,DEU,Developed,unemployment,2012,5.372
Germany,DEU,Developed,unemployment,2011,5.967
Germany,DEU,Developed,unemployment,2010,7.043
Germany,DEU,Developed,unemployment,2009,7.88
Germany,DEU,Developed,unemployment,2008,7.508
Germany,DEU,Developed,unemployment,2007,8.732
Germany,DEU,Developed,unemployment,2006,10.277
Germany,DEU,Developed,unemployment,2005,11.193
Germany,DEU,Developed,unemployment,2004,10.727
Germany,DEU,Developed,unemployment,2003,9.779
Germany,DEU,Developed,unemployment,2002,8.482
Germany,DEU,Developed,unemployment,2001,7.773
Germany,DEU,Developed,unemployment,2000,7.917
Germany,DEU,Developed,unemployment,1999,8.854
Germany,DEU,Developed,unemployment,1998,9.787
Germany,DEU,Developed,unemployment,1997,9.861
Germany,DEU,Developed,unemployment,1996,8.822
Germany,DEU,Developed,unemployment,1995,8.158
Germany,DEU,Developed,unemployment,1994,8.727
Germany,DEU,Developed,unemployment,1993,7.675
Germany,DEU,Developed,unemployment,1992,6.323
Germany,DEU,Developed,unemployment,1991,5.316
Germany,DEU,Developed,unemployment,1990,
Germany,DEU,Developed,unemployment,1989,
Germany,DEU,Developed,unemployment,1988,
Germany,DEU,Developed,unemployment,1987,
Germany,DEU,Developed,unemployment,1986,
Germany,DEU,Developed,unemployment,1985,
Germany,DEU,Developed,unemployment,1984,
Germany,DEU,Developed,unemployment,1983,
Germany,DEU,Developed,unemployment,1982,
Germany,DEU,Developed,unemployment,1981,
Germany,DEU,Developed,unemployment,1980,
Germany,DEU,Developed,unemployment,1979,
Germany,DEU,Developed,unemployment,1978,
Germany,DEU,Developed,unemployment,1977,
Germany,DEU,Developed,unemployment,1976,
Germany,DEU,Developed,unemployment,1975,
Germany,DEU,Developed,unemployment,1974,
Germany,DEU,Developed,unemployment,1973,
Germany,DEU,Developed,unemployment,1972,
Germany,DEU,Developed,unemployment,1971,
Germany,DEU,Developed,unemployment,1970,
Germany,DEU,Developed,unemployment,1969,
Germany,DEU,Developed,unemployment,1968,
Germany,DEU,Developed,unemployment,1967,
Germany,DEU,Developed,unemployment,1966,
Germany,DEU,Developed,unemployment,1965,
Germany,DEU,Developed,unemployment,1964,
Germany,DEU,Developed,unemployment,1963,
Germany,DEU,Developed,unemployment,1962,
Germany,DEU,Developed,unemployment,1961,
Germany,DEU,Developed,unemployment,1960,
Ethiopia,ETH,Least Developed,electricity_access,2025,
Ethiopia,ETH,Least Developed,electricity_access,2024,56.6
Ethiopia,ETH,Least Developed,electricity_access,2023,55.4
Ethiopia,ETH,Least Developed,electricity_access,2022,55.0
Ethiopia,ETH,Least Developed,electricity_access,2021,54.2
Ethiopia,ETH,Least Developed,electricity_access,2020,51.1
Ethiopia,ETH,Least Developed,electricity_access,2019,48.0
Ethiopia,ETH,Least Developed,electricity_access,2018,44.8
Ethiopia,ETH,Least Developed,electricity_access,2017,44.3
Ethiopia,ETH,Least Developed,electricity_access,2016,42.9
Ethiopia,ETH,Least Developed,electricity_access,2015,29.0
Ethiopia,ETH,Least Developed,electricity_access,2014,27.2
Ethiopia,ETH,Least Developed,electricity_access,2013,30.8
Ethiopia,ETH,Least Developed,electricity_access,2012,29.0
Ethiopia,ETH,Least Developed,electricity_access,2011,23.0
Ethiopia,ETH,Least Developed,electricity_access,2010,25.5
Ethiopia,ETH,Least Developed,electricity_access,2009,23.7
Ethiopia,ETH,Least Developed,electricity_access,2008,22.0
Ethiopia,ETH,Least Developed,electricity_access,2007,20.3
Ethiopia,ETH,Least Developed,electricity_access,2006,18.6
Ethiopia,ETH,Least Developed,electricity_access,2005,14.0
Ethiopia,ETH,Least Developed,electricity_access,2004,15.2
Ethiopia,ETH,Least Developed,electricity_access,2003,13.5
Ethiopia,ETH,Least Developed,electricity_access,2002,11.9
Ethiopia,ETH,Least Developed,electricity_access,2001,10.2
Ethiopia,ETH,Least Developed,electricity_access,2000,12.7
Ethiopia,ETH,Least Developed,electricity_access,1999,
Ethiopia,ETH,Least Developed,electricity_access,1998,
Ethiopia,ETH,Least Developed,electricity_access,1997,
Ethiopia,ETH,Least Developed,electricity_access,1996,
Ethiopia,ETH,Least Developed,electricity_access,1995,
Ethiopia,ETH,Least Developed,electricity_access,1994,
Ethiopia,ETH,Least Developed,electricity_access,1993,
Ethiopia,ETH,Least Developed,electricity_access,1992,
Ethiopia,ETH,Least Developed,electricity_access,1991,
Ethiopia,ETH,Least Developed,electricity_access,1990,
Ethiopia,ETH,Least Developed,electricity_access,1989,
Ethiopia,ETH,Least Developed,electricity_access,1988,
Ethiopia,ETH,Least Developed,electricity_access,1987,
Ethiopia,ETH,Least Developed,electricity_access,1986,
Ethiopia,ETH,Least Developed,electricity_access,1985,
Ethiopia,ETH,Least Developed,electricity_access,1984,
Ethiopia,ETH,Least Developed,electricity_access,1983,
Ethiopia,ETH,Least Developed,electricity_access,1982,
Ethiopia,ETH,Least Developed,electricity_access,1981,
Ethiopia,ETH,Least Developed,electricity_access,1980,
Ethiopia,ETH,Least Developed,electricity_access,1979,
Ethiopia,ETH,Least Developed,electricity_access,1978,
Ethiopia,ETH,Least Developed,electricity_access,1977,
Ethiopia,ETH,Least Developed,electricity_access,1976,
Ethiopia,ETH,Least Developed,electricity_access,1975,
Ethiopia,ETH,Least Developed,electricity_access,1974,
Ethiopia,ETH,Least Developed,electricity_access,1973,
Ethiopia,ETH,Least Developed,electricity_access,1972,
Ethiopia,ETH,Least Developed,electricity_access,1971,
Ethiopia,ETH,Least Developed,electricity_access,1970,
Ethiopia,ETH,Least Developed,electricity_access,1969,
Ethiopia,ETH,Least Developed,electricity_access,1968,
Ethiopia,ETH,Least Developed,electricity_access,1967,
Ethiopia,ETH,Least Developed,electricity_access,1966,
Ethiopia,ETH,Least Developed,electricity_access,1965,
Ethiopia,ETH,Least Developed,electricity_access,1964,
Ethiopia,ETH,Least Developed,electricity_access,1963,
Ethiopia,ETH,Least Developed,electricity_access,1962,
Ethiopia,ETH,Least Developed,electricity_access,1961,
Ethiopia,ETH,Least Developed,electricity_access,1960,
Ethiopia,ETH,Least Developed,gdp,2025,126358758448.356
Ethiopia,ETH,Least Developed,gdp,2024,149740297952.375
Ethiopia,ETH,Least Developed,gdp,2023,135874093203.18
Ethiopia,ETH,Least Developed,gdp,2022,123140304665.399
Ethiopia,ETH,Least Developed,gdp,2021,109070960370.972
Ethiopia,ETH,Least Developed,gdp,2020,98676811061.9985
Ethiopia,ETH,Least Developed,gdp,2019,91834517113.6386
Ethiopia,ETH,Least Developed,gdp,2018,83337901071.9697
Ethiopia,ETH,Least Developed,gdp,2017,76366081766.6667
Ethiopia,ETH,Least Developed,gdp,2016,68475871209.607
Ethiopia,ETH,Least Developed,gdp,2015,62103418181.8182
Ethiopia,ETH,Least Developed,gdp,2014,55612228233.5179
Ethiopia,ETH,Least Developed,gdp,2013,47648276605.0123
Ethiopia,ETH,Least Developed,gdp,2012,43310721414.0829
Ethiopia,ETH,Least Developed,gdp,2011,31952763089.33
Ethiopia,ETH,Least Developed,gdp,2010,29933790334.3418
Ethiopia,ETH,Least Developed,gdp,2009,32437389116.038
Ethiopia,ETH,Least Developed,gdp,2008,27066912635.2228
Ethiopia,ETH,Least Developed,gdp,2007,19707616772.7996
Ethiopia,ETH,Least Developed,gdp,2006,15280861834.6024
Ethiopia,ETH,Least Developed,gdp,2005,12401139453.9738
Ethiopia,ETH,Least Developed,gdp,2004,10131187261.4421
Ethiopia,ETH,Least Developed,gdp,2003,8623691300.04079
Ethiopia,ETH,Least Developed,gdp,2002,7850809498.16803
Ethiopia,ETH,Least Developed,gdp,2001,8231326016.47494
Ethiopia,ETH,Least Developed,gdp,2000,8242349617.8638
Ethiopia,ETH,Least Developed,gdp,1999,7892973531.80045
Ethiopia,ETH,Least Developed,gdp,1998,8013274131.69715
Ethiopia,ETH,Least Developed,gdp,1997,8803539988.33248
Ethiopia,ETH,Least Developed,gdp,1996,8761215548.48614
Ethiopia,ETH,Least Developed,gdp,1995,7855205206.93405
Ethiopia,ETH,Least Developed,gdp,1994,7100806753.92942
Ethiopia,ETH,Least Developed,gdp,1993,9051043870.12197
Ethiopia,ETH,Least Developed,gdp,1992,10754799036.5745
Ethiopia,ETH,Least Developed,gdp,1991,13799799323.6715
Ethiopia,ETH,Least Developed,gdp,1990,12478943895.1691
Ethiopia,ETH,Least Developed,gdp,1989,11762932007.2464
Ethiopia,ETH,Least Developed,gdp,1988,11181119717.8744
Ethiopia,ETH,Least Developed,gdp,1987,10790001557.971
Ethiopia,ETH,Least Developed,gdp,1986,10094328898.0676
Ethiopia,ETH,Least Developed,gdp,1985,9717392686.95652
Ethiopia,ETH,Least Developed,gdp,1984,8298309580.67633
Ethiopia,ETH,Least Developed,gdp,1983,8781664427.05314
Ethiopia,ETH,Least Developed,gdp,1982,7899988840.57971
Ethiopia,ETH,Least Developed,gdp,1981,7507663566.66667
Ethiopia,ETH,Least Developed,gdp,1980,7012585454.10628
Ethiopia,ETH,Least Developed,gdp,1979,6586048398.06763
Ethiopia,ETH,Least Developed,gdp,1978,6014961434.78261
Ethiopia,ETH,Least Developed,gdp,1977,5651840584.54106
Ethiopia,ETH,Least Developed,gdp,1976,4943806093.23672
Ethiopia,ETH,Least Developed,gdp,1975,4577047854.10628
Ethiopia,ETH,Least Developed,gdp,1974,4577209966.18358
Ethiopia,ETH,Least Developed,gdp,1973,4070570549.8642
Ethiopia,ETH,Least Developed,gdp,1972,3520252938.26087
Ethiopia,ETH,Least Developed,gdp,1971,3224280834.97092
Ethiopia,ETH,Least Developed,gdp,1970,3045354454.8
Ethiopia,ETH,Least Developed,gdp,1969,2768987372.0
Ethiopia,ETH,Least Developed,gdp,1968,2619948864.8
Ethiopia,ETH,Least Developed,gdp,1967,2461762002.8
Ethiopia,ETH,Least Developed,gdp,1966,2324466416.0
Ethiopia,ETH,Least Developed,gdp,1965,2159998591.2
Ethiopia,ETH,Least Developed,gdp,1964,1984129185.6
Ethiopia,ETH,Least Developed,gdp,1963,1825058827.83853
Ethiopia,ETH,Least Developed,gdp,1962,1747566307.0997
Ethiopia,ETH,Least Developed,gdp,1961,1680859514.1016
Ethiopia,ETH,Least Developed,gdp,1960,1610511693.84215
Ethiopia,ETH,Least Developed,gdp_per_capita,2025,932.729352775179
Ethiopia,ETH,Least Developed,gdp_per_capita,2024,1133.88279681256
Ethiopia,ETH,Least Developed,gdp_per_capita,2023,1055.81091593061
Ethiopia,ETH,Least Developed,gdp_per_capita,2022,982.103161502198
Ethiopia,ETH,Least Developed,gdp_per_capita,2021,893.009835441784
Ethiopia,ETH,Least Developed,gdp_per_capita,2020,829.790982552951
Ethiopia,ETH,Least Developed,gdp_per_capita,2019,793.473247218996
Ethiopia,ETH,Least Developed,gdp_per_capita,2018,739.702022272086
Ethiopia,ETH,Least Developed,gdp_per_capita,2017,696.348429076216
Ethiopia,ETH,Least Developed,gdp_per_capita,2016,641.651523286233
Ethiopia,ETH,Least Developed,gdp_per_capita,2015,597.912113218663
Ethiopia,ETH,Least Developed,gdp_per_capita,2014,549.986577082588
Ethiopia,ETH,Least Developed,gdp_per_capita,2013,484.039833104062
Ethiopia,ETH,Least Developed,gdp_per_capita,2012,452.101031885754
Ethiopia,ETH,Least Developed,gdp_per_capita,2011,343.024942351887
Ethiopia,ETH,Least Developed,gdp_per_capita,2010,330.619412798644
Ethiopia,ETH,Least Developed,gdp_per_capita,2009,368.574712267445
Ethiopia,ETH,Least Developed,gdp_per_capita,2008,316.410475118075
Ethiopia,ETH,Least Developed,gdp_per_capita,2007,237.146255996319
Ethiopia,ETH,Least Developed,gdp_per_capita,2006,189.345737521418
Ethiopia,ETH,Least Developed,gdp_per_capita,2005,158.243458082465
Ethiopia,ETH,Least Developed,gdp_per_capita,2004,133.169812538096
Ethiopia,ETH,Least Developed,gdp_per_capita,2003,116.800491132777
Ethiopia,ETH,Least Developed,gdp_per_capita,2002,109.593813612988
Ethiopia,ETH,Least Developed,gdp_per_capita,2001,118.457204255261
Ethiopia,ETH,Least Developed,gdp_per_capita,2000,122.269202606069
Ethiopia,ETH,Least Developed,gdp_per_capita,1999,120.734631499865
Ethiopia,ETH,Least Developed,gdp_per_capita,1998,126.465095781244
Ethiopia,ETH,Least Developed,gdp_per_capita,1997,143.369531498844
Ethiopia,ETH,Least Developed,gdp_per_capita,1996,147.327458851964
Ethiopia,ETH,Least Developed,gdp_per_capita,1995,136.523619088963
Ethiopia,ETH,Least Developed,gdp_per_capita,1994,127.685923459033
Ethiopia,ETH,Least Developed,gdp_per_capita,1993,168.520401400989
Ethiopia,ETH,Least Developed,gdp_per_capita,1992,207.406400863847
Ethiopia,ETH,Least Developed,gdp_per_capita,1991,277.565910365091
Ethiopia,ETH,Least Developed,gdp_per_capita,1990,262.108971053707
Ethiopia,ETH,Least Developed,gdp_per_capita,1989,256.386475306315
Ethiopia,ETH,Least Developed,gdp_per_capita,1988,253.248262470167
Ethiopia,ETH,Least Developed,gdp_per_capita,1987,254.121329421554
Ethiopia,ETH,Least Developed,gdp_per_capita,1986,245.977228769295
Ethiopia,ETH,Least Developed,gdp_per_capita,1985,243.897382584019
Ethiopia,ETH,Least Developed,gdp_per_capita,1984,214.228860396002
Ethiopia,ETH,Least Developed,gdp_per_capita,1983,232.683474421159
Ethiopia,ETH,Least Developed,gdp_per_capita,1982,215.25098547162
Ethiopia,ETH,Least Developed,gdp_per_capita,1981,212.657517980298
Ethiopia,ETH,Least Developed,gdp_per_capita,1980,203.685394440965
Ethiopia,ETH,Least Developed,gdp_per_capita,1979,192.357117273999
Ethiopia,ETH,Least Developed,gdp_per_capita,1978,178.302480574913
Ethiopia,ETH,Least Developed,gdp_per_capita,1977,170.40414371556
Ethiopia,ETH,Least Developed,gdp_per_capita,1976,151.95618662171
Ethiopia,ETH,Least Developed,gdp_per_capita,1975,144.280537635495
Ethiopia,ETH,Least Developed,gdp_per_capita,1974,147.855722504485
Ethiopia,ETH,Least Developed,gdp_per_capita,1973,134.935511021947
Ethiopia,ETH,Least Developed,gdp_per_capita,1972,119.839997124757
Ethiopia,ETH,Least Developed,gdp_per_capita,1971,112.736674296624
Ethiopia,ETH,Least Developed,gdp_per_capita,1970,109.430466337285
Ethiopia,ETH,Least Developed,gdp_per_capita,1969,102.280177675035
Ethiopia,ETH,Least Developed,gdp_per_capita,1968,99.4743651000667
Ethiopia,ETH,Least Developed,gdp_per_capita,1967,96.0864747436757
Ethiopia,ETH,Least Developed,gdp_per_capita,1966,93.1549467874985
Ethiopia,ETH,Least Developed,gdp_per_capita,1965,88.8500294110243
Ethiopia,ETH,Least Developed,gdp_per_capita,1964,83.8368648270969
Ethiopia,ETH,Least Developed,gdp_per_capita,1963,79.1726343703284
Ethiopia,ETH,Least Developed,gdp_per_capita,1962,77.7901849782504
Ethiopia,ETH,Least Developed,gdp_per_capita,1961,76.7301966411733
Ethiopia,ETH,Least Developed,gdp_per_capita,1960,75.3396090705961
Ethiopia,ETH,Least Developed,life_expectancy,2025,
Ethiopia,ETH,Least Developed,life_expectancy,2024,67.603
Ethiopia,ETH,Least Developed,life_expectancy,2023,67.315
Ethiopia,ETH,Least Developed,life_expectancy,2022,66.897
Ethiopia,ETH,Least Developed,life_expectancy,2021,65.33
Ethiopia,ETH,Least Developed,life_expectancy,2020,65.969
Ethiopia,ETH,Least Developed,life_expectancy,2019,65.741
Ethiopia,ETH,Least Developed,life_expectancy,2018,65.257
Ethiopia,ETH,Least Developed,life_expectancy,2017,64.766
Ethiopia,ETH,Least Developed,life_expectancy,2016,64.162
Ethiopia,ETH,Least Developed,life_expectancy,2015,63.592
Ethiopia,ETH,Least Developed,life_expectancy,2014,62.927
Ethiopia,ETH,Least Developed,life_expectancy,2013,62.161
Ethiopia,ETH,Least Developed,life_expectancy,2012,61.443
Ethiopia,ETH,Least Developed,life_expectancy,2011,60.595
Ethiopia,ETH,Least Developed,life_expectancy,2010,59.709
Ethiopia,ETH,Least Developed,life_expectancy,2009,58.715
Ethiopia,ETH,Least Developed,life_expectancy,2008,57.733
Ethiopia,ETH,Least Developed,life_expectancy,2007,56.566
Ethiopia,ETH,Least Developed,life_expectancy,2006,55.402
Ethiopia,ETH,Least Developed,life_expectancy,2005,54.364
Ethiopia,ETH,Least Developed,life_expectancy,2004,53.735
Ethiopia,ETH,Least Developed,life_expectancy,2003,52.877
Ethiopia,ETH,Least Developed,life_expectancy,2002,52.085
Ethiopia,ETH,Least Developed,life_expectancy,2001,51.428
Ethiopia,ETH,Least Developed,life_expectancy,2000,50.88
Ethiopia,ETH,Least Developed,life_expectancy,1999,49.486
Ethiopia,ETH,Least Developed,life_expectancy,1998,49.785
Ethiopia,ETH,Least Developed,life_expectancy,1997,49.21
Ethiopia,ETH,Least Developed,life_expectancy,1996,48.697
Ethiopia,ETH,Least Developed,life_expectancy,1995,48.156
Ethiopia,ETH,Least Developed,life_expectancy,1994,47.926
Ethiopia,ETH,Least Developed,life_expectancy,1993,47.676
Ethiopia,ETH,Least Developed,life_expectancy,1992,47.279
Ethiopia,ETH,Least Developed,life_expectancy,1991,46.657
Ethiopia,ETH,Least Developed,life_expectancy,1990,45.117
Ethiopia,ETH,Least Developed,life_expectancy,1989,45.644
Ethiopia,ETH,Least Developed,life_expectancy,1988,45.682
Ethiopia,ETH,Least Developed,life_expectancy,1987,45.892
Ethiopia,ETH,Least Developed,life_expectancy,1986,38.371
Ethiopia,ETH,Least Developed,life_expectancy,1985,37.747
Ethiopia,ETH,Least Developed,life_expectancy,1984,36.737
Ethiopia,ETH,Least Developed,life_expectancy,1983,36.319
Ethiopia,ETH,Least Developed,life_expectancy,1982,43.434
Ethiopia,ETH,Least Developed,life_expectancy,1981,43.084
Ethiopia,ETH,Least Developed,life_expectancy,1980,42.815
Ethiopia,ETH,Least Developed,life_expectancy,1979,42.376
Ethiopia,ETH,Least Developed,life_expectancy,1978,41.506
Ethiopia,ETH,Least Developed,life_expectancy,1977,41.397
Ethiopia,ETH,Least Developed,life_expectancy,1976,41.32
Ethiopia,ETH,Least Developed,life_expectancy,1975,38.941
Ethiopia,ETH,Least Developed,life_expectancy,1974,39.083
Ethiopia,ETH,Least Developed,life_expectancy,1973,41.103
Ethiopia,ETH,Least Developed,life_expectancy,1972,41.035
Ethiopia,ETH,Least Developed,life_expectancy,1971,42.216
Ethiopia,ETH,Least Developed,life_expectancy,1970,42.115
Ethiopia,ETH,Least Developed,life_expectancy,1969,42.131
Ethiopia,ETH,Least Developed,life_expectancy,1968,42.092
Ethiopia,ETH,Least Developed,life_expectancy,1967,41.941
Ethiopia,ETH,Least Developed,life_expectancy,1966,39.343
Ethiopia,ETH,Least Developed,life_expectancy,1965,41.413
Ethiopia,ETH,Least Developed,life_expectancy,1964,41.261
Ethiopia,ETH,Least Developed,life_expectancy,1963,40.967
Ethiopia,ETH,Least Developed,life_expectancy,1962,40.531
Ethiopia,ETH,Least Developed,life_expectancy,1961,40.198
Ethiopia,ETH,Least Developed,life_expectancy,1960,39.615
Ethiopia,ETH,Least Developed,population,2025,135472051.0
Ethiopia,ETH,Least Developed,population,2024,132059767.0
Ethiopia,ETH,Least Developed,population,2023,128691692.0
Ethiopia,ETH,Least Developed,population,2022,125384287.0
Ethiopia,ETH,Least Developed,population,2021,122138588.0
Ethiopia,ETH,Least Developed,population,2020,118917671.0
Ethiopia,ETH,Least Developed,population,2019,115737383.0
Ethiopia,ETH,Least Developed,population,2018,112664152.0
Ethiopia,ETH,Least Developed,population,2017,109666481.0
Ethiopia,ETH,Least Developed,population,2016,106718162.0
Ethiopia,ETH,Least Developed,population,2015,103867135.0
Ethiopia,ETH,Least Developed,population,2014,101115610.0
Ethiopia,ETH,Least Developed,population,2013,98438751.0
Ethiopia,ETH,Least Developed,population,2012,95798767.0
Ethiopia,ETH,Least Developed,population,2011,93149970.0
Ethiopia,ETH,Least Developed,population,2010,90538514.0
Ethiopia,ETH,Least Developed,population,2009,88007636.0
Ethiopia,ETH,Least Developed,population,2008,85543668.0
Ethiopia,ETH,Least Developed,population,2007,83103217.0
Ethiopia,ETH,Least Developed,population,2006,80703490.0
Ethiopia,ETH,Least Developed,population,2005,78367470.0
Ethiopia,ETH,Least Developed,population,2004,76077206.0
Ethiopia,ETH,Least Developed,population,2003,73832663.0
Ethiopia,ETH,Least Developed,population,2002,71635517.0
Ethiopia,ETH,Least Developed,population,2001,69487762.0
Ethiopia,ETH,Least Developed,population,2000,67411494.0
Ethiopia,ETH,Least Developed,population,1999,65374561.0
Ethiopia,ETH,Least Developed,population,1998,63363524.0
Ethiopia,ETH,Least Developed,population,1997,61404539.0
Ethiopia,ETH,Least Developed,population,1996,59467635.0
Ethiopia,ETH,Least Developed,population,1995,57537335.0
Ethiopia,ETH,Least Developed,population,1994,55611508.0
Ethiopia,ETH,Least Developed,population,1993,53708891.0
Ethiopia,ETH,Least Developed,population,1992,51853747.0
Ethiopia,ETH,Least Developed,population,1991,49717198.0
Ethiopia,ETH,Least Developed,population,1990,47609755.0
Ethiopia,ETH,Least Developed,population,1989,45879690.0
Ethiopia,ETH,Least Developed,population,1988,44150825.0
Ethiopia,ETH,Least Developed,population,1987,42460039.0
Ethiopia,ETH,Least Developed,population,1986,41037656.0
Ethiopia,ETH,Least Developed,population,1985,39842136.0
Ethiopia,ETH,Least Developed,population,1984,38735722.0
Ethiopia,ETH,Least Developed,population,1983,37740817.0
Ethiopia,ETH,Least Developed,population,1982,36701290.0
Ethiopia,ETH,Least Developed,population,1981,35304012.0
Ethiopia,ETH,Least Developed,population,1980,34428514.0
Ethiopia,ETH,Least Developed,population,1979,34238652.0
Ethiopia,ETH,Least Developed,population,1978,33734592.0
Ethiopia,ETH,Least Developed,population,1977,33167272.0
Ethiopia,ETH,Least Developed,population,1976,32534418.0
Ethiopia,ETH,Least Developed,population,1975,31723252.0
Ethiopia,ETH,Least Developed,population,1974,30957273.0
Ethiopia,ETH,Least Developed,population,1973,30166785.0
Ethiopia,ETH,Least Developed,population,1972,29374608.0
Ethiopia,ETH,Least Developed,population,1971,28600106.0
Ethiopia,ETH,Least Developed,population,1970,27829128.0
Ethiopia,ETH,Least Developed,population,1969,27072571.0
Ethiopia,ETH,Least Developed,population,1968,26337930.0
Ethiopia,ETH,Least Developed,population,1967,25620276.0
Ethiopia,ETH,Least Developed,population,1966,24952689.0
Ethiopia,ETH,Least Developed,population,1965,24310612.0
Ethiopia,ETH,Least Developed,population,1964,23666548.0
Ethiopia,ETH,Least Developed,population,1963,23051637.0
Ethiopia,ETH,Least Developed,population,1962,22465126.0
Ethiopia,ETH,Least Developed,population,1961,21906102.0
Ethiopia,ETH,Least Developed,population,1960,21376693.0
Ethiopia,ETH,Least Developed,school_enrollment,2025,
Ethiopia,ETH,Least Developed,school_enrollment,2024,
Ethiopia,ETH,Least Developed,school_enrollment,2023,
Ethiopia,ETH,Least Developed,school_enrollment,2022,
Ethiopia,ETH,Least Developed,school_enrollment,2021,
Ethiopia,ETH,Least Developed,school_enrollment,2020,
Ethiopia,ETH,Least Developed,school_enrollment,2019,
Ethiopia,ETH,Least Developed,school_enrollment,2018,
Ethiopia,ETH,Least Developed,school_enrollment,2017,
Ethiopia,ETH,Least Developed,school_enrollment,2016,
Ethiopia,ETH,Least Developed,school_enrollment,2015,33.9114221981431
Ethiopia,ETH,Least Developed,school_enrollment,2014,
Ethiopia,ETH,Least Developed,school_enrollment,2013,
Ethiopia,ETH,Least Developed,school_enrollment,2012,36.2193489074707
Ethiopia,ETH,Least Developed,school_enrollment,2011,34.4468994140625
Ethiopia,ETH,Least Developed,school_enrollment,2010,33.0478591918945
Ethiopia,ETH,Least Developed,school_enrollment,2009,31.649019241333
Ethiopia,ETH,Least Developed,school_enrollment,2008,31.3109302520752
Ethiopia,ETH,Least Developed,school_enrollment,2007,30.251350402832
Ethiopia,ETH,Least Developed,school_enrollment,2006,27.4775695800781
Ethiopia,ETH,Least Developed,school_enrollment,2005,23.8548793792725
Ethiopia,ETH,Least Developed,school_enrollment,2004,21.47705078125
Ethiopia,ETH,Least Developed,school_enrollment,2003,19.5667705535889
Ethiopia,ETH,Least Developed,school_enrollment,2002,19.1939201354981
Ethiopia,ETH,Least Developed,school_enrollment,2001,17.3430194854736
Ethiopia,ETH,Least Developed,school_enrollment,2000,14.451319694519
Ethiopia,ETH,Least Developed,school_enrollment,1999,13.2957601547241
Ethiopia,ETH,Least Developed,school_enrollment,1998,
Ethiopia,ETH,Least Developed,school_enrollment,1997,
Ethiopia,ETH,Least Developed,school_enrollment,1996,11.0706901550293
Ethiopia,ETH,Least Developed,school_enrollment,1995,10.4840297698975
Ethiopia,ETH,Least Developed,school_enrollment,1994,10.3277502059937
Ethiopia,ETH,Least Developed,school_enrollment,1993,10.651909828186
Ethiopia,ETH,Least Developed,school_enrollment,1992,11.9716300964356
Ethiopia,ETH,Least Developed,school_enrollment,1991,13.8706998825073
Ethiopia,ETH,Least Developed,school_enrollment,1990,
Ethiopia,ETH,Least Developed,school_enrollment,1989,15.1527500152588
Ethiopia,ETH,Least Developed,school_enrollment,1988,15.1533002853394
Ethiopia,ETH,Least Developed,school_enrollment,1987,13.7807397842407
Ethiopia,ETH,Least Developed,school_enrollment,1986,12.5261001586914
Ethiopia,ETH,Least Developed,school_enrollment,1985,
Ethiopia,ETH,Least Developed,school_enrollment,1984,11.6299104690552
Ethiopia,ETH,Least Developed,school_enrollment,1983,
Ethiopia,ETH,Least Developed,school_enrollment,1982,
Ethiopia,ETH,Least Developed,school_enrollment,1981,
Ethiopia,ETH,Least Developed,school_enrollment,1980,
Ethiopia,ETH,Least Developed,school_enrollment,1979,
Ethiopia,ETH,Least Developed,school_enrollment,1978,
Ethiopia,ETH,Least Developed,school_enrollment,1977,
Ethiopia,ETH,Least Developed,school_enrollment,1976,
Ethiopia,ETH,Least Developed,school_enrollment,1975,
Ethiopia,ETH,Least Developed,school_enrollment,1974,5.24279022216797
Ethiopia,ETH,Least Developed,school_enrollment,1973,4.81599998474121
Ethiopia,ETH,Least Developed,school_enrollment,1972,4.39421987533569
Ethiopia,ETH,Least Developed,school_enrollment,1971,4.09932994842529
Ethiopia,ETH,Least Developed,school_enrollment,1970,
Ethiopia,ETH,Least Developed,school_enrollment,1969,
Ethiopia,ETH,Least Developed,school_enrollment,1968,
Ethiopia,ETH,Least Developed,school_enrollment,1967,
Ethiopia,ETH,Least Developed,school_enrollment,1966,
Ethiopia,ETH,Least Developed,school_enrollment,1965,
Ethiopia,ETH,Least Developed,school_enrollment,1964,
Ethiopia,ETH,Least Developed,school_enrollment,1963,
Ethiopia,ETH,Least Developed,school_enrollment,1962,
Ethiopia,ETH,Least Developed,school_enrollment,1961,
Ethiopia,ETH,Least Developed,school_enrollment,1960,
Ethiopia,ETH,Least Developed,unemployment,2025,3.323
Ethiopia,ETH,Least Developed,unemployment,2024,3.357
Ethiopia,ETH,Least Developed,unemployment,2023,3.375
Ethiopia,ETH,Least Developed,unemployment,2022,3.386
Ethiopia,ETH,Least Developed,unemployment,2021,3.935
Ethiopia,ETH,Least Developed,unemployment,2020,3.998
Ethiopia,ETH,Least Developed,unemployment,2019,2.928
Ethiopia,ETH,Least Developed,unemployment,2018,2.811
Ethiopia,ETH,Least Developed,unemployment,2017,2.665
Ethiopia,ETH,Least Developed,unemployment,2016,2.556
Ethiopia,ETH,Least Developed,unemployment,2015,2.442
Ethiopia,ETH,Least Developed,unemployment,2014,2.361
Ethiopia,ETH,Least Developed,unemployment,2013,2.251
Ethiopia,ETH,Least Developed,unemployment,2012,2.252
Ethiopia,ETH,Least Developed,unemployment,2011,2.27
Ethiopia,ETH,Least Developed,unemployment,2010,2.295
Ethiopia,ETH,Least Developed,unemployment,2009,2.326
Ethiopia,ETH,Least Developed,unemployment,2008,2.326
Ethiopia,ETH,Least Developed,unemployment,2007,2.337
Ethiopia,ETH,Least Developed,unemployment,2006,2.337
Ethiopia,ETH,Least Developed,unemployment,2005,2.497
Ethiopia,ETH,Least Developed,unemployment,2004,2.776
Ethiopia,ETH,Least Developed,unemployment,2003,3.008
Ethiopia,ETH,Least Developed,unemployment,2002,3.054
Ethiopia,ETH,Least Developed,unemployment,2001,3.16
Ethiopia,ETH,Least Developed,unemployment,2000,3.499
Ethiopia,ETH,Least Developed,unemployment,1999,3.714
Ethiopia,ETH,Least Developed,unemployment,1998,3.481
Ethiopia,ETH,Least Developed,unemployment,1997,3.227
Ethiopia,ETH,Least Developed,unemployment,1996,3.121
Ethiopia,ETH,Least Developed,unemployment,1995,3.005
Ethiopia,ETH,Least Developed,unemployment,1994,3.1
Ethiopia,ETH,Least Developed,unemployment,1993,3.252
Ethiopia,ETH,Least Developed,unemployment,1992,3.416
Ethiopia,ETH,Least Developed,unemployment,1991,3.284
Ethiopia,ETH,Least Developed,unemployment,1990,
Ethiopia,ETH,Least Developed,unemployment,1989,
Ethiopia,ETH,Least Developed,unemployment,1988,
Ethiopia,ETH,Least Developed,unemployment,1987,
Ethiopia,ETH,Least Developed,unemployment,1986,
Ethiopia,ETH,Least Developed,unemployment,1985,
Ethiopia,ETH,Least Developed,unemployment,1984,
Ethiopia,ETH,Least Developed,unemployment,1983,
Ethiopia,ETH,Least Developed,unemployment,1982,
Ethiopia,ETH,Least Developed,unemployment,1981,
Ethiopia,ETH,Least Developed,unemployment,1980,
Ethiopia,ETH,Least Developed,unemployment,1979,
Ethiopia,ETH,Least Developed,unemployment,1978,
Ethiopia,ETH,Least Developed,unemployment,1977,
Ethiopia,ETH,Least Developed,unemployment,1976,
Ethiopia,ETH,Least Developed,unemployment,1975,
Ethiopia,ETH,Least Developed,unemployment,1974,
Ethiopia,ETH,Least Developed,unemployment,1973,
Ethiopia,ETH,Least Developed,unemployment,1972,
Ethiopia,ETH,Least Developed,unemployment,1971,
Ethiopia,ETH,Least Developed,unemployment,1970,
Ethiopia,ETH,Least Developed,unemployment,1969,
Ethiopia,ETH,Least Developed,unemployment,1968,
Ethiopia,ETH,Least Developed,unemployment,1967,
Ethiopia,ETH,Least Developed,unemployment,1966,
Ethiopia,ETH,Least Developed,unemployment,1965,
Ethiopia,ETH,Least Developed,unemployment,1964,
Ethiopia,ETH,Least Developed,unemployment,1963,
Ethiopia,ETH,Least Developed,unemployment,1962,
Ethiopia,ETH,Least Developed,unemployment,1961,
Ethiopia,ETH,Least Developed,unemployment,1960,
India,IND,Developing,electricity_access,2025,
India,IND,Developing,electricity_access,2024,99.9
India,IND,Developing,electricity_access,2023,99.5
India,IND,Developing,electricity_access,2022,99.2
India,IND,Developing,electricity_access,2021,99.6
India,IND,Developing,electricity_access,2020,96.5
India,IND,Developing,electricity_access,2019,95.9
India,IND,Developing,electricity_access,2018,95.7
India,IND,Developing,electricity_access,2017,91.8
India,IND,Developing,electricity_access,2016,89.6
India,IND,Developing,electricity_access,2015,88.0
India,IND,Developing,electricity_access,2014,85.1
India,IND,Developing,electricity_access,2013,83.1
India,IND,Developing,electricity_access,2012,79.9
India,IND,Developing,electricity_access,2011,79.5
India,IND,Developing,electricity_access,2010,76.3
India,IND,Developing,electricity_access,2009,75.0
India,IND,Developing,electricity_access,2008,74.1
India,IND,Developing,electricity_access,2007,72.3
India,IND,Developing,electricity_access,2006,67.9
India,IND,Developing,electricity_access,2005,68.8
India,IND,Developing,electricity_access,2004,64.4
India,IND,Developing,electricity_access,2003,65.4
India,IND,Developing,electricity_access,2002,62.3
India,IND,Developing,electricity_access,2001,62.0
India,IND,Developing,electricity_access,2000,60.3
India,IND,Developing,electricity_access,1999,60.1
India,IND,Developing,electricity_access,1998,56.1821327209473
India,IND,Developing,electricity_access,1997,54.5948638916016
India,IND,Developing,electricity_access,1996,53.0035209655762
India,IND,Developing,electricity_access,1995,51.4087753295898
India,IND,Developing,electricity_access,1994,49.8113098144531
India,IND,Developing,electricity_access,1993,50.9
India,IND,Developing,electricity_access,1992,
India,IND,Developing,electricity_access,1991,
India,IND,Developing,electricity_access,1990,
India,IND,Developing,electricity_access,1989,
India,IND,Developing,electricity_access,1988,
India,IND,Developing,electricity_access,1987,
India,IND,Developing,electricity_access,1986,
India,IND,Developing,electricity_access,1985,
India,IND,Developing,electricity_access,1984,
India,IND,Developing,electricity_access,1983,
India,IND,Developing,electricity_access,1982,
India,IND,Developing,electricity_access,1981,
India,IND,Developing,electricity_access,1980,
India,IND,Developing,electricity_access,1979,
India,IND,Developing,electricity_access,1978,
India,IND,Developing,electricity_access,1977,
India,IND,Developing,electricity_access,1976,
India,IND,Developing,electricity_access,1975,
India,IND,Developing,electricity_access,1974,
India,IND,Developing,electricity_access,1973,
India,IND,Developing,electricity_access,1972,
India,IND,Developing,electricity_access,1971,
India,IND,Developing,electricity_access,1970,
India,IND,Developing,electricity_access,1969,
India,IND,Developing,electricity_access,1968,
India,IND,Developing,electricity_access,1967,
India,IND,Developing,electricity_access,1966,
India,IND,Developing,electricity_access,1965,
India,IND,Developing,electricity_access,1964,
India,IND,Developing,electricity_access,1963,
India,IND,Developing,electricity_access,1962,
India,IND,Developing,electricity_access,1961,
India,IND,Developing,electricity_access,1960,
India,IND,Developing,gdp,2025,3956067115771.63
India,IND,Developing,gdp,2024,3760813470500.86
India,IND,Developing,gdp,2023,3500906030644.76
India,IND,Developing,gdp,2022,3249938492013.47
India,IND,Developing,gdp,2021,3167270623260.47
India,IND,Developing,gdp,2020,2674851578587.27
India,IND,Developing,gdp,2019,2835606256558.19
India,IND,Developing,gdp,2018,2702929641648.74
India,IND,Developing,gdp,2017,2651474262755.45
India,IND,Developing,gdp,2016,2294796885663.16
India,IND,Developing,gdp,2015,2103588360044.94
India,IND,Developing,gdp,2014,2039126479154.52
India,IND,Developing,gdp,2013,1856721507621.58
India,IND,Developing,gdp,2012,1827637590410.41
India,IND,Developing,gdp,2011,1823051829894.55
India,IND,Developing,gdp,2010,1675615519484.96
India,IND,Developing,gdp,2009,1341888016994.9
India,IND,Developing,gdp,2008,1198895139005.92
India,IND,Developing,gdp,2007,1216736438834.96
India,IND,Developing,gdp,2006,940259888787.721
India,IND,Developing,gdp,2005,820383763511.445
India,IND,Developing,gdp,2004,709152728830.775
India,IND,Developing,gdp,2003,607700687237.318
India,IND,Developing,gdp,2002,514939140318.756
India,IND,Developing,gdp,2001,485440139204.171
India,IND,Developing,gdp,2000,468395521654.458
India,IND,Developing,gdp,1999,458821052615.79
India,IND,Developing,gdp,1998,421351317224.941
India,IND,Developing,gdp,1997,415867563592.829
India,IND,Developing,gdp,1996,392896866204.516
India,IND,Developing,gdp,1995,360281909643.489
India,IND,Developing,gdp,1994,327274843459.429
India,IND,Developing,gdp,1993,279295648982.529
India,IND,Developing,gdp,1992,288208070278.013
India,IND,Developing,gdp,1991,270105341879.226
India,IND,Developing,gdp,1990,320979026420.035
India,IND,Developing,gdp,1989,296042052944.66
India,IND,Developing,gdp,1988,296589670895.932
India,IND,Developing,gdp,1987,279033584092.223
India,IND,Developing,gdp,1986,248985994040.59
India,IND,Developing,gdp,1985,232511554840.372
India,IND,Developing,gdp,1984,212157645177.652
India,IND,Developing,gdp,1983,218262146413.158
India,IND,Developing,gdp,1982,200715624830.902
India,IND,Developing,gdp,1981,193491368445.573
India,IND,Developing,gdp,1980,186328579302.068
India,IND,Developing,gdp,1979,152995442497.709
India,IND,Developing,gdp,1978,137302319828.995
India,IND,Developing,gdp,1977,121486641441.309
India,IND,Developing,gdp,1976,102716451979.68
India,IND,Developing,gdp,1975,98473832017.3242
India,IND,Developing,gdp,1974,99526597933.6331
India,IND,Developing,gdp,1973,85517673172.5513
India,IND,Developing,gdp,1972,71464700666.9869
India,IND,Developing,gdp,1971,67351404351.833
India,IND,Developing,gdp,1970,62422483054.6667
India,IND,Developing,gdp,1969,58447995017.3333
India,IND,Developing,gdp,1968,53085455870.6667
India,IND,Developing,gdp,1967,50134942204.0
India,IND,Developing,gdp,1966,45581230504.071
India,IND,Developing,gdp,1965,59556105229.0052
India,IND,Developing,gdp,1964,56480289940.9899
India,IND,Developing,gdp,1963,48421923459.1235
India,IND,Developing,gdp,1962,42161481858.0819
India,IND,Developing,gdp,1961,39232435784.0358
India,IND,Developing,gdp,1960,37029883876.1839
India,IND,Developing,gdp_per_capita,2025,2702.47987141553
India,IND,Developing,gdp_per_capita,2024,2591.9916607122
India,IND,Developing,gdp_per_capita,2023,2434.44826340989
India,IND,Developing,gdp_per_capita,2022,2279.98145719369
India,IND,Developing,gdp_per_capita,2021,2239.61384367482
India,IND,Developing,gdp_per_capita,2020,1907.04251637669
India,IND,Developing,gdp_per_capita,2019,2041.42863698585
India,IND,Developing,gdp_per_capita,2018,1966.25455171679
India,IND,Developing,gdp_per_capita,2017,1950.10468280866
India,IND,Developing,gdp_per_capita,2016,1707.50892912243
India,IND,Developing,gdp_per_capita,2015,1583.99815907985
India,IND,Developing,gdp_per_capita,2014,1553.88396075118
India,IND,Developing,gdp_per_capita,2013,1432.84397512195
India,IND,Developing,gdp_per_capita,2012,1429.32199520032
India,IND,Developing,gdp_per_capita,2011,1445.46127486037
India,IND,Developing,gdp_per_capita,2010,1347.51939071367
India,IND,Developing,gdp_per_capita,2009,1094.94974598436
India,IND,Developing,gdp_per_capita,2008,992.519584923828
India,IND,Developing,gdp_per_capita,2007,1021.88707706826
India,IND,Developing,gdp_per_capita,2006,801.668353659022
India,IND,Developing,gdp_per_capita,2005,710.488080408949
India,IND,Developing,gdp_per_capita,2004,624.258826510066
India,IND,Developing,gdp_per_capita,2003,544.143133545002
India,IND,Developing,gdp_per_capita,2002,469.149928973927
India,IND,Developing,gdp_per_capita,2001,450.357900514128
India,IND,Developing,gdp_per_capita,2000,442.750218937263
India,IND,Developing,gdp_per_capita,1999,441.927991436397
India,IND,Developing,gdp_per_capita,1998,413.630864056851
India,IND,Developing,gdp_per_capita,1997,416.228116203753
India,IND,Developing,gdp_per_capita,1996,401.046754673579
India,IND,Developing,gdp_per_capita,1995,375.17600537305
India,IND,Developing,gdp_per_capita,1994,347.73421473994
India,IND,Developing,gdp_per_capita,1993,302.884806246174
India,IND,Developing,gdp_per_capita,1992,319.182472626315
India,IND,Developing,gdp_per_capita,1991,305.574055928592
India,IND,Developing,gdp_per_capita,1990,371.085936203765
India,IND,Developing,gdp_per_capita,1989,349.915155021864
India,IND,Developing,gdp_per_capita,1988,358.484539641693
India,IND,Developing,gdp_per_capita,1987,344.941028293075
India,IND,Developing,gdp_per_capita,1986,314.897116402542
India,IND,Developing,gdp_per_capita,1985,300.928258576378
India,IND,Developing,gdp_per_capita,1984,281.049867840717
India,IND,Developing,gdp_per_capita,1983,295.999773299382
India,IND,Developing,gdp_per_capita,1982,278.65038258267
India,IND,Developing,gdp_per_capita,1981,274.964330768528
India,IND,Developing,gdp_per_capita,1980,271.080945953678
India,IND,Developing,gdp_per_capita,1979,227.958179873426
India,IND,Developing,gdp_per_capita,1978,209.389063573463
India,IND,Developing,gdp_per_capita,1977,189.585568552477
India,IND,Developing,gdp_per_capita,1976,164.119999587322
India,IND,Developing,gdp_per_capita,1975,161.086694022079
India,IND,Developing,gdp_per_capita,1974,166.699661755332
India,IND,Developing,gdp_per_capita,1973,146.568492582405
India,IND,Developing,gdp_per_capita,1972,125.270705961882
India,IND,Developing,gdp_per_capita,1971,120.680595539912
India,IND,Developing,gdp_per_capita,1970,114.35532002008
India,IND,Developing,gdp_per_capita,1969,109.477664384288
India,IND,Developing,gdp_per_capita,1968,101.556802521195
India,IND,Developing,gdp_per_capita,1967,97.9951481214155
India,IND,Developing,gdp_per_capita,1966,91.0276950517841
India,IND,Developing,gdp_per_capita,1965,121.50831902883
India,IND,Developing,gdp_per_capita,1964,117.856430772855
India,IND,Developing,gdp_per_capita,1963,103.435021262932
India,IND,Developing,gdp_per_capita,1962,92.1999583629516
India,IND,Developing,gdp_per_capita,1961,87.8538613470205
India,IND,Developing,gdp_per_capita,1960,84.9328084793106
India,IND,Developing,life_expectancy,2025,
India,IND,Developing,life_expectancy,2024,72.235
India,IND,Developing,life_expectancy,2023,72.003
India,IND,Developing,life_expectancy,2022,71.698
India,IND,Developing,life_expectancy,2021,67.282
India,IND,Developing,life_expectancy,2020,70.156
India,IND,Developing,life_expectancy,2019,70.746
India,IND,Developing,life_expectancy,2018,70.415
India,IND,Developing,life_expectancy,2017,70.068
India,IND,Developing,life_expectancy,2016,69.709
India,IND,Developing,life_expectancy,2015,69.326
India,IND,Developing,life_expectancy,2014,68.932
India,IND,Developing,life_expectancy,2013,68.499
India,IND,Developing,life_expectancy,2012,68.076
India,IND,Developing,life_expectancy,2011,67.623
India,IND,Developing,life_expectancy,2010,67.162
India,IND,Developing,life_expectancy,2009,66.7
India,IND,Developing,life_expectancy,2008,66.247
India,IND,Developing,life_expectancy,2007,65.803
India,IND,Developing,life_expectancy,2006,65.373
India,IND,Developing,life_expectancy,2005,64.939
India,IND,Developing,life_expectancy,2004,64.484
India,IND,Developing,life_expectancy,2003,64.086
India,IND,Developing,life_expectancy,2002,63.649
India,IND,Developing,life_expectancy,2001,63.158
India,IND,Developing,life_expectancy,2000,62.749
India,IND,Developing,life_expectancy,1999,62.284
India,IND,Developing,life_expectancy,1998,61.852
India,IND,Developing,life_expectancy,1997,61.439
India,IND,Developing,life_expectancy,1996,61.027
India,IND,Developing,life_expectancy,1995,60.63
India,IND,Developing,life_expectancy,1994,60.237
India,IND,Developing,life_expectancy,1993,59.823
India,IND,Developing,life_expectancy,1992,59.445
India,IND,Developing,life_expectancy,1991,59.032
India,IND,Developing,life_expectancy,1990,58.618
India,IND,Developing,life_expectancy,1989,58.196
India,IND,Developing,life_expectancy,1988,57.744
India,IND,Developing,life_expectancy,1987,57.291
India,IND,Developing,life_expectancy,1986,56.819
India,IND,Developing,life_expectancy,1985,56.324
India,IND,Developing,life_expectancy,1984,55.813
India,IND,Developing,life_expectancy,1983,55.283
India,IND,Developing,life_expectancy,1982,54.735
India,IND,Developing,life_expectancy,1981,54.173
India,IND,Developing,life_expectancy,1980,53.593
India,IND,Developing,life_expectancy,1979,53.014
India,IND,Developing,life_expectancy,1978,52.42
India,IND,Developing,life_expectancy,1977,51.822
India,IND,Developing,life_expectancy,1976,51.302
India,IND,Developing,life_expectancy,1975,50.761
India,IND,Developing,life_expectancy,1974,50.259
India,IND,Developing,life_expectancy,1973,49.642
India,IND,Developing,life_expectancy,1972,49.213
India,IND,Developing,life_expectancy,1971,48.902
India,IND,Developing,life_expectancy,1970,48.585
India,IND,Developing,life_expectancy,1969,48.26
India,IND,Developing,life_expectancy,1968,47.925
India,IND,Developing,life_expectancy,1967,46.184
India,IND,Developing,life_expectancy,1966,45.884
India,IND,Developing,life_expectancy,1965,45.558
India,IND,Developing,life_expectancy,1964,46.742
India,IND,Developing,life_expectancy,1963,46.458
India,IND,Developing,life_expectancy,1962,46.133
India,IND,Developing,life_expectancy,1961,45.824
India,IND,Developing,life_expectancy,1960,45.61
India,IND,Developing,population,2025,1463865525.0
India,IND,Developing,population,2024,1450935791.0
India,IND,Developing,population,2023,1438069596.0
India,IND,Developing,population,2022,1425423212.0
India,IND,Developing,population,2021,1414203896.0
India,IND,Developing,population,2020,1402617695.0
India,IND,Developing,population,2019,1389030312.0
India,IND,Developing,population,2018,1374659064.0
India,IND,Developing,population,2017,1359657400.0
India,IND,Developing,population,2016,1343944296.0
India,IND,Developing,population,2015,1328024498.0
India,IND,Developing,population,2014,1312277191.0
India,IND,Developing,population,2013,1295829511.0
India,IND,Developing,population,2012,1278674502.0
India,IND,Developing,population,2011,1261224954.0
India,IND,Developing,population,2010,1243481564.0
India,IND,Developing,population,2009,1225524753.0
India,IND,Developing,population,2008,1207930964.0
India,IND,Developing,population,2007,1190676021.0
India,IND,Developing,population,2006,1172878890.0
India,IND,Developing,population,2005,1154676322.0
India,IND,Developing,population,2004,1135991513.0
India,IND,Developing,population,2003,1116803006.0
India,IND,Developing,population,2002,1097600380.0
India,IND,Developing,population,2001,1077898575.0
India,IND,Developing,population,2000,1057922733.0
India,IND,Developing,population,1999,1038225823.0
India,IND,Developing,population,1998,1018665080.0
India,IND,Developing,population,1997,999133762.0
India,IND,Developing,population,1996,979678458.0
India,IND,Developing,population,1995,960301044.0
India,IND,Developing,population,1994,941163767.0
India,IND,Developing,population,1993,922118387.0
India,IND,Developing,population,1992,902957070.0
India,IND,Developing,population,1991,883927600.0
India,IND,Developing,population,1990,864972221.0
India,IND,Developing,population,1989,846039529.0
India,IND,Developing,population,1988,827342990.0
India,IND,Developing,population,1987,808931270.0
India,IND,Developing,population,1986,790689978.0
India,IND,Developing,population,1985,772647793.0
India,IND,Developing,population,1984,754875449.0
India,IND,Developing,population,1983,737372681.0
India,IND,Developing,population,1982,720313473.0
India,IND,Developing,population,1981,703696250.0
India,IND,Developing,population,1980,687354025.0
India,IND,Developing,population,1979,671155747.0
India,IND,Developing,population,1978,655728229.0
India,IND,Developing,population,1977,640801103.0
India,IND,Developing,population,1976,625861883.0
India,IND,Developing,population,1975,611309535.0
India,IND,Developing,population,1974,597041391.0
India,IND,Developing,population,1973,583465598.0
India,IND,Developing,population,1972,570482142.0
India,IND,Developing,population,1971,558096387.0
India,IND,Developing,population,1970,545864268.0
India,IND,Developing,population,1969,533880544.0
India,IND,Developing,population,1968,522716889.0
India,IND,Developing,population,1967,511606372.0
India,IND,Developing,population,1966,500740247.0
India,IND,Developing,population,1965,490140146.0
India,IND,Developing,population,1964,479229598.0
India,IND,Developing,population,1963,468138575.0
India,IND,Developing,population,1962,457283090.0
India,IND,Developing,population,1961,446564729.0
India,IND,Developing,population,1960,435990338.0
India,IND,Developing,school_enrollment,2025,79.594985086469
India,IND,Developing,school_enrollment,2024,78.1058073224606
India,IND,Developing,school_enrollment,2023,78.8639591218839
India,IND,Developing,school_enrollment,2022,81.1778608399708
India,IND,Developing,school_enrollment,2021,80.6246396728944
India,IND,Developing,school_enrollment,2020,77.6271548412386
India,IND,Developing,school_enrollment,2019,75.8716506958008
India,IND,Developing,school_enrollment,2018,76.0025787353516
India,IND,Developing,school_enrollment,2017,74.6743774414062
India,IND,Developing,school_enrollment,2016,75.9372863769531
India,IND,Developing,school_enrollment,2015,74.6113662719727
India,IND,Developing,school_enrollment,2014,74.8887023925781
India,IND,Developing,school_enrollment,2013,69.4771270751953
India,IND,Developing,school_enrollment,2012,69.8089599609375
India,IND,Developing,school_enrollment,2011,67.1251678466797
India,IND,Developing,school_enrollment,2010,64.9475936889648
India,IND,Developing,school_enrollment,2009,61.3603210449219
India,IND,Developing,school_enrollment,2008,62.2119216918945
India,IND,Developing,school_enrollment,2007,59.1478385925293
India,IND,Developing,school_enrollment,2006,56.7859497070312
India,IND,Developing,school_enrollment,2005,55.9314002990723
India,IND,Developing,school_enrollment,2004,53.247371673584
India,IND,Developing,school_enrollment,2003,51.4255714416504
India,IND,Developing,school_enrollment,2002,48.8069381713867
India,IND,Developing,school_enrollment,2001,46.8245811462402
India,IND,Developing,school_enrollment,2000,47.1734390258789
India,IND,Developing,school_enrollment,1999,42.9011917114258
India,IND,Developing,school_enrollment,1998,
India,IND,Developing,school_enrollment,1997,45.3552589416504
India,IND,Developing,school_enrollment,1996,44.8827896118164
India,IND,Developing,school_enrollment,1995,44.9552116394043
India,IND,Developing,school_enrollment,1994,45.1687202453613
India,IND,Developing,school_enrollment,1993,44.8495216369629
India,IND,Developing,school_enrollment,1992,
India,IND,Developing,school_enrollment,1991,
India,IND,Developing,school_enrollment,1990,
India,IND,Developing,school_enrollment,1989,36.8672904968262
India,IND,Developing,school_enrollment,1988,36.7338218688965
India,IND,Developing,school_enrollment,1987,36.7326812744141
India,IND,Developing,school_enrollment,1986,37.1654281616211
India,IND,Developing,school_enrollment,1985,
India,IND,Developing,school_enrollment,1984,35.1355590820312
India,IND,Developing,school_enrollment,1983,33.7834892272949
India,IND,Developing,school_enrollment,1982,31.8075008392334
India,IND,Developing,school_enrollment,1981,30.2948608398438
India,IND,Developing,school_enrollment,1980,28.8213405609131
India,IND,Developing,school_enrollment,1979,
India,IND,Developing,school_enrollment,1978,26.6044902801514
India,IND,Developing,school_enrollment,1977,26.2202491760254
India,IND,Developing,school_enrollment,1976,25.6513690948486
India,IND,Developing,school_enrollment,1975,25.4582901000977
India,IND,Developing,school_enrollment,1974,
India,IND,Developing,school_enrollment,1973,24.7536602020264
India,IND,Developing,school_enrollment,1972,24.3535308837891
India,IND,Developing,school_enrollment,1971,23.9795207977295
India,IND,Developing,school_enrollment,1970,
India,IND,Developing,school_enrollment,1969,
India,IND,Developing,school_enrollment,1968,
India,IND,Developing,school_enrollment,1967,
India,IND,Developing,school_enrollment,1966,
India,IND,Developing,school_enrollment,1965,
India,IND,Developing,school_enrollment,1964,
India,IND,Developing,school_enrollment,1963,
India,IND,Developing,school_enrollment,1962,
India,IND,Developing,school_enrollment,1961,
India,IND,Developing,school_enrollment,1960,
India,IND,Developing,unemployment,2025,4.219
India,IND,Developing,unemployment,2024,4.173
India,IND,Developing,unemployment,2023,4.172
India,IND,Developing,unemployment,2022,4.822
India,IND,Developing,unemployment,2021,6.38
India,IND,Developing,unemployment,2020,7.859
India,IND,Developing,unemployment,2019,6.51
India,IND,Developing,unemployment,2018,7.652
India,IND,Developing,unemployment,2017,7.626
India,IND,Developing,unemployment,2016,7.611
India,IND,Developing,unemployment,2015,7.629
India,IND,Developing,unemployment,2014,7.656
India,IND,Developing,unemployment,2013,7.678
India,IND,Developing,unemployment,2012,7.645
India,IND,Developing,unemployment,2011,7.609
India,IND,Developing,unemployment,2010,7.631
India,IND,Developing,unemployment,2009,7.636
India,IND,Developing,unemployment,2008,7.629
India,IND,Developing,unemployment,2007,7.562
India,IND,Developing,unemployment,2006,7.553
India,IND,Developing,unemployment,2005,7.551
India,IND,Developing,unemployment,2004,7.598
India,IND,Developing,unemployment,2003,7.633
India,IND,Developing,unemployment,2002,7.681
India,IND,Developing,unemployment,2001,7.611
India,IND,Developing,unemployment,2000,7.589
India,IND,Developing,unemployment,1999,7.583
India,IND,Developing,unemployment,1998,7.596
India,IND,Developing,unemployment,1997,7.574
India,IND,Developing,unemployment,1996,7.537
India,IND,Developing,unemployment,1995,7.57
India,IND,Developing,unemployment,1994,7.593
India,IND,Developing,unemployment,1993,7.662
India,IND,Developing,unemployment,1992,7.649
India,IND,Developing,unemployment,1991,7.641
India,IND,Developing,unemployment,1990,
India,IND,Developing,unemployment,1989,
India,IND,Developing,unemployment,1988,
India,IND,Developing,unemployment,1987,
India,IND,Developing,unemployment,1986,
India,IND,Developing,unemployment,1985,
India,IND,Developing,unemployment,1984,
India,IND,Developing,unemployment,1983,
India,IND,Developing,unemployment,1982,
India,IND,Developing,unemployment,1981,
India,IND,Developing,unemployment,1980,
India,IND,Developing,unemployment,1979,
India,IND,Developing,unemployment,1978,
India,IND,Developing,unemployment,1977,
India,IND,Developing,unemployment,1976,
India,IND,Developing,unemployment,1975,
India,IND,Developing,unemployment,1974,
India,IND,Developing,unemployment,1973,
India,IND,Developing,unemployment,1972,
India,IND,Developing,unemployment,1971,
India,IND,Developing,unemployment,1970,
India,IND,Developing,unemployment,1969,
India,IND,Developing,unemployment,1968,
India,IND,Developing,unemployment,1967,
India,IND,Developing,unemployment,1966,
India,IND,Developing,unemployment,1965,
India,IND,Developing,unemployment,1964,
India,IND,Developing,unemployment,1963,
India,IND,Developing,unemployment,1962,
India,IND,Developing,unemployment,1961,
India,IND,Developing,unemployment,1960,
Japan,JPN,Developed,electricity_access,2025,
Japan,JPN,Developed,electricity_access,2024,100.0
Japan,JPN,Developed,electricity_access,2023,100.0
Japan,JPN,Developed,electricity_access,2022,100.0
Japan,JPN,Developed,electricity_access,2021,100.0
Japan,JPN,Developed,electricity_access,2020,100.0
Japan,JPN,Developed,electricity_access,2019,100.0
Japan,JPN,Developed,electricity_access,2018,100.0
Japan,JPN,Developed,electricity_access,2017,100.0
Japan,JPN,Developed,electricity_access,2016,100.0
Japan,JPN,Developed,electricity_access,2015,100.0
Japan,JPN,Developed,electricity_access,2014,100.0
Japan,JPN,Developed,electricity_access,2013,100.0
Japan,JPN,Developed,electricity_access,2012,100.0
Japan,JPN,Developed,electricity_access,2011,100.0
Japan,JPN,Developed,electricity_access,2010,100.0
Japan,JPN,Developed,electricity_access,2009,100.0
Japan,JPN,Developed,electricity_access,2008,100.0
Japan,JPN,Developed,electricity_access,2007,100.0
Japan,JPN,Developed,electricity_access,2006,100.0
Japan,JPN,Developed,electricity_access,2005,100.0
Japan,JPN,Developed,electricity_access,2004,100.0
Japan,JPN,Developed,electricity_access,2003,100.0
Japan,JPN,Developed,electricity_access,2002,100.0
Japan,JPN,Developed,electricity_access,2001,100.0
Japan,JPN,Developed,electricity_access,2000,100.0
Japan,JPN,Developed,electricity_access,1999,100.0
Japan,JPN,Developed,electricity_access,1998,100.0
Japan,JPN,Developed,electricity_access,1997,100.0
Japan,JPN,Developed,electricity_access,1996,100.0
Japan,JPN,Developed,electricity_access,1995,100.0
Japan,JPN,Developed,electricity_access,1994,100.0
Japan,JPN,Developed,electricity_access,1993,100.0
Japan,JPN,Developed,electricity_access,1992,100.0
Japan,JPN,Developed,electricity_access,1991,100.0
Japan,JPN,Developed,electricity_access,1990,100.0
Japan,JPN,Developed,electricity_access,1989,
Japan,JPN,Developed,electricity_access,1988,
Japan,JPN,Developed,electricity_access,1987,
Japan,JPN,Developed,electricity_access,1986,
Japan,JPN,Developed,electricity_access,1985,
Japan,JPN,Developed,electricity_access,1984,
Japan,JPN,Developed,electricity_access,1983,
Japan,JPN,Developed,electricity_access,1982,
Japan,JPN,Developed,electricity_access,1981,
Japan,JPN,Developed,electricity_access,1980,
Japan,JPN,Developed,electricity_access,1979,
Japan,JPN,Developed,electricity_access,1978,
Japan,JPN,Developed,electricity_access,1977,
Japan,JPN,Developed,electricity_access,1976,
Japan,JPN,Developed,electricity_access,1975,
Japan,JPN,Developed,electricity_access,1974,
Japan,JPN,Developed,electricity_access,1973,
Japan,JPN,Developed,electricity_access,1972,
Japan,JPN,Developed,electricity_access,1971,
Japan,JPN,Developed,electricity_access,1970,
Japan,JPN,Developed,electricity_access,1969,
Japan,JPN,Developed,electricity_access,1968,
Japan,JPN,Developed,electricity_access,1967,
Japan,JPN,Developed,electricity_access,1966,
Japan,JPN,Developed,electricity_access,1965,
Japan,JPN,Developed,electricity_access,1964,
Japan,JPN,Developed,electricity_access,1963,
Japan,JPN,Developed,electricity_access,1962,
Japan,JPN,Developed,electricity_access,1961,
Japan,JPN,Developed,electricity_access,1960,
Japan,JPN,Developed,gdp,2025,4435162999976.94
Japan,JPN,Developed,gdp,2024,4190008188358.57
Japan,JPN,Developed,gdp,2023,4384854269961.93
Japan,JPN,Developed,gdp,2022,4447976207314.78
Japan,JPN,Developed,gdp,2021,5225933520753.1
Japan,JPN,Developed,gdp,2020,5189197543645.38
Japan,JPN,Developed,gdp,2019,5245755000479.03
Japan,JPN,Developed,gdp,2018,5154293721629.56
Japan,JPN,Developed,gdp,2017,5038231631660.71
Japan,JPN,Developed,gdp,2016,5110357383254.44
Japan,JPN,Developed,gdp,2015,4534438580494.94
Japan,JPN,Developed,gdp,2014,4985763289560.81
Japan,JPN,Developed,gdp,2013,5272297037396.96
Japan,JPN,Developed,gdp,2012,6333803928787.76
Japan,JPN,Developed,gdp,2011,6279422550218.7
Japan,JPN,Developed,gdp,2010,5811578109447.07
Japan,JPN,Developed,gdp,2009,5336765697589.29
Japan,JPN,Developed,gdp,2008,5160197175876.43
Japan,JPN,Developed,gdp,2007,4624670179654.96
Japan,JPN,Developed,gdp,2006,4648058930707.24
Japan,JPN,Developed,gdp,2005,4875648486366.14
Japan,JPN,Developed,gdp,2004,4941485123806.53
Japan,JPN,Developed,gdp,2003,4573413206709.02
Japan,JPN,Developed,gdp,2002,4245946980572.3
Japan,JPN,Developed,gdp,2001,4438792748062.4
Japan,JPN,Developed,gdp,2000,5042381838343.44
Japan,JPN,Developed,gdp,1999,4688983449627.24
Japan,JPN,Developed,gdp,1998,4150359076370.48
Japan,JPN,Developed,gdp,1997,4579780793431.57
Japan,JPN,Developed,gdp,1996,5021441618840.38
Japan,JPN,Developed,gdp,1995,5639649753985.77
Japan,JPN,Developed,gdp,1994,5104063486348.4
Japan,JPN,Developed,gdp,1993,4632480515091.13
Japan,JPN,Developed,gdp,1992,4064529567505.43
Japan,JPN,Developed,gdp,1991,3724887648862.31
Japan,JPN,Developed,gdp,1990,3252994239867.4
Japan,JPN,Developed,gdp,1989,3174934735895.64
Japan,JPN,Developed,gdp,1988,3191546727316.14
Japan,JPN,Developed,gdp,1987,2635094473494.08
Japan,JPN,Developed,gdp,1986,2164729071349.48
Japan,JPN,Developed,gdp,1985,1457070301468.38
Japan,JPN,Developed,gdp,1984,1374165212365.14
Japan,JPN,Developed,gdp,1983,1297622008229.49
Japan,JPN,Developed,gdp,1982,1183132285328.17
Japan,JPN,Developed,gdp,1981,1271443597066.78
Japan,JPN,Developed,gdp,1980,1153159955513.08
Japan,JPN,Developed,gdp,1979,1100608979757.23
Japan,JPN,Developed,gdp,1978,1057419758047.0
Japan,JPN,Developed,gdp,1977,752590681821.906
Japan,JPN,Developed,gdp,1976,611495350303.909
Japan,JPN,Developed,gdp,1975,544082569363.602
Japan,JPN,Developed,gdp,1974,500355087138.052
Japan,JPN,Developed,gdp,1973,450756970744.018
Japan,JPN,Developed,gdp,1972,331776379991.589
Japan,JPN,Developed,gdp,1971,250530994765.279
Japan,JPN,Developed,gdp,1970,221798003144.444
Japan,JPN,Developed,gdp,1969,188179852752.982
Japan,JPN,Developed,gdp,1968,160201483788.149
Japan,JPN,Developed,gdp,1967,135265319098.216
Japan,JPN,Developed,gdp,1966,115427351851.278
Japan,JPN,Developed,gdp,1965,99387878007.5325
Japan,JPN,Developed,gdp,1964,89332989729.3394
Japan,JPN,Developed,gdp,1963,75945582324.0881
Japan,JPN,Developed,gdp,1962,66356388224.3747
Japan,JPN,Developed,gdp,1961,58472696006.0531
Japan,JPN,Developed,gdp,1960,48417804544.9319
Japan,JPN,Developed,gdp_per_capita,2025,35951.0449549304
Japan,JPN,Developed,gdp_per_capita,2024,33797.1014287876
Japan,JPN,Developed,gdp_per_capita,2023,35215.003535366
Japan,JPN,Developed,gdp_per_capita,2022,35548.2645222433
Japan,JPN,Developed,gdp_per_capita,2021,41580.739040705
Japan,JPN,Developed,gdp_per_capita,2020,41098.9739004553
Japan,JPN,Developed,gdp_per_capita,2019,41424.8655601543
Japan,JPN,Developed,gdp_per_capita,2018,40645.478086519
Japan,JPN,Developed,gdp_per_capita,2017,39679.8635262948
Japan,JPN,Developed,gdp_per_capita,2016,40214.9688631562
Japan,JPN,Developed,gdp_per_capita,2015,35664.6446110613
Japan,JPN,Developed,gdp_per_capita,2014,39172.8471161948
Japan,JPN,Developed,gdp_per_capita,2013,41369.1948479498
Japan,JPN,Developed,gdp_per_capita,2012,49626.6830327571
Japan,JPN,Developed,gdp_per_capita,2011,49122.077634247
Japan,JPN,Developed,gdp_per_capita,2010,45378.1378109399
Japan,JPN,Developed,gdp_per_capita,2009,41678.1783063195
Japan,JPN,Developed,gdp_per_capita,2008,40294.2081309702
Japan,JPN,Developed,gdp_per_capita,2007,36129.9535132925
Japan,JPN,Developed,gdp_per_capita,2006,36354.4271646349
Japan,JPN,Developed,gdp_per_capita,2005,38158.6758263963
Japan,JPN,Developed,gdp_per_capita,2004,38677.5708064787
Japan,JPN,Developed,gdp_per_capita,2003,35808.6816792388
Japan,JPN,Developed,gdp_per_capita,2002,33315.9165174962
Japan,JPN,Developed,gdp_per_capita,2001,34910.166403687
Japan,JPN,Developed,gdp_per_capita,2000,39752.937397755
Japan,JPN,Developed,gdp_per_capita,1999,37028.7168989208
Japan,JPN,Developed,gdp_per_capita,1998,32835.1192750829
Japan,JPN,Developed,gdp_per_capita,1997,36331.0311480645
Japan,JPN,Developed,gdp_per_capita,1996,39929.7185750327
Japan,JPN,Developed,gdp_per_capita,1995,44947.4763611465
Japan,JPN,Developed,gdp_per_capita,1994,40774.4450809919
Japan,JPN,Developed,gdp_per_capita,1993,37110.6114371751
Japan,JPN,Developed,gdp_per_capita,1992,32666.5024513195
Japan,JPN,Developed,gdp_per_capita,1991,30048.1401766828
Japan,JPN,Developed,gdp_per_capita,1990,26344.7273187725
Japan,JPN,Developed,gdp_per_capita,1989,25798.0054757546
Japan,JPN,Developed,gdp_per_capita,1988,26036.864097278
Japan,JPN,Developed,gdp_per_capita,1987,21586.9260294922
Japan,JPN,Developed,gdp_per_capita,1986,17819.3400779496
Japan,JPN,Developed,gdp_per_capita,1985,12058.1469373485
Japan,JPN,Developed,gdp_per_capita,1984,11443.4617086944
Japan,JPN,Developed,gdp_per_capita,1983,10876.3275267125
Japan,JPN,Developed,gdp_per_capita,1982,9985.92408278337
Japan,JPN,Developed,gdp_per_capita,1981,10805.9900652449
Japan,JPN,Developed,gdp_per_capita,1980,9872.35315959728
Japan,JPN,Developed,gdp_per_capita,1979,9497.01423554433
Japan,JPN,Developed,gdp_per_capita,1978,9201.91586719521
Japan,JPN,Developed,gdp_per_capita,1977,6609.09338399173
Japan,JPN,Developed,gdp_per_capita,1976,5422.25981204974
Japan,JPN,Developed,gdp_per_capita,1975,4876.47163169944
Japan,JPN,Developed,gdp_per_capita,1974,4541.99349265674
Japan,JPN,Developed,gdp_per_capita,1973,4146.53123298424
Japan,JPN,Developed,gdp_per_capita,1972,3095.27540388466
Japan,JPN,Developed,gdp_per_capita,1971,2370.27536037237
Japan,JPN,Developed,gdp_per_capita,1970,2144.98615266911
Japan,JPN,Developed,gdp_per_capita,1969,1840.94789376713
Japan,JPN,Developed,gdp_per_capita,1968,1585.98057427556
Japan,JPN,Developed,gdp_per_capita,1967,1354.29188416199
Japan,JPN,Developed,gdp_per_capita,1966,1167.69027982801
Japan,JPN,Developed,gdp_per_capita,1965,1014.65899631996
Japan,JPN,Developed,gdp_per_capita,1964,921.88053754104
Japan,JPN,Developed,gdp_per_capita,1963,791.924737477456
Japan,JPN,Developed,gdp_per_capita,1962,698.981262831415
Japan,JPN,Developed,gdp_per_capita,1961,621.68620494448
Japan,JPN,Developed,gdp_per_capita,1960,519.415170624485
Japan,JPN,Developed,life_expectancy,2025,
Japan,JPN,Developed,life_expectancy,2024,84.0363414634146
Japan,JPN,Developed,life_expectancy,2023,84.0412195121951
Japan,JPN,Developed,life_expectancy,2022,83.9963414634146
Japan,JPN,Developed,life_expectancy,2021,84.4456097560976
Japan,JPN,Developed,life_expectancy,2020,84.56
Japan,JPN,Developed,life_expectancy,2019,84.3563414634146
Japan,JPN,Developed,life_expectancy,2018,84.2109756097561
Japan,JPN,Developed,life_expectancy,2017,84.099756097561
Japan,JPN,Developed,life_expectancy,2016,83.9848780487805
Japan,JPN,Developed,life_expectancy,2015,83.7939024390244
Japan,JPN,Developed,life_expectancy,2014,83.5878048780488
Japan,JPN,Developed,life_expectancy,2013,83.3319512195122
Japan,JPN,Developed,life_expectancy,2012,83.0960975609756
Japan,JPN,Developed,life_expectancy,2011,82.5912195121951
Japan,JPN,Developed,life_expectancy,2010,82.8426829268293
Japan,JPN,Developed,life_expectancy,2009,82.9314634146342
Japan,JPN,Developed,life_expectancy,2008,82.5875609756098
Japan,JPN,Developed,life_expectancy,2007,82.5070731707317
Japan,JPN,Developed,life_expectancy,2006,82.3219512195122
Japan,JPN,Developed,life_expectancy,2005,81.9551219512195
Japan,JPN,Developed,life_expectancy,2004,82.030243902439
Japan,JPN,Developed,life_expectancy,2003,81.76
Japan,JPN,Developed,life_expectancy,2002,81.6907317073171
Japan,JPN,Developed,life_expectancy,2001,81.4163414634146
Japan,JPN,Developed,life_expectancy,2000,81.0760975609756
Japan,JPN,Developed,life_expectancy,1999,80.4609756097561
Japan,JPN,Developed,life_expectancy,1998,80.5014634146342
Japan,JPN,Developed,life_expectancy,1997,80.4241463414634
Japan,JPN,Developed,life_expectancy,1996,80.219756097561
Japan,JPN,Developed,life_expectancy,1995,79.5360975609756
Japan,JPN,Developed,life_expectancy,1994,79.6968292682927
Japan,JPN,Developed,life_expectancy,1993,79.3036585365854
Japan,JPN,Developed,life_expectancy,1992,79.080243902439
Japan,JPN,Developed,life_expectancy,1991,79.0368292682927
Japan,JPN,Developed,life_expectancy,1990,78.8370731707317
Japan,JPN,Developed,life_expectancy,1989,78.7685365853659
Japan,JPN,Developed,life_expectancy,1988,78.349756097561
Japan,JPN,Developed,life_expectancy,1987,78.429512195122
Japan,JPN,Developed,life_expectancy,1986,78.0104878048781
Japan,JPN,Developed,life_expectancy,1985,77.5604878048781
Japan,JPN,Developed,life_expectancy,1984,77.2912195121951
Japan,JPN,Developed,life_expectancy,1983,76.9219512195122
Japan,JPN,Developed,life_expectancy,1982,76.8736585365854
Japan,JPN,Developed,life_expectancy,1981,76.3948780487805
Japan,JPN,Developed,life_expectancy,1980,75.9890243902439
Japan,JPN,Developed,life_expectancy,1979,76.1087804878049
Japan,JPN,Developed,life_expectancy,1978,75.5846341463415
Japan,JPN,Developed,life_expectancy,1977,75.2558536585366
Japan,JPN,Developed,life_expectancy,1976,74.6865853658537
Japan,JPN,Developed,life_expectancy,1975,74.2470731707317
Japan,JPN,Developed,life_expectancy,1974,73.6721951219512
Japan,JPN,Developed,life_expectancy,1973,73.2951219512195
Japan,JPN,Developed,life_expectancy,1972,73.1536585365854
Japan,JPN,Developed,life_expectancy,1971,72.8090243902439
Japan,JPN,Developed,life_expectancy,1970,71.919756097561
Japan,JPN,Developed,life_expectancy,1969,71.8580487804878
Japan,JPN,Developed,life_expectancy,1968,71.6109756097561
Japan,JPN,Developed,life_expectancy,1967,71.4660975609756
Japan,JPN,Developed,life_expectancy,1966,70.9158536585366
Japan,JPN,Developed,life_expectancy,1965,70.2668292682927
Japan,JPN,Developed,life_expectancy,1964,70.2065853658537
Japan,JPN,Developed,life_expectancy,1963,69.7124390243902
Japan,JPN,Developed,life_expectancy,1962,68.6348780487805
Japan,JPN,Developed,life_expectancy,1961,68.3519512195122
Japan,JPN,Developed,life_expectancy,1960,67.6956097560976
Japan,JPN,Developed,population,2025,123366734.0
Japan,JPN,Developed,population,2024,123975371.0
Japan,JPN,Developed,population,2023,124516650.0
Japan,JPN,Developed,population,2022,125124989.0
Japan,JPN,Developed,population,2021,125681593.0
Japan,JPN,Developed,population,2020,126261000.0
Japan,JPN,Developed,population,2019,126633000.0
Japan,JPN,Developed,population,2018,126811000.0
Japan,JPN,Developed,population,2017,126972000.0
Japan,JPN,Developed,population,2016,127076000.0
Japan,JPN,Developed,population,2015,127141000.0
Japan,JPN,Developed,population,2014,127276000.0
Japan,JPN,Developed,population,2013,127445000.0
Japan,JPN,Developed,population,2012,127629000.0
Japan,JPN,Developed,population,2011,127833000.0
Japan,JPN,Developed,population,2010,128070000.0
Japan,JPN,Developed,population,2009,128047000.0
Japan,JPN,Developed,population,2008,128063000.0
Japan,JPN,Developed,population,2007,128001000.0
Japan,JPN,Developed,population,2006,127854000.0
Japan,JPN,Developed,population,2005,127773000.0
Japan,JPN,Developed,population,2004,127761000.0
Japan,JPN,Developed,population,2003,127718000.0
Japan,JPN,Developed,population,2002,127445000.0
Japan,JPN,Developed,population,2001,127149000.0
Japan,JPN,Developed,population,2000,126843000.0
Japan,JPN,Developed,population,1999,126631000.0
Japan,JPN,Developed,population,1998,126400000.0
Japan,JPN,Developed,population,1997,126057000.0
Japan,JPN,Developed,population,1996,125757000.0
Japan,JPN,Developed,population,1995,125472000.0
Japan,JPN,Developed,population,1994,125178000.0
Japan,JPN,Developed,population,1993,124829000.0
Japan,JPN,Developed,population,1992,124425000.0
Japan,JPN,Developed,population,1991,123964000.0
Japan,JPN,Developed,population,1990,123478000.0
Japan,JPN,Developed,population,1989,123069000.0
Japan,JPN,Developed,population,1988,122578000.0
Japan,JPN,Developed,population,1987,122069000.0
Japan,JPN,Developed,population,1986,121482000.0
Japan,JPN,Developed,population,1985,120837000.0
Japan,JPN,Developed,population,1984,120083000.0
Japan,JPN,Developed,population,1983,119307000.0
Japan,JPN,Developed,population,1982,118480000.0
Japan,JPN,Developed,population,1981,117661000.0
Japan,JPN,Developed,population,1980,116807000.0
Japan,JPN,Developed,population,1979,115890000.0
Japan,JPN,Developed,population,1978,114913000.0
Japan,JPN,Developed,population,1977,113872000.0
Japan,JPN,Developed,population,1976,112775000.0
Japan,JPN,Developed,population,1975,111573000.0
Japan,JPN,Developed,population,1974,110162000.0
Japan,JPN,Developed,population,1973,108707000.0
Japan,JPN,Developed,population,1972,107188000.0
Japan,JPN,Developed,population,1971,105697000.0
Japan,JPN,Developed,population,1970,103403000.0
Japan,JPN,Developed,population,1969,102219000.0
Japan,JPN,Developed,population,1968,101011000.0
Japan,JPN,Developed,population,1967,99879000.0
Japan,JPN,Developed,population,1966,98851000.0
Japan,JPN,Developed,population,1965,97952000.0
Japan,JPN,Developed,population,1964,96903000.0
Japan,JPN,Developed,population,1963,95900000.0
Japan,JPN,Developed,population,1962,94933000.0
Japan,JPN,Developed,population,1961,94055000.0
Japan,JPN,Developed,population,1960,93216000.0
Japan,JPN,Developed,school_enrollment,2025,
Japan,JPN,Developed,school_enrollment,2024,
Japan,JPN,Developed,school_enrollment,2023,101.537071228027
Japan,JPN,Developed,school_enrollment,2022,101.38200378418
Japan,JPN,Developed,school_enrollment,2021,101.744400024414
Japan,JPN,Developed,school_enrollment,2020,101.34056854248
Japan,JPN,Developed,school_enrollment,2019,100.660270690918
Japan,JPN,Developed,school_enrollment,2018,100.482200622559
Japan,JPN,Developed,school_enrollment,2017,100.260749816895
Japan,JPN,Developed,school_enrollment,2016,101.296928405762
Japan,JPN,Developed,school_enrollment,2015,101.724517822266
Japan,JPN,Developed,school_enrollment,2014,101.036422729492
Japan,JPN,Developed,school_enrollment,2013,101.049438476562
Japan,JPN,Developed,school_enrollment,2012,
Japan,JPN,Developed,school_enrollment,2011,
Japan,JPN,Developed,school_enrollment,2010,
Japan,JPN,Developed,school_enrollment,2009,
Japan,JPN,Developed,school_enrollment,2008,
Japan,JPN,Developed,school_enrollment,2007,
Japan,JPN,Developed,school_enrollment,2006,
Japan,JPN,Developed,school_enrollment,2005,
Japan,JPN,Developed,school_enrollment,2004,
Japan,JPN,Developed,school_enrollment,2003,
Japan,JPN,Developed,school_enrollment,2002,
Japan,JPN,Developed,school_enrollment,2001,
Japan,JPN,Developed,school_enrollment,2000,
Japan,JPN,Developed,school_enrollment,1999,
Japan,JPN,Developed,school_enrollment,1998,
Japan,JPN,Developed,school_enrollment,1997,
Japan,JPN,Developed,school_enrollment,1996,
Japan,JPN,Developed,school_enrollment,1995,
Japan,JPN,Developed,school_enrollment,1994,
Japan,JPN,Developed,school_enrollment,1993,
Japan,JPN,Developed,school_enrollment,1992,
Japan,JPN,Developed,school_enrollment,1991,
Japan,JPN,Developed,school_enrollment,1990,
Japan,JPN,Developed,school_enrollment,1989,
Japan,JPN,Developed,school_enrollment,1988,
Japan,JPN,Developed,school_enrollment,1987,
Japan,JPN,Developed,school_enrollment,1986,
Japan,JPN,Developed,school_enrollment,1985,
Japan,JPN,Developed,school_enrollment,1984,
Japan,JPN,Developed,school_enrollment,1983,
Japan,JPN,Developed,school_enrollment,1982,
Japan,JPN,Developed,school_enrollment,1981,
Japan,JPN,Developed,school_enrollment,1980,
Japan,JPN,Developed,school_enrollment,1979,
Japan,JPN,Developed,school_enrollment,1978,
Japan,JPN,Developed,school_enrollment,1977,
Japan,JPN,Developed,school_enrollment,1976,
Japan,JPN,Developed,school_enrollment,1975,
Japan,JPN,Developed,school_enrollment,1974,
Japan,JPN,Developed,school_enrollment,1973,
Japan,JPN,Developed,school_enrollment,1972,
Japan,JPN,Developed,school_enrollment,1971,
Japan,JPN,Developed,school_enrollment,1970,
Japan,JPN,Developed,school_enrollment,1969,
Japan,JPN,Developed,school_enrollment,1968,
Japan,JPN,Developed,school_enrollment,1967,
Japan,JPN,Developed,school_enrollment,1966,
Japan,JPN,Developed,school_enrollment,1965,
Japan,JPN,Developed,school_enrollment,1964,
Japan,JPN,Developed,school_enrollment,1963,
Japan,JPN,Developed,school_enrollment,1962,
Japan,JPN,Developed,school_enrollment,1961,
Japan,JPN,Developed,school_enrollment,1960,
Japan,JPN,Developed,unemployment,2025,2.451
Japan,JPN,Developed,unemployment,2024,2.5
Japan,JPN,Developed,unemployment,2023,2.6
Japan,JPN,Developed,unemployment,2022,2.614
Japan,JPN,Developed,unemployment,2021,2.808
Japan,JPN,Developed,unemployment,2020,2.809
Japan,JPN,Developed,unemployment,2019,2.351
Japan,JPN,Developed,unemployment,2018,2.467
Japan,JPN,Developed,unemployment,2017,2.822
Japan,JPN,Developed,unemployment,2016,3.132
Japan,JPN,Developed,unemployment,2015,3.385
Japan,JPN,Developed,unemployment,2014,3.589
Japan,JPN,Developed,unemployment,2013,4.038
Japan,JPN,Developed,unemployment,2012,4.358
Japan,JPN,Developed,unemployment,2011,4.55
Japan,JPN,Developed,unemployment,2010,5.102
Japan,JPN,Developed,unemployment,2009,5.068
Japan,JPN,Developed,unemployment,2008,4.002
Japan,JPN,Developed,unemployment,2007,3.888
Japan,JPN,Developed,unemployment,2006,4.192
Japan,JPN,Developed,unemployment,2005,4.446
Japan,JPN,Developed,unemployment,2004,4.734
Japan,JPN,Developed,unemployment,2003,5.251
Japan,JPN,Developed,unemployment,2002,5.386
Japan,JPN,Developed,unemployment,2001,5.02
Japan,JPN,Developed,unemployment,2000,4.748
Japan,JPN,Developed,unemployment,1999,4.677
Japan,JPN,Developed,unemployment,1998,4.078
Japan,JPN,Developed,unemployment,1997,3.374
Japan,JPN,Developed,unemployment,1996,3.383
Japan,JPN,Developed,unemployment,1995,3.15
Japan,JPN,Developed,unemployment,1994,2.89
Japan,JPN,Developed,unemployment,1993,2.539
Japan,JPN,Developed,unemployment,1992,2.158
Japan,JPN,Developed,unemployment,1991,2.059
Japan,JPN,Developed,unemployment,1990,
Japan,JPN,Developed,unemployment,1989,
Japan,JPN,Developed,unemployment,1988,
Japan,JPN,Developed,unemployment,1987,
Japan,JPN,Developed,unemployment,1986,
Japan,JPN,Developed,unemployment,1985,
Japan,JPN,Developed,unemployment,1984,
Japan,JPN,Developed,unemployment,1983,
Japan,JPN,Developed,unemployment,1982,
Japan,JPN,Developed,unemployment,1981,
Japan,JPN,Developed,unemployment,1980,
Japan,JPN,Developed,unemployment,1979,
Japan,JPN,Developed,unemployment,1978,
Japan,JPN,Developed,unemployment,1977,
Japan,JPN,Developed,unemployment,1976,
Japan,JPN,Developed,unemployment,1975,
Japan,JPN,Developed,unemployment,1974,
Japan,JPN,Developed,unemployment,1973,
Japan,JPN,Developed,unemployment,1972,
Japan,JPN,Developed,unemployment,1971,
Japan,JPN,Developed,unemployment,1970,
Japan,JPN,Developed,unemployment,1969,
Japan,JPN,Developed,unemployment,1968,
Japan,JPN,Developed,unemployment,1967,
Japan,JPN,Developed,unemployment,1966,
Japan,JPN,Developed,unemployment,1965,
Japan,JPN,Developed,unemployment,1964,
Japan,JPN,Developed,unemployment,1963,
Japan,JPN,Developed,unemployment,1962,
Japan,JPN,Developed,unemployment,1961,
Japan,JPN,Developed,unemployment,1960,
Malawi,MWI,Least Developed,electricity_access,2025,
Malawi,MWI,Least Developed,electricity_access,2024,15.6
Malawi,MWI,Least Developed,electricity_access,2023,15.6
Malawi,MWI,Least Developed,electricity_access,2022,14.0
Malawi,MWI,Least Developed,electricity_access,2021,14.2
Malawi,MWI,Least Developed,electricity_access,2020,11.5
Malawi,MWI,Least Developed,electricity_access,2019,11.2
Malawi,MWI,Least Developed,electricity_access,2018,18.0
Malawi,MWI,Least Developed,electricity_access,2017,12.7
Malawi,MWI,Least Developed,electricity_access,2016,11.0
Malawi,MWI,Least Developed,electricity_access,2015,10.8
Malawi,MWI,Least Developed,electricity_access,2014,11.9
Malawi,MWI,Least Developed,electricity_access,2013,9.0
Malawi,MWI,Least Developed,electricity_access,2012,7.4
Malawi,MWI,Least Developed,electricity_access,2011,7.6
Malawi,MWI,Least Developed,electricity_access,2010,8.7
Malawi,MWI,Least Developed,electricity_access,2009,8.3
Malawi,MWI,Least Developed,electricity_access,2008,7.8
Malawi,MWI,Least Developed,electricity_access,2007,7.4
Malawi,MWI,Least Developed,electricity_access,2006,3.7
Malawi,MWI,Least Developed,electricity_access,2005,6.6
Malawi,MWI,Least Developed,electricity_access,2004,6.9
Malawi,MWI,Least Developed,electricity_access,2003,6.2
Malawi,MWI,Least Developed,electricity_access,2002,5.6
Malawi,MWI,Least Developed,electricity_access,2001,5.2
Malawi,MWI,Least Developed,electricity_access,2000,4.8
Malawi,MWI,Least Developed,electricity_access,1999,4.26991271972656
Malawi,MWI,Least Developed,electricity_access,1998,3.82688760757446
Malawi,MWI,Least Developed,electricity_access,1997,3.37902021408081
Malawi,MWI,Least Developed,electricity_access,1996,2.92707347869873
Malawi,MWI,Least Developed,electricity_access,1995,2.47172713279724
Malawi,MWI,Least Developed,electricity_access,1994,2.01366138458252
Malawi,MWI,Least Developed,electricity_access,1993,1.55355584621429
Malawi,MWI,Least Developed,electricity_access,1992,3.2
Malawi,MWI,Least Developed,electricity_access,1991,
Malawi,MWI,Least Developed,electricity_access,1990,
Malawi,MWI,Least Developed,electricity_access,1989,
Malawi,MWI,Least Developed,electricity_access,1988,
Malawi,MWI,Least Developed,electricity_access,1987,
Malawi,MWI,Least Developed,electricity_access,1986,
Malawi,MWI,Least Developed,electricity_access,1985,
Malawi,MWI,Least Developed,electricity_access,1984,
Malawi,MWI,Least Developed,electricity_access,1983,
Malawi,MWI,Least Developed,electricity_access,1982,
Malawi,MWI,Least Developed,electricity_access,1981,
Malawi,MWI,Least Developed,electricity_access,1980,
Malawi,MWI,Least Developed,electricity_access,1979,
Malawi,MWI,Least Developed,electricity_access,1978,
Malawi,MWI,Least Developed,electricity_access,1977,
Malawi,MWI,Least Developed,electricity_access,1976,
Malawi,MWI,Least Developed,electricity_access,1975,
Malawi,MWI,Least Developed,electricity_access,1974,
Malawi,MWI,Least Developed,electricity_access,1973,
Malawi,MWI,Least Developed,electricity_access,1972,
Malawi,MWI,Least Developed,electricity_access,1971,
Malawi,MWI,Least Developed,electricity_access,1970,
Malawi,MWI,Least Developed,electricity_access,1969,
Malawi,MWI,Least Developed,electricity_access,1968,
Malawi,MWI,Least Developed,electricity_access,1967,
Malawi,MWI,Least Developed,electricity_access,1966,
Malawi,MWI,Least Developed,electricity_access,1965,
Malawi,MWI,Least Developed,electricity_access,1964,
Malawi,MWI,Least Developed,electricity_access,1963,
Malawi,MWI,Least Developed,electricity_access,1962,
Malawi,MWI,Least Developed,electricity_access,1961,
Malawi,MWI,Least Developed,electricity_access,1960,
Malawi,MWI,Least Developed,gdp,2025,14918276698.303
Malawi,MWI,Least Developed,gdp,2024,11311971400.3864
Malawi,MWI,Least Developed,gdp,2023,13363669672.9405
Malawi,MWI,Least Developed,gdp,2022,12429059928.102
Malawi,MWI,Least Developed,gdp,2021,12378119199.0839
Malawi,MWI,Least Developed,gdp,2020,11769313597.8545
Malawi,MWI,Least Developed,gdp,2019,11051852712.6142
Malawi,MWI,Least Developed,gdp,2018,9879220354.29186
Malawi,MWI,Least Developed,gdp,2017,8943543793.5839
Malawi,MWI,Least Developed,gdp,2016,7909868618.46366
Malawi,MWI,Least Developed,gdp,2015,9219474379.31534
Malawi,MWI,Least Developed,gdp,2014,8801326169.14547
Malawi,MWI,Least Developed,gdp,2013,8031571927.62055
Malawi,MWI,Least Developed,gdp,2012,8773203178.16512
Malawi,MWI,Least Developed,gdp,2011,11648142958.3651
Malawi,MWI,Least Developed,gdp,2010,10128323010.6049
Malawi,MWI,Least Developed,gdp,2009,9009887946.82039
Malawi,MWI,Least Developed,gdp,2008,7743617352.21427
Malawi,MWI,Least Developed,gdp,2007,6451210219.11683
Malawi,MWI,Least Developed,gdp,2006,5818279739.14354
Malawi,MWI,Least Developed,gdp,2005,5320409651.47544
Malawi,MWI,Least Developed,gdp,2004,5058726350.48896
Malawi,MWI,Least Developed,gdp,2003,4669789300.35662
Malawi,MWI,Least Developed,gdp,2002,5087328437.8737
Malawi,MWI,Least Developed,gdp,2001,2498008664.6691
Malawi,MWI,Least Developed,gdp,2000,2537307580.32808
Malawi,MWI,Least Developed,gdp,1999,2584478924.06081
Malawi,MWI,Least Developed,gdp,1998,2547609590.06984
Malawi,MWI,Least Developed,gdp,1997,3875785863.38323
Malawi,MWI,Least Developed,gdp,1996,3319573749.6119
Malawi,MWI,Least Developed,gdp,1995,2033701497.97085
Malawi,MWI,Least Developed,gdp,1994,1719864761.30628
Malawi,MWI,Least Developed,gdp,1993,3013392657.99911
Malawi,MWI,Least Developed,gdp,1992,2618837835.02508
Malawi,MWI,Least Developed,gdp,1991,3206783830.41779
Malawi,MWI,Least Developed,gdp,1990,2737087861.62245
Malawi,MWI,Least Developed,gdp,1989,2314205129.58032
Malawi,MWI,Least Developed,gdp,1988,2008189508.37875
Malawi,MWI,Least Developed,gdp,1987,1721711808.48111
Malawi,MWI,Least Developed,gdp,1986,1722586299.409
Malawi,MWI,Least Developed,gdp,1985,1646442272.89094
Malawi,MWI,Least Developed,gdp,1984,1758028656.12928
Malawi,MWI,Least Developed,gdp,1983,1780148049.43635
Malawi,MWI,Least Developed,gdp,1982,1717379494.63245
Malawi,MWI,Least Developed,gdp,1981,1801193909.52073
Malawi,MWI,Least Developed,gdp,1980,1801156774.56852
Malawi,MWI,Least Developed,gdp,1979,
Malawi,MWI,Least Developed,gdp,1978,
Malawi,MWI,Least Developed,gdp,1977,
Malawi,MWI,Least Developed,gdp,1976,
Malawi,MWI,Least Developed,gdp,1975,
Malawi,MWI,Least Developed,gdp,1974,
Malawi,MWI,Least Developed,gdp,1973,
Malawi,MWI,Least Developed,gdp,1972,
Malawi,MWI,Least Developed,gdp,1971,
Malawi,MWI,Least Developed,gdp,1970,
Malawi,MWI,Least Developed,gdp,1969,
Malawi,MWI,Least Developed,gdp,1968,
Malawi,MWI,Least Developed,gdp,1967,
Malawi,MWI,Least Developed,gdp,1966,
Malawi,MWI,Least Developed,gdp,1965,
Malawi,MWI,Least Developed,gdp,1964,
Malawi,MWI,Least Developed,gdp,1963,
Malawi,MWI,Least Developed,gdp,1962,
Malawi,MWI,Least Developed,gdp,1961,
Malawi,MWI,Least Developed,gdp,1960,
Malawi,MWI,Least Developed,gdp_per_capita,2025,671.506847203876
Malawi,MWI,Least Developed,gdp_per_capita,2024,522.365366146003
Malawi,MWI,Least Developed,gdp_per_capita,2023,633.214767978695
Malawi,MWI,Least Developed,gdp_per_capita,2022,604.269740360317
Malawi,MWI,Least Developed,gdp_per_capita,2021,617.446994451007
Malawi,MWI,Least Developed,gdp_per_capita,2020,602.507478176106
Malawi,MWI,Least Developed,gdp_per_capita,2019,580.889139762475
Malawi,MWI,Least Developed,gdp_per_capita,2018,533.202567189331
Malawi,MWI,Least Developed,gdp_per_capita,2017,495.769683367165
Malawi,MWI,Least Developed,gdp_per_capita,2016,450.506105510719
Malawi,MWI,Least Developed,gdp_per_capita,2015,539.605363240686
Malawi,MWI,Least Developed,gdp_per_capita,2014,529.5133440206
Malawi,MWI,Least Developed,gdp_per_capita,2013,496.947368267313
Malawi,MWI,Least Developed,gdp_per_capita,2012,558.46208832772
Malawi,MWI,Least Developed,gdp_per_capita,2011,763.061000394572
Malawi,MWI,Least Developed,gdp_per_capita,2010,683.124694716799
Malawi,MWI,Least Developed,gdp_per_capita,2009,625.869729869625
Malawi,MWI,Least Developed,gdp_per_capita,2008,554.048820396119
Malawi,MWI,Least Developed,gdp_per_capita,2007,475.180261659331
Malawi,MWI,Least Developed,gdp_per_capita,2006,440.822149023873
Malawi,MWI,Least Developed,gdp_per_capita,2005,414.361121984475
Malawi,MWI,Least Developed,gdp_per_capita,2004,404.674248445428
Malawi,MWI,Least Developed,gdp_per_capita,2003,383.348596852642
Malawi,MWI,Least Developed,gdp_per_capita,2002,428.210439838398
Malawi,MWI,Least Developed,gdp_per_capita,2001,215.474524898357
Malawi,MWI,Least Developed,gdp_per_capita,2000,224.22415918428
Malawi,MWI,Least Developed,gdp_per_capita,1999,233.935986197873
Malawi,MWI,Least Developed,gdp_per_capita,1998,236.045479450504
Malawi,MWI,Least Developed,gdp_per_capita,1997,366.954461274104
Malawi,MWI,Least Developed,gdp_per_capita,1996,320.662735559137
Malawi,MWI,Least Developed,gdp_per_capita,1995,200.362370007247
Malawi,MWI,Least Developed,gdp_per_capita,1994,169.196526919639
Malawi,MWI,Least Developed,gdp_per_capita,1993,293.016883079922
Malawi,MWI,Least Developed,gdp_per_capita,1992,258.393430877557
Malawi,MWI,Least Developed,gdp_per_capita,1991,325.75273105931
Malawi,MWI,Least Developed,gdp_per_capita,1990,286.730598968269
Malawi,MWI,Least Developed,gdp_per_capita,1989,252.19590741943
Malawi,MWI,Least Developed,gdp_per_capita,1988,229.421843922728
Malawi,MWI,Least Developed,gdp_per_capita,1987,207.605894737179
Malawi,MWI,Least Developed,gdp_per_capita,1986,217.8701899466
Malawi,MWI,Least Developed,gdp_per_capita,1985,216.054136140391
Malawi,MWI,Least Developed,gdp_per_capita,1984,239.74828969103
Malawi,MWI,Least Developed,gdp_per_capita,1983,252.442074600122
Malawi,MWI,Least Developed,gdp_per_capita,1982,253.342697905133
Malawi,MWI,Least Developed,gdp_per_capita,1981,276.407062724717
Malawi,MWI,Least Developed,gdp_per_capita,1980,287.470822426729
Malawi,MWI,Least Developed,gdp_per_capita,1979,
Malawi,MWI,Least Developed,gdp_per_capita,1978,
Malawi,MWI,Least Developed,gdp_per_capita,1977,
Malawi,MWI,Least Developed,gdp_per_capita,1976,
Malawi,MWI,Least Developed,gdp_per_capita,1975,
Malawi,MWI,Least Developed,gdp_per_capita,1974,
Malawi,MWI,Least Developed,gdp_per_capita,1973,
Malawi,MWI,Least Developed,gdp_per_capita,1972,
Malawi,MWI,Least Developed,gdp_per_capita,1971,
Malawi,MWI,Least Developed,gdp_per_capita,1970,
Malawi,MWI,Least Developed,gdp_per_capita,1969,
Malawi,MWI,Least Developed,gdp_per_capita,1968,
Malawi,MWI,Least Developed,gdp_per_capita,1967,
Malawi,MWI,Least Developed,gdp_per_capita,1966,
Malawi,MWI,Least Developed,gdp_per_capita,1965,
Malawi,MWI,Least Developed,gdp_per_capita,1964,
Malawi,MWI,Least Developed,gdp_per_capita,1963,
Malawi,MWI,Least Developed,gdp_per_capita,1962,
Malawi,MWI,Least Developed,gdp_per_capita,1961,
Malawi,MWI,Least Developed,gdp_per_capita,1960,
Malawi,MWI,Least Developed,life_expectancy,2025,
Malawi,MWI,Least Developed,life_expectancy,2024,67.561
Malawi,MWI,Least Developed,life_expectancy,2023,67.353
Malawi,MWI,Least Developed,life_expectancy,2022,66.037
Malawi,MWI,Least Developed,life_expectancy,2021,64.782
Malawi,MWI,Least Developed,life_expectancy,2020,65.216
Malawi,MWI,Least Developed,life_expectancy,2019,64.995
Malawi,MWI,Least Developed,life_expectancy,2018,64.464
Malawi,MWI,Least Developed,life_expectancy,2017,63.914
Malawi,MWI,Least Developed,life_expectancy,2016,63.163
Malawi,MWI,Least Developed,life_expectancy,2015,62.324
Malawi,MWI,Least Developed,life_expectancy,2014,61.651
Malawi,MWI,Least Developed,life_expectancy,2013,60.816
Malawi,MWI,Least Developed,life_expectancy,2012,59.87
Malawi,MWI,Least Developed,life_expectancy,2011,58.859
Malawi,MWI,Least Developed,life_expectancy,2010,57.787
Malawi,MWI,Least Developed,life_expectancy,2009,56.714
Malawi,MWI,Least Developed,life_expectancy,2008,55.715
Malawi,MWI,Least Developed,life_expectancy,2007,54.687
Malawi,MWI,Least Developed,life_expectancy,2006,53.652
Malawi,MWI,Least Developed,life_expectancy,2005,52.469
Malawi,MWI,Least Developed,life_expectancy,2004,51.073
Malawi,MWI,Least Developed,life_expectancy,2003,49.601
Malawi,MWI,Least Developed,life_expectancy,2002,48.176
Malawi,MWI,Least Developed,life_expectancy,2001,47.205
Malawi,MWI,Least Developed,life_expectancy,2000,46.17
Malawi,MWI,Least Developed,life_expectancy,1999,45.06
Malawi,MWI,Least Developed,life_expectancy,1998,44.3
Malawi,MWI,Least Developed,life_expectancy,1997,44.2
Malawi,MWI,Least Developed,life_expectancy,1996,44.005
Malawi,MWI,Least Developed,life_expectancy,1995,43.804
Malawi,MWI,Least Developed,life_expectancy,1994,43.8
Malawi,MWI,Least Developed,life_expectancy,1993,43.648
Malawi,MWI,Least Developed,life_expectancy,1992,43.636
Malawi,MWI,Least Developed,life_expectancy,1991,43.54
Malawi,MWI,Least Developed,life_expectancy,1990,43.575
Malawi,MWI,Least Developed,life_expectancy,1989,43.515
Malawi,MWI,Least Developed,life_expectancy,1988,43.569
Malawi,MWI,Least Developed,life_expectancy,1987,43.902
Malawi,MWI,Least Developed,life_expectancy,1986,44.298
Malawi,MWI,Least Developed,life_expectancy,1985,44.568
Malawi,MWI,Least Developed,life_expectancy,1984,44.807
Malawi,MWI,Least Developed,life_expectancy,1983,44.974
Malawi,MWI,Least Developed,life_expectancy,1982,44.84
Malawi,MWI,Least Developed,life_expectancy,1981,44.72
Malawi,MWI,Least Developed,life_expectancy,1980,44.331
Malawi,MWI,Least Developed,life_expectancy,1979,43.703
Malawi,MWI,Least Developed,life_expectancy,1978,43.002
Malawi,MWI,Least Developed,life_expectancy,1977,41.979
Malawi,MWI,Least Developed,life_expectancy,1976,41.022
Malawi,MWI,Least Developed,life_expectancy,1975,40.079
Malawi,MWI,Least Developed,life_expectancy,1974,39.197
Malawi,MWI,Least Developed,life_expectancy,1973,38.355
Malawi,MWI,Least Developed,life_expectancy,1972,37.608
Malawi,MWI,Least Developed,life_expectancy,1971,37.095
Malawi,MWI,Least Developed,life_expectancy,1970,36.638
Malawi,MWI,Least Developed,life_expectancy,1969,36.301
Malawi,MWI,Least Developed,life_expectancy,1968,36.085
Malawi,MWI,Least Developed,life_expectancy,1967,35.941
Malawi,MWI,Least Developed,life_expectancy,1966,35.831
Malawi,MWI,Least Developed,life_expectancy,1965,35.74
Malawi,MWI,Least Developed,life_expectancy,1964,35.681
Malawi,MWI,Least Developed,life_expectancy,1963,35.643
Malawi,MWI,Least Developed,life_expectancy,1962,35.449
Malawi,MWI,Least Developed,life_expectancy,1961,35.23
Malawi,MWI,Least Developed,life_expectancy,1960,34.986
Malawi,MWI,Least Developed,population,2025,22216120.0
Malawi,MWI,Least Developed,population,2024,21655286.0
Malawi,MWI,Least Developed,population,2023,21104482.0
Malawi,MWI,Least Developed,population,2022,20568728.0
Malawi,MWI,Least Developed,population,2021,20047258.0
Malawi,MWI,Least Developed,population,2020,19533888.0
Malawi,MWI,Least Developed,population,2019,19025752.0
Malawi,MWI,Least Developed,population,2018,18528081.0
Malawi,MWI,Least Developed,population,2017,18039715.0
Malawi,MWI,Least Developed,population,2016,17557739.0
Malawi,MWI,Least Developed,population,2015,17085587.0
Malawi,MWI,Least Developed,population,2014,16621538.0
Malawi,MWI,Least Developed,population,2013,16161816.0
Malawi,MWI,Least Developed,population,2012,15709577.0
Malawi,MWI,Least Developed,population,2011,15265022.0
Malawi,MWI,Least Developed,population,2010,14826463.0
Malawi,MWI,Least Developed,population,2009,14395788.0
Malawi,MWI,Least Developed,population,2008,13976417.0
Malawi,MWI,Least Developed,population,2007,13576343.0
Malawi,MWI,Least Developed,population,2006,13198701.0
Malawi,MWI,Least Developed,population,2005,12840031.0
Malawi,MWI,Least Developed,population,2004,12500737.0
Malawi,MWI,Least Developed,population,2003,12181574.0
Malawi,MWI,Least Developed,population,2002,11880440.0
Malawi,MWI,Least Developed,population,2001,11593058.0
Malawi,MWI,Least Developed,population,2000,11315942.0
Malawi,MWI,Least Developed,population,1999,11047804.0
Malawi,MWI,Least Developed,population,1998,10792876.0
Malawi,MWI,Least Developed,population,1997,10562035.0
Malawi,MWI,Least Developed,population,1996,10352228.0
Malawi,MWI,Least Developed,population,1995,10150117.0
Malawi,MWI,Least Developed,population,1994,10164894.0
Malawi,MWI,Least Developed,population,1993,10284024.0
Malawi,MWI,Least Developed,population,1992,10135079.0
Malawi,MWI,Least Developed,population,1991,9844227.0
Malawi,MWI,Least Developed,population,1990,9545852.0
Malawi,MWI,Least Developed,population,1989,9176220.0
Malawi,MWI,Least Developed,population,1988,8753262.0
Malawi,MWI,Least Developed,population,1987,8293174.0
Malawi,MWI,Least Developed,population,1986,7906480.0
Malawi,MWI,Least Developed,population,1985,7620508.0
Malawi,MWI,Least Developed,population,1984,7332810.0
Malawi,MWI,Least Developed,population,1983,7051709.0
Malawi,MWI,Least Developed,population,1982,6778879.0
Malawi,MWI,Least Developed,population,1981,6516454.0
Malawi,MWI,Least Developed,population,1980,6265529.0
Malawi,MWI,Least Developed,population,1979,6028749.0
Malawi,MWI,Least Developed,population,1978,5810132.0
Malawi,MWI,Least Developed,population,1977,5614983.0
Malawi,MWI,Least Developed,population,1976,5443384.0
Malawi,MWI,Least Developed,population,1975,5287367.0
Malawi,MWI,Least Developed,population,1974,5141337.0
Malawi,MWI,Least Developed,population,1973,5003938.0
Malawi,MWI,Least Developed,population,1972,4874475.0
Malawi,MWI,Least Developed,population,1971,4751434.0
Malawi,MWI,Least Developed,population,1970,4633944.0
Malawi,MWI,Least Developed,population,1969,4521184.0
Malawi,MWI,Least Developed,population,1968,4411054.0
Malawi,MWI,Least Developed,population,1967,4303012.0
Malawi,MWI,Least Developed,population,1966,4197926.0
Malawi,MWI,Least Developed,population,1965,4096157.0
Malawi,MWI,Least Developed,population,1964,3997305.0
Malawi,MWI,Least Developed,population,1963,3900506.0
Malawi,MWI,Least Developed,population,1962,3806307.0
Malawi,MWI,Least Developed,population,1961,3715534.0
Malawi,MWI,Least Developed,population,1960,3628134.0
Malawi,MWI,Least Developed,school_enrollment,2025,
Malawi,MWI,Least Developed,school_enrollment,2024,
Malawi,MWI,Least Developed,school_enrollment,2023,36.644092994481
Malawi,MWI,Least Developed,school_enrollment,2022,35.5084899925617
Malawi,MWI,Least Developed,school_enrollment,2021,35.8885917563293
Malawi,MWI,Least Developed,school_enrollment,2020,41.4565075090498
Malawi,MWI,Least Developed,school_enrollment,2019,35.5212672502146
Malawi,MWI,Least Developed,school_enrollment,2018,38.8324397802949
Malawi,MWI,Least Developed,school_enrollment,2017,39.6154222954854
Malawi,MWI,Least Developed,school_enrollment,2016,38.1843681335449
Malawi,MWI,Least Developed,school_enrollment,2015,39.7291461793841
Malawi,MWI,Least Developed,school_enrollment,2014,39.5435659506335
Malawi,MWI,Least Developed,school_enrollment,2013,37.847295845447
Malawi,MWI,Least Developed,school_enrollment,2012,34.8210140987042
Malawi,MWI,Least Developed,school_enrollment,2011,34.7371599213107
Malawi,MWI,Least Developed,school_enrollment,2010,33.6619814891638
Malawi,MWI,Least Developed,school_enrollment,2009,33.3515281677246
Malawi,MWI,Least Developed,school_enrollment,2008,32.6917381286621
Malawi,MWI,Least Developed,school_enrollment,2007,30.2626094818115
Malawi,MWI,Least Developed,school_enrollment,2006,30.5642108917236
Malawi,MWI,Least Developed,school_enrollment,2005,28.7130393981934
Malawi,MWI,Least Developed,school_enrollment,2004,28.9145393371582
Malawi,MWI,Least Developed,school_enrollment,2003,
Malawi,MWI,Least Developed,school_enrollment,2002,31.3253707885742
Malawi,MWI,Least Developed,school_enrollment,2001,32.2248115539551
Malawi,MWI,Least Developed,school_enrollment,2000,31.0989303588867
Malawi,MWI,Least Developed,school_enrollment,1999,36.4167785644531
Malawi,MWI,Least Developed,school_enrollment,1998,31.6595001220703
Malawi,MWI,Least Developed,school_enrollment,1997,
Malawi,MWI,Least Developed,school_enrollment,1996,24.1506099700928
Malawi,MWI,Least Developed,school_enrollment,1995,23.3880996704102
Malawi,MWI,Least Developed,school_enrollment,1994,15.6898698806763
Malawi,MWI,Least Developed,school_enrollment,1993,17.8164806365967
Malawi,MWI,Least Developed,school_enrollment,1992,19.5548591613769
Malawi,MWI,Least Developed,school_enrollment,1991,17.5205307006836
Malawi,MWI,Least Developed,school_enrollment,1990,17.3963298797607
Malawi,MWI,Least Developed,school_enrollment,1989,17.112190246582
Malawi,MWI,Least Developed,school_enrollment,1988,17.5141105651856
Malawi,MWI,Least Developed,school_enrollment,1987,18.0580005645752
Malawi,MWI,Least Developed,school_enrollment,1986,17.4404106140137
Malawi,MWI,Least Developed,school_enrollment,1985,17.4512100219727
Malawi,MWI,Least Developed,school_enrollment,1984,17.633430480957
Malawi,MWI,Least Developed,school_enrollment,1983,17.2437992095947
Malawi,MWI,Least Developed,school_enrollment,1982,17.4345397949219
Malawi,MWI,Least Developed,school_enrollment,1981,16.7660102844238
Malawi,MWI,Least Developed,school_enrollment,1980,16.4772891998291
Malawi,MWI,Least Developed,school_enrollment,1979,14.5730695724487
Malawi,MWI,Least Developed,school_enrollment,1978,14.4027299880981
Malawi,MWI,Least Developed,school_enrollment,1977,13.640230178833
Malawi,MWI,Least Developed,school_enrollment,1976,12.4856796264648
Malawi,MWI,Least Developed,school_enrollment,1975,12.1427202224731
Malawi,MWI,Least Developed,school_enrollment,1974,10.9094104766846
Malawi,MWI,Least Developed,school_enrollment,1973,11.4785404205322
Malawi,MWI,Least Developed,school_enrollment,1972,10.9785203933716
Malawi,MWI,Least Developed,school_enrollment,1971,
Malawi,MWI,Least Developed,school_enrollment,1970,
Malawi,MWI,Least Developed,school_enrollment,1969,
Malawi,MWI,Least Developed,school_enrollment,1968,
Malawi,MWI,Least Developed,school_enrollment,1967,
Malawi,MWI,Least Developed,school_enrollment,1966,
Malawi,MWI,Least Developed,school_enrollment,1965,
Malawi,MWI,Least Developed,school_enrollment,1964,
Malawi,MWI,Least Developed,school_enrollment,1963,
Malawi,MWI,Least Developed,school_enrollment,1962,
Malawi,MWI,Least Developed,school_enrollment,1961,
Malawi,MWI,Least Developed,school_enrollment,1960,
Malawi,MWI,Least Developed,unemployment,2025,5.072
Malawi,MWI,Least Developed,unemployment,2024,5.051
Malawi,MWI,Least Developed,unemployment,2023,5.009
Malawi,MWI,Least Developed,unemployment,2022,5.02
Malawi,MWI,Least Developed,unemployment,2021,5.652
Malawi,MWI,Least Developed,unemployment,2020,5.72
Malawi,MWI,Least Developed,unemployment,2019,4.964
Malawi,MWI,Least Developed,unemployment,2018,5.021
Malawi,MWI,Least Developed,unemployment,2017,5.046
Malawi,MWI,Least Developed,unemployment,2016,5.011
Malawi,MWI,Least Developed,unemployment,2015,4.953
Malawi,MWI,Least Developed,unemployment,2014,4.967
Malawi,MWI,Least Developed,unemployment,2013,4.978
Malawi,MWI,Least Developed,unemployment,2012,4.949
Malawi,MWI,Least Developed,unemployment,2011,4.829
Malawi,MWI,Least Developed,unemployment,2010,4.78
Malawi,MWI,Least Developed,unemployment,2009,4.732
Malawi,MWI,Least Developed,unemployment,2008,4.796
Malawi,MWI,Least Developed,unemployment,2007,4.876
Malawi,MWI,Least Developed,unemployment,2006,4.954
Malawi,MWI,Least Developed,unemployment,2005,4.935
Malawi,MWI,Least Developed,unemployment,2004,4.964
Malawi,MWI,Least Developed,unemployment,2003,5.165
Malawi,MWI,Least Developed,unemployment,2002,5.248
Malawi,MWI,Least Developed,unemployment,2001,5.221
Malawi,MWI,Least Developed,unemployment,2000,5.045
Malawi,MWI,Least Developed,unemployment,1999,5.002
Malawi,MWI,Least Developed,unemployment,1998,4.921
Malawi,MWI,Least Developed,unemployment,1997,4.69
Malawi,MWI,Least Developed,unemployment,1996,4.94
Malawi,MWI,Least Developed,unemployment,1995,4.895
Malawi,MWI,Least Developed,unemployment,1994,5.368
Malawi,MWI,Least Developed,unemployment,1993,4.988
Malawi,MWI,Least Developed,unemployment,1992,5.064
Malawi,MWI,Least Developed,unemployment,1991,4.9
Malawi,MWI,Least Developed,unemployment,1990,
Malawi,MWI,Least Developed,unemployment,1989,
Malawi,MWI,Least Developed,unemployment,1988,
Malawi,MWI,Least Developed,unemployment,1987,
Malawi,MWI,Least Developed,unemployment,1986,
Malawi,MWI,Least Developed,unemployment,1985,
Malawi,MWI,Least Developed,unemployment,1984,
Malawi,MWI,Least Developed,unemployment,1983,
Malawi,MWI,Least Developed,unemployment,1982,
Malawi,MWI,Least Developed,unemployment,1981,
Malawi,MWI,Least Developed,unemployment,1980,
Malawi,MWI,Least Developed,unemployment,1979,
Malawi,MWI,Least Developed,unemployment,1978,
Malawi,MWI,Least Developed,unemployment,1977,
Malawi,MWI,Least Developed,unemployment,1976,
Malawi,MWI,Least Developed,unemployment,1975,
Malawi,MWI,Least Developed,unemployment,1974,
Malawi,MWI,Least Developed,unemployment,1973,
Malawi,MWI,Least Developed,unemployment,1972,
Malawi,MWI,Least Developed,unemployment,1971,
Malawi,MWI,Least Developed,unemployment,1970,
Malawi,MWI,Least Developed,unemployment,1969,
Malawi,MWI,Least Developed,unemployment,1968,
Malawi,MWI,Least Developed,unemployment,1967,
Malawi,MWI,Least Developed,unemployment,1966,
Malawi,MWI,Least Developed,unemployment,1965,
Malawi,MWI,Least Developed,unemployment,1964,
Malawi,MWI,Least Developed,unemployment,1963,
Malawi,MWI,Least Developed,unemployment,1962,
Malawi,MWI,Least Developed,unemployment,1961,
Malawi,MWI,Least Developed,unemployment,1960,
Nigeria,NGA,Developing,electricity_access,2025,
Nigeria,NGA,Developing,electricity_access,2024,62.5
Nigeria,NGA,Developing,electricity_access,2023,61.2
Nigeria,NGA,Developing,electricity_access,2022,60.5
Nigeria,NGA,Developing,electricity_access,2021,59.5
Nigeria,NGA,Developing,electricity_access,2020,55.4
Nigeria,NGA,Developing,electricity_access,2019,55.4
Nigeria,NGA,Developing,electricity_access,2018,56.5
Nigeria,NGA,Developing,electricity_access,2017,54.4
Nigeria,NGA,Developing,electricity_access,2016,59.3
Nigeria,NGA,Developing,electricity_access,2015,52.5
Nigeria,NGA,Developing,electricity_access,2014,54.2
Nigeria,NGA,Developing,electricity_access,2013,55.6
Nigeria,NGA,Developing,electricity_access,2012,53.0
Nigeria,NGA,Developing,electricity_access,2011,55.9
Nigeria,NGA,Developing,electricity_access,2010,48.0
Nigeria,NGA,Developing,electricity_access,2009,50.0
Nigeria,NGA,Developing,electricity_access,2008,50.3
Nigeria,NGA,Developing,electricity_access,2007,50.1
Nigeria,NGA,Developing,electricity_access,2006,47.6
Nigeria,NGA,Developing,electricity_access,2005,46.8
Nigeria,NGA,Developing,electricity_access,2004,46.1
Nigeria,NGA,Developing,electricity_access,2003,52.2
Nigeria,NGA,Developing,electricity_access,2002,44.6
Nigeria,NGA,Developing,electricity_access,2001,43.9
Nigeria,NGA,Developing,electricity_access,2000,43.2
Nigeria,NGA,Developing,electricity_access,1999,44.9
Nigeria,NGA,Developing,electricity_access,1998,41.2505683898926
Nigeria,NGA,Developing,electricity_access,1997,40.3999824523926
Nigeria,NGA,Developing,electricity_access,1996,39.5453186035156
Nigeria,NGA,Developing,electricity_access,1995,38.6872520446777
Nigeria,NGA,Developing,electricity_access,1994,37.8264694213867
Nigeria,NGA,Developing,electricity_access,1993,36.9636459350586
Nigeria,NGA,Developing,electricity_access,1992,36.0994606018066
Nigeria,NGA,Developing,electricity_access,1991,35.2346000671387
Nigeria,NGA,Developing,electricity_access,1990,27.3
Nigeria,NGA,Developing,electricity_access,1989,
Nigeria,NGA,Developing,electricity_access,1988,
Nigeria,NGA,Developing,electricity_access,1987,
Nigeria,NGA,Developing,electricity_access,1986,
Nigeria,NGA,Developing,electricity_access,1985,
Nigeria,NGA,Developing,electricity_access,1984,
Nigeria,NGA,Developing,electricity_access,1983,
Nigeria,NGA,Developing,electricity_access,1982,
Nigeria,NGA,Developing,electricity_access,1981,
Nigeria,NGA,Developing,electricity_access,1980,
Nigeria,NGA,Developing,electricity_access,1979,
Nigeria,NGA,Developing,electricity_access,1978,
Nigeria,NGA,Developing,electricity_access,1977,
Nigeria,NGA,Developing,electricity_access,1976,
Nigeria,NGA,Developing,electricity_access,1975,
Nigeria,NGA,Developing,electricity_access,1974,
Nigeria,NGA,Developing,electricity_access,1973,
Nigeria,NGA,Developing,electricity_access,1972,
Nigeria,NGA,Developing,electricity_access,1971,
Nigeria,NGA,Developing,electricity_access,1970,
Nigeria,NGA,Developing,electricity_access,1969,
Nigeria,NGA,Developing,electricity_access,1968,
Nigeria,NGA,Developing,electricity_access,1967,
Nigeria,NGA,Developing,electricity_access,1966,
Nigeria,NGA,Developing,electricity_access,1965,
Nigeria,NGA,Developing,electricity_access,1964,
Nigeria,NGA,Developing,electricity_access,1963,
Nigeria,NGA,Developing,electricity_access,1962,
Nigeria,NGA,Developing,electricity_access,1961,
Nigeria,NGA,Developing,electricity_access,1960,
Nigeria,NGA,Developing,gdp,2025,290794361542.112
Nigeria,NGA,Developing,gdp,2024,252261880140.271
Nigeria,NGA,Developing,gdp,2023,487387801877.803
Nigeria,NGA,Developing,gdp,2022,646950257575.455
Nigeria,NGA,Developing,gdp,2021,609147716965.348
Nigeria,NGA,Developing,gdp,2020,598586817817.392
Nigeria,NGA,Developing,gdp,2019,668219992686.575
Nigeria,NGA,Developing,gdp,2018,421739251509.08
Nigeria,NGA,Developing,gdp,2017,375745731053.427
Nigeria,NGA,Developing,gdp,2016,404649125252.16
Nigeria,NGA,Developing,gdp,2015,493026682800.63
Nigeria,NGA,Developing,gdp,2014,574183763411.508
Nigeria,NGA,Developing,gdp,2013,520117180313.906
Nigeria,NGA,Developing,gdp,2012,463971018239.281
Nigeria,NGA,Developing,gdp,2011,414466676831.16
Nigeria,NGA,Developing,gdp,2010,366990417129.04
Nigeria,NGA,Developing,gdp,2009,295008835380.997
Nigeria,NGA,Developing,gdp,2008,339476276257.793
Nigeria,NGA,Developing,gdp,2007,278260846800.103
Nigeria,NGA,Developing,gdp,2006,238454997161.48
Nigeria,NGA,Developing,gdp,2005,175670569969.346
Nigeria,NGA,Developing,gdp,2004,135764731645.611
Nigeria,NGA,Developing,gdp,2003,104738954264.226
Nigeria,NGA,Developing,gdp,2002,95054059302.6995
Nigeria,NGA,Developing,gdp,2001,73557840064.489
Nigeria,NGA,Developing,gdp,2000,69171451627.2465
Nigeria,NGA,Developing,gdp,1999,59145077039.1437
Nigeria,NGA,Developing,gdp,1998,218416200672.727
Nigeria,NGA,Developing,gdp,1997,200850397618.182
Nigeria,NGA,Developing,gdp,1996,185730236700.0
Nigeria,NGA,Developing,gdp,1995,140919776986.364
Nigeria,NGA,Developing,gdp,1994,80399613063.6364
Nigeria,NGA,Developing,gdp,1993,56721051402.4732
Nigeria,NGA,Developing,gdp,1992,52058181853.8055
Nigeria,NGA,Developing,gdp,1991,59526833412.3581
Nigeria,NGA,Developing,gdp,1990,54035795387.8086
Nigeria,NGA,Developing,gdp,1989,44003061108.4005
Nigeria,NGA,Developing,gdp,1988,49648470440.4593
Nigeria,NGA,Developing,gdp,1987,52676041931.1087
Nigeria,NGA,Developing,gdp,1986,54805852580.9129
Nigeria,NGA,Developing,gdp,1985,73745821158.2254
Nigeria,NGA,Developing,gdp,1984,73484359521.4887
Nigeria,NGA,Developing,gdp,1983,97094911792.0489
Nigeria,NGA,Developing,gdp,1982,142769363314.176
Nigeria,NGA,Developing,gdp,1981,164475209515.939
Nigeria,NGA,Developing,gdp,1980,64201788122.6054
Nigeria,NGA,Developing,gdp,1979,47259911894.2731
Nigeria,NGA,Developing,gdp,1978,36527862208.7133
Nigeria,NGA,Developing,gdp,1977,36035407725.3219
Nigeria,NGA,Developing,gdp,1976,36308883248.731
Nigeria,NGA,Developing,gdp,1975,27778934624.6973
Nigeria,NGA,Developing,gdp,1974,24846641318.1242
Nigeria,NGA,Developing,gdp,1973,15162871287.1287
Nigeria,NGA,Developing,gdp,1972,12274416017.7976
Nigeria,NGA,Developing,gdp,1971,9181769911.50443
Nigeria,NGA,Developing,gdp,1970,12546094981.562
Nigeria,NGA,Developing,gdp,1969,6634317346.27306
Nigeria,NGA,Developing,gdp,1968,5200997919.60083
Nigeria,NGA,Developing,gdp,1967,5203237918.70483
Nigeria,NGA,Developing,gdp,1966,6366917453.23302
Nigeria,NGA,Developing,gdp,1965,5874537650.18494
Nigeria,NGA,Developing,gdp,1964,5552931318.82747
Nigeria,NGA,Developing,gdp,1963,5165590253.7639
Nigeria,NGA,Developing,gdp,1962,4909399176.24033
Nigeria,NGA,Developing,gdp,1961,4467287893.08484
Nigeria,NGA,Developing,gdp,1960,4196174501.5302
Nigeria,NGA,Developing,gdp_per_capita,2025,1224.25410237743
Nigeria,NGA,Developing,gdp_per_capita,2024,1084.16041805058
Nigeria,NGA,Developing,gdp_per_capita,2023,2138.76383718757
Nigeria,NGA,Developing,gdp_per_capita,2022,2899.16047469267
Nigeria,NGA,Developing,gdp_per_capita,2021,2787.48779220991
Nigeria,NGA,Developing,gdp_per_capita,2020,2797.184580679
Nigeria,NGA,Developing,gdp_per_capita,2019,3189.81286496183
Nigeria,NGA,Developing,gdp_per_capita,2018,2057.87944554011
Nigeria,NGA,Developing,gdp_per_capita,2017,1876.34027111773
Nigeria,NGA,Developing,gdp_per_capita,2016,2070.4127339595
Nigeria,NGA,Developing,gdp_per_capita,2015,2585.73360671797
Nigeria,NGA,Developing,gdp_per_capita,2014,3088.72131316169
Nigeria,NGA,Developing,gdp_per_capita,2013,2872.79083379398
Nigeria,NGA,Developing,gdp_per_capita,2012,2633.19734671361
Nigeria,NGA,Developing,gdp_per_capita,2011,2418.41316975875
Nigeria,NGA,Developing,gdp_per_capita,2010,2202.25672957344
Nigeria,NGA,Developing,gdp_per_capita,2009,1820.48633854782
Nigeria,NGA,Developing,gdp_per_capita,2008,2154.10543545364
Nigeria,NGA,Developing,gdp_per_capita,2007,1815.52697545827
Nigeria,NGA,Developing,gdp_per_capita,2006,1599.53891556365
Nigeria,NGA,Developing,gdp_per_capita,2005,1211.37703504386
Nigeria,NGA,Developing,gdp_per_capita,2004,962.48104194733
Nigeria,NGA,Developing,gdp_per_capita,2003,763.388745367223
Nigeria,NGA,Developing,gdp_per_capita,2002,712.164852077686
Nigeria,NGA,Developing,gdp_per_capita,2001,566.428231812933
Nigeria,NGA,Developing,gdp_per_capita,2000,547.318298903379
Nigeria,NGA,Developing,gdp_per_capita,1999,480.669363941805
Nigeria,NGA,Developing,gdp_per_capita,1998,1822.46998452473
Nigeria,NGA,Developing,gdp_per_capita,1997,1720.27540949396
Nigeria,NGA,Developing,gdp_per_capita,1996,1632.72469370276
Nigeria,NGA,Developing,gdp_per_capita,1995,1271.61617353199
Nigeria,NGA,Developing,gdp_per_capita,1994,744.884247151377
Nigeria,NGA,Developing,gdp_per_capita,1993,539.573202297542
Nigeria,NGA,Developing,gdp_per_capita,1992,508.515905682785
Nigeria,NGA,Developing,gdp_per_capita,1991,596.938795710722
Nigeria,NGA,Developing,gdp_per_capita,1990,556.376449130902
Nigeria,NGA,Developing,gdp_per_capita,1989,465.488089532188
Nigeria,NGA,Developing,gdp_per_capita,1988,539.539468397166
Nigeria,NGA,Developing,gdp_per_capita,1987,587.956613434089
Nigeria,NGA,Developing,gdp_per_capita,1986,628.248453718536
Nigeria,NGA,Developing,gdp_per_capita,1985,868.640540548893
Nigeria,NGA,Developing,gdp_per_capita,1984,890.434106332302
Nigeria,NGA,Developing,gdp_per_capita,1983,1207.07374565349
Nigeria,NGA,Developing,gdp_per_capita,1982,1821.53265482387
Nigeria,NGA,Developing,gdp_per_capita,1981,2162.20995436075
Nigeria,NGA,Developing,gdp_per_capita,1980,870.359934682057
Nigeria,NGA,Developing,gdp_per_capita,1979,660.994040864293
Nigeria,NGA,Developing,gdp_per_capita,1978,526.895852928476
Nigeria,NGA,Developing,gdp_per_capita,1977,535.965307817329
Nigeria,NGA,Developing,gdp_per_capita,1976,556.389687719878
Nigeria,NGA,Developing,gdp_per_capita,1975,438.078813916795
Nigeria,NGA,Developing,gdp_per_capita,1974,402.836999782685
Nigeria,NGA,Developing,gdp_per_capita,1973,252.369032452868
Nigeria,NGA,Developing,gdp_per_capita,1972,209.454776294345
Nigeria,NGA,Developing,gdp_per_capita,1971,160.479255841113
Nigeria,NGA,Developing,gdp_per_capita,1970,224.46293599595
Nigeria,NGA,Developing,gdp_per_capita,1969,121.436663307697
Nigeria,NGA,Developing,gdp_per_capita,1968,97.3372081255964
Nigeria,NGA,Developing,gdp_per_capita,1967,99.5014906604697
Nigeria,NGA,Developing,gdp_per_capita,1966,124.382440176253
Nigeria,NGA,Developing,gdp_per_capita,1965,117.287226824734
Nigeria,NGA,Developing,gdp_per_capita,1964,113.297345671875
Nigeria,NGA,Developing,gdp_per_capita,1963,107.675741358944
Nigeria,NGA,Developing,gdp_per_capita,1962,104.532495533943
Nigeria,NGA,Developing,gdp_per_capita,1961,97.1375281143562
Nigeria,NGA,Developing,gdp_per_capita,1960,93.1370090424417
Nigeria,NGA,Developing,life_expectancy,2025,
Nigeria,NGA,Developing,life_expectancy,2024,54.635
Nigeria,NGA,Developing,life_expectancy,2023,54.462
Nigeria,NGA,Developing,life_expectancy,2022,54.079
Nigeria,NGA,Developing,life_expectancy,2021,53.455
Nigeria,NGA,Developing,life_expectancy,2020,53.072
Nigeria,NGA,Developing,life_expectancy,2019,53.009
Nigeria,NGA,Developing,life_expectancy,2018,52.669
Nigeria,NGA,Developing,life_expectancy,2017,52.397
Nigeria,NGA,Developing,life_expectancy,2016,52.189
Nigeria,NGA,Developing,life_expectancy,2015,51.939
Nigeria,NGA,Developing,life_expectancy,2014,51.94
Nigeria,NGA,Developing,life_expectancy,2013,51.827
Nigeria,NGA,Developing,life_expectancy,2012,51.688
Nigeria,NGA,Developing,life_expectancy,2011,51.49
Nigeria,NGA,Developing,life_expectancy,2010,51.315
Nigeria,NGA,Developing,life_expectancy,2009,51.08
Nigeria,NGA,Developing,life_expectancy,2008,50.748
Nigeria,NGA,Developing,life_expectancy,2007,50.381
Nigeria,NGA,Developing,life_expectancy,2006,49.876
Nigeria,NGA,Developing,life_expectancy,2005,49.538
Nigeria,NGA,Developing,life_expectancy,2004,49.148
Nigeria,NGA,Developing,life_expectancy,2003,48.618
Nigeria,NGA,Developing,life_expectancy,2002,48.02
Nigeria,NGA,Developing,life_expectancy,2001,47.549
Nigeria,NGA,Developing,life_expectancy,2000,47.143
Nigeria,NGA,Developing,life_expectancy,1999,46.609
Nigeria,NGA,Developing,life_expectancy,1998,46.148
Nigeria,NGA,Developing,life_expectancy,1997,45.96
Nigeria,NGA,Developing,life_expectancy,1996,45.833
Nigeria,NGA,Developing,life_expectancy,1995,45.87
Nigeria,NGA,Developing,life_expectancy,1994,45.748
Nigeria,NGA,Developing,life_expectancy,1993,45.783
Nigeria,NGA,Developing,life_expectancy,1992,45.587
Nigeria,NGA,Developing,life_expectancy,1991,45.483
Nigeria,NGA,Developing,life_expectancy,1990,45.733
Nigeria,NGA,Developing,life_expectancy,1989,45.83
Nigeria,NGA,Developing,life_expectancy,1988,45.834
Nigeria,NGA,Developing,life_expectancy,1987,45.89
Nigeria,NGA,Developing,life_expectancy,1986,45.953
Nigeria,NGA,Developing,life_expectancy,1985,46.193
Nigeria,NGA,Developing,life_expectancy,1984,46.339
Nigeria,NGA,Developing,life_expectancy,1983,46.442
Nigeria,NGA,Developing,life_expectancy,1982,46.437
Nigeria,NGA,Developing,life_expectancy,1981,46.309
Nigeria,NGA,Developing,life_expectancy,1980,45.959
Nigeria,NGA,Developing,life_expectancy,1979,45.738
Nigeria,NGA,Developing,life_expectancy,1978,45.348
Nigeria,NGA,Developing,life_expectancy,1977,44.847
Nigeria,NGA,Developing,life_expectancy,1976,44.186
Nigeria,NGA,Developing,life_expectancy,1975,43.054
Nigeria,NGA,Developing,life_expectancy,1974,42.489
Nigeria,NGA,Developing,life_expectancy,1973,41.831
Nigeria,NGA,Developing,life_expectancy,1972,41.273
Nigeria,NGA,Developing,life_expectancy,1971,40.606
Nigeria,NGA,Developing,life_expectancy,1970,40.008
Nigeria,NGA,Developing,life_expectancy,1969,38.946
Nigeria,NGA,Developing,life_expectancy,1968,38.642
Nigeria,NGA,Developing,life_expectancy,1967,37.497
Nigeria,NGA,Developing,life_expectancy,1966,38.355
Nigeria,NGA,Developing,life_expectancy,1965,38.221
Nigeria,NGA,Developing,life_expectancy,1964,37.98
Nigeria,NGA,Developing,life_expectancy,1963,37.806
Nigeria,NGA,Developing,life_expectancy,1962,37.606
Nigeria,NGA,Developing,life_expectancy,1961,37.427
Nigeria,NGA,Developing,life_expectancy,1960,37.207
Nigeria,NGA,Developing,population,2025,237527782.0
Nigeria,NGA,Developing,population,2024,232679478.0
Nigeria,NGA,Developing,population,2023,227882945.0
Nigeria,NGA,Developing,population,2022,223150896.0
Nigeria,NGA,Developing,population,2021,218529286.0
Nigeria,NGA,Developing,population,2020,213996181.0
Nigeria,NGA,Developing,population,2019,209485641.0
Nigeria,NGA,Developing,population,2018,204938755.0
Nigeria,NGA,Developing,population,2017,200254579.0
Nigeria,NGA,Developing,population,2016,195443700.0
Nigeria,NGA,Developing,population,2015,190671878.0
Nigeria,NGA,Developing,population,2014,185896915.0
Nigeria,NGA,Developing,population,2013,181049443.0
Nigeria,NGA,Developing,population,2012,176200625.0
Nigeria,NGA,Developing,population,2011,171379598.0
Nigeria,NGA,Developing,population,2010,166642886.0
Nigeria,NGA,Developing,population,2009,162049464.0
Nigeria,NGA,Developing,population,2008,157595014.0
Nigeria,NGA,Developing,population,2007,153267261.0
Nigeria,NGA,Developing,population,2006,149077334.0
Nigeria,NGA,Developing,population,2005,145017253.0
Nigeria,NGA,Developing,population,2004,141057045.0
Nigeria,NGA,Developing,population,2003,137202644.0
Nigeria,NGA,Developing,population,2002,133471989.0
Nigeria,NGA,Developing,population,2001,129862595.0
Nigeria,NGA,Developing,population,2000,126382494.0
Nigeria,NGA,Developing,population,1999,123047320.0
Nigeria,NGA,Developing,population,1998,119846254.0
Nigeria,NGA,Developing,population,1997,116754792.0
Nigeria,NGA,Developing,population,1996,113754779.0
Nigeria,NGA,Developing,population,1995,110819428.0
Nigeria,NGA,Developing,population,1994,107935714.0
Nigeria,NGA,Developing,population,1993,105122069.0
Nigeria,NGA,Developing,population,1992,102372770.0
Nigeria,NGA,Developing,population,1991,99720162.0
Nigeria,NGA,Developing,population,1990,97120925.0
Nigeria,NGA,Developing,population,1989,94531014.0
Nigeria,NGA,Developing,population,1988,92020090.0
Nigeria,NGA,Developing,population,1987,89591716.0
Nigeria,NGA,Developing,population,1986,87235953.0
Nigeria,NGA,Developing,population,1985,84897973.0
Nigeria,NGA,Developing,population,1984,82526443.0
Nigeria,NGA,Developing,population,1983,80438260.0
Nigeria,NGA,Developing,population,1982,78378701.0
Nigeria,NGA,Developing,population,1981,76068103.0
Nigeria,NGA,Developing,population,1980,73764641.0
Nigeria,NGA,Developing,population,1979,71498242.0
Nigeria,NGA,Developing,population,1978,69326532.0
Nigeria,NGA,Developing,population,1977,67234590.0
Nigeria,NGA,Developing,population,1976,65258009.0
Nigeria,NGA,Developing,population,1975,63410815.0
Nigeria,NGA,Developing,population,1974,61679144.0
Nigeria,NGA,Developing,population,1973,60082139.0
Nigeria,NGA,Developing,population,1972,58601748.0
Nigeria,NGA,Developing,population,1971,57214684.0
Nigeria,NGA,Developing,population,1970,55893838.0
Nigeria,NGA,Developing,population,1969,54631914.0
Nigeria,NGA,Developing,population,1968,53432783.0
Nigeria,NGA,Developing,population,1967,52293065.0
Nigeria,NGA,Developing,population,1966,51188234.0
Nigeria,NGA,Developing,population,1965,50086764.0
Nigeria,NGA,Developing,population,1964,49012016.0
Nigeria,NGA,Developing,population,1963,47973575.0
Nigeria,NGA,Developing,population,1962,46965292.0
Nigeria,NGA,Developing,population,1961,45989310.0
Nigeria,NGA,Developing,population,1960,45053782.0
Nigeria,NGA,Developing,school_enrollment,2025,
Nigeria,NGA,Developing,school_enrollment,2024,
Nigeria,NGA,Developing,school_enrollment,2023,46.8931503295898
Nigeria,NGA,Developing,school_enrollment,2022,
Nigeria,NGA,Developing,school_enrollment,2021,45.444938659668
Nigeria,NGA,Developing,school_enrollment,2020,44.1220893859863
Nigeria,NGA,Developing,school_enrollment,2019,
Nigeria,NGA,Developing,school_enrollment,2018,40.4885292053223
Nigeria,NGA,Developing,school_enrollment,2017,
Nigeria,NGA,Developing,school_enrollment,2016,39.3068084716797
Nigeria,NGA,Developing,school_enrollment,2015,43.8246917724609
Nigeria,NGA,Developing,school_enrollment,2014,42.7821502685547
Nigeria,NGA,Developing,school_enrollment,2013,52.7967300415039
Nigeria,NGA,Developing,school_enrollment,2012,44.4557914733887
Nigeria,NGA,Developing,school_enrollment,2011,43.0239906311035
Nigeria,NGA,Developing,school_enrollment,2010,41.7837982177734
Nigeria,NGA,Developing,school_enrollment,2009,37.1381416320801
Nigeria,NGA,Developing,school_enrollment,2008,33.6112785339355
Nigeria,NGA,Developing,school_enrollment,2007,30.4232006072998
Nigeria,NGA,Developing,school_enrollment,2006,33.1262817382812
Nigeria,NGA,Developing,school_enrollment,2005,33.7729187011719
Nigeria,NGA,Developing,school_enrollment,2004,33.9481201171875
Nigeria,NGA,Developing,school_enrollment,2003,
Nigeria,NGA,Developing,school_enrollment,2002,28.8738098144531
Nigeria,NGA,Developing,school_enrollment,2001,26.3999805450439
Nigeria,NGA,Developing,school_enrollment,2000,23.9613494873047
Nigeria,NGA,Developing,school_enrollment,1999,22.8324108123779
Nigeria,NGA,Developing,school_enrollment,1998,
Nigeria,NGA,Developing,school_enrollment,1997,
Nigeria,NGA,Developing,school_enrollment,1996,
Nigeria,NGA,Developing,school_enrollment,1995,
Nigeria,NGA,Developing,school_enrollment,1994,
Nigeria,NGA,Developing,school_enrollment,1993,
Nigeria,NGA,Developing,school_enrollment,1992,
Nigeria,NGA,Developing,school_enrollment,1991,
Nigeria,NGA,Developing,school_enrollment,1990,23.9810009002686
Nigeria,NGA,Developing,school_enrollment,1989,23.6370792388916
Nigeria,NGA,Developing,school_enrollment,1988,
Nigeria,NGA,Developing,school_enrollment,1987,26.8306694030762
Nigeria,NGA,Developing,school_enrollment,1986,26.9905109405518
Nigeria,NGA,Developing,school_enrollment,1985,29.1342906951904
Nigeria,NGA,Developing,school_enrollment,1984,28.75705909729
Nigeria,NGA,Developing,school_enrollment,1983,25.0670204162598
Nigeria,NGA,Developing,school_enrollment,1982,21.0725994110107
Nigeria,NGA,Developing,school_enrollment,1981,17.2738208770752
Nigeria,NGA,Developing,school_enrollment,1980,13.870659828186
Nigeria,NGA,Developing,school_enrollment,1979,11.1410799026489
Nigeria,NGA,Developing,school_enrollment,1978,9.1794900894165
Nigeria,NGA,Developing,school_enrollment,1977,7.78704977035522
Nigeria,NGA,Developing,school_enrollment,1976,
Nigeria,NGA,Developing,school_enrollment,1975,
Nigeria,NGA,Developing,school_enrollment,1974,
Nigeria,NGA,Developing,school_enrollment,1973,6.01967000961304
Nigeria,NGA,Developing,school_enrollment,1972,5.39129018783569
Nigeria,NGA,Developing,school_enrollment,1971,4.84703016281128
Nigeria,NGA,Developing,school_enrollment,1970,4.47895002365112
Nigeria,NGA,Developing,school_enrollment,1969,
Nigeria,NGA,Developing,school_enrollment,1968,
Nigeria,NGA,Developing,school_enrollment,1967,
Nigeria,NGA,Developing,school_enrollment,1966,
Nigeria,NGA,Developing,school_enrollment,1965,
Nigeria,NGA,Developing,school_enrollment,1964,
Nigeria,NGA,Developing,school_enrollment,1963,
Nigeria,NGA,Developing,school_enrollment,1962,
Nigeria,NGA,Developing,school_enrollment,1961,
Nigeria,NGA,Developing,school_enrollment,1960,
Nigeria,NGA,Developing,unemployment,2025,3.064
Nigeria,NGA,Developing,unemployment,2024,3.045
Nigeria,NGA,Developing,unemployment,2023,3.074
Nigeria,NGA,Developing,unemployment,2022,3.827
Nigeria,NGA,Developing,unemployment,2021,5.404
Nigeria,NGA,Developing,unemployment,2020,5.714
Nigeria,NGA,Developing,unemployment,2019,5.206
Nigeria,NGA,Developing,unemployment,2018,5.069
Nigeria,NGA,Developing,unemployment,2017,4.83
Nigeria,NGA,Developing,unemployment,2016,4.499
Nigeria,NGA,Developing,unemployment,2015,4.134
Nigeria,NGA,Developing,unemployment,2014,3.9
Nigeria,NGA,Developing,unemployment,2013,3.711
Nigeria,NGA,Developing,unemployment,2012,3.761
Nigeria,NGA,Developing,unemployment,2011,3.77
Nigeria,NGA,Developing,unemployment,2010,3.744
Nigeria,NGA,Developing,unemployment,2009,3.763
Nigeria,NGA,Developing,unemployment,2008,3.792
Nigeria,NGA,Developing,unemployment,2007,3.794
Nigeria,NGA,Developing,unemployment,2006,3.749
Nigeria,NGA,Developing,unemployment,2005,3.727
Nigeria,NGA,Developing,unemployment,2004,3.59
Nigeria,NGA,Developing,unemployment,2003,3.637
Nigeria,NGA,Developing,unemployment,2002,3.669
Nigeria,NGA,Developing,unemployment,2001,3.9
Nigeria,NGA,Developing,unemployment,2000,3.953
Nigeria,NGA,Developing,unemployment,1999,3.986
Nigeria,NGA,Developing,unemployment,1998,3.922
Nigeria,NGA,Developing,unemployment,1997,3.964
Nigeria,NGA,Developing,unemployment,1996,4.043
Nigeria,NGA,Developing,unemployment,1995,4.152
Nigeria,NGA,Developing,unemployment,1994,4.064
Nigeria,NGA,Developing,unemployment,1993,4.023
Nigeria,NGA,Developing,unemployment,1992,3.79
Nigeria,NGA,Developing,unemployment,1991,3.831
Nigeria,NGA,Developing,unemployment,1990,
Nigeria,NGA,Developing,unemployment,1989,
Nigeria,NGA,Developing,unemployment,1988,
Nigeria,NGA,Developing,unemployment,1987,
Nigeria,NGA,Developing,unemployment,1986,
Nigeria,NGA,Developing,unemployment,1985,
Nigeria,NGA,Developing,unemployment,1984,
Nigeria,NGA,Developing,unemployment,1983,
Nigeria,NGA,Developing,unemployment,1982,
Nigeria,NGA,Developing,unemployment,1981,
Nigeria,NGA,Developing,unemployment,1980,
Nigeria,NGA,Developing,unemployment,1979,
Nigeria,NGA,Developing,unemployment,1978,
Nigeria,NGA,Developing,unemployment,1977,
Nigeria,NGA,Developing,unemployment,1976,
Nigeria,NGA,Developing,unemployment,1975,
Nigeria,NGA,Developing,unemployment,1974,
Nigeria,NGA,Developing,unemployment,1973,
Nigeria,NGA,Developing,unemployment,1972,
Nigeria,NGA,Developing,unemployment,1971,
Nigeria,NGA,Developing,unemployment,1970,
Nigeria,NGA,Developing,unemployment,1969,
Nigeria,NGA,Developing,unemployment,1968,
Nigeria,NGA,Developing,unemployment,1967,
Nigeria,NGA,Developing,unemployment,1966,
Nigeria,NGA,Developing,unemployment,1965,
Nigeria,NGA,Developing,unemployment,1964,
Nigeria,NGA,Developing,unemployment,1963,
Nigeria,NGA,Developing,unemployment,1962,
Nigeria,NGA,Developing,unemployment,1961,
Nigeria,NGA,Developing,unemployment,1960,
Nepal,NPL,Least Developed,electricity_access,2025,
Nepal,NPL,Least Developed,electricity_access,2024,97.9
Nepal,NPL,Least Developed,electricity_access,2023,94.0
Nepal,NPL,Least Developed,electricity_access,2022,91.3
Nepal,NPL,Least Developed,electricity_access,2021,89.9
Nepal,NPL,Least Developed,electricity_access,2020,89.9
Nepal,NPL,Least Developed,electricity_access,2019,89.9
Nepal,NPL,Least Developed,electricity_access,2018,93.9
Nepal,NPL,Least Developed,electricity_access,2017,86.6
Nepal,NPL,Least Developed,electricity_access,2016,90.7
Nepal,NPL,Least Developed,electricity_access,2015,82.0
Nepal,NPL,Least Developed,electricity_access,2014,84.9
Nepal,NPL,Least Developed,electricity_access,2013,77.4
Nepal,NPL,Least Developed,electricity_access,2012,75.2
Nepal,NPL,Least Developed,electricity_access,2011,67.3
Nepal,NPL,Least Developed,electricity_access,2010,68.6
Nepal,NPL,Least Developed,electricity_access,2009,59.3
Nepal,NPL,Least Developed,electricity_access,2008,56.0
Nepal,NPL,Least Developed,electricity_access,2007,52.6
Nepal,NPL,Least Developed,electricity_access,2006,51.2
Nepal,NPL,Least Developed,electricity_access,2005,46.1
Nepal,NPL,Least Developed,electricity_access,2004,37.2
Nepal,NPL,Least Developed,electricity_access,2003,39.6
Nepal,NPL,Least Developed,electricity_access,2002,36.4
Nepal,NPL,Least Developed,electricity_access,2001,24.6
Nepal,NPL,Least Developed,electricity_access,2000,29.9
Nepal,NPL,Least Developed,electricity_access,1999,25.3273544311523
Nepal,NPL,Least Developed,electricity_access,1998,21.7325325012207
Nepal,NPL,Least Developed,electricity_access,1997,18.1328678131104
Nepal,NPL,Least Developed,electricity_access,1996,17.9
Nepal,NPL,Least Developed,electricity_access,1995,
Nepal,NPL,Least Developed,electricity_access,1994,
Nepal,NPL,Least Developed,electricity_access,1993,
Nepal,NPL,Least Developed,electricity_access,1992,
Nepal,NPL,Least Developed,electricity_access,1991,
Nepal,NPL,Least Developed,electricity_access,1990,
Nepal,NPL,Least Developed,electricity_access,1989,
Nepal,NPL,Least Developed,electricity_access,1988,
Nepal,NPL,Least Developed,electricity_access,1987,
Nepal,NPL,Least Developed,electricity_access,1986,
Nepal,NPL,Least Developed,electricity_access,1985,
Nepal,NPL,Least Developed,electricity_access,1984,
Nepal,NPL,Least Developed,electricity_access,1983,
Nepal,NPL,Least Developed,electricity_access,1982,
Nepal,NPL,Least Developed,electricity_access,1981,
Nepal,NPL,Least Developed,electricity_access,1980,
Nepal,NPL,Least Developed,electricity_access,1979,
Nepal,NPL,Least Developed,electricity_access,1978,
Nepal,NPL,Least Developed,electricity_access,1977,
Nepal,NPL,Least Developed,electricity_access,1976,
Nepal,NPL,Least Developed,electricity_access,1975,
Nepal,NPL,Least Developed,electricity_access,1974,
Nepal,NPL,Least Developed,electricity_access,1973,
Nepal,NPL,Least Developed,electricity_access,1972,
Nepal,NPL,Least Developed,electricity_access,1971,
Nepal,NPL,Least Developed,electricity_access,1970,
Nepal,NPL,Least Developed,electricity_access,1969,
Nepal,NPL,Least Developed,electricity_access,1968,
Nepal,NPL,Least Developed,electricity_access,1967,
Nepal,NPL,Least Developed,electricity_access,1966,
Nepal,NPL,Least Developed,electricity_access,1965,
Nepal,NPL,Least Developed,electricity_access,1964,
Nepal,NPL,Least Developed,electricity_access,1963,
Nepal,NPL,Least Developed,electricity_access,1962,
Nepal,NPL,Least Developed,electricity_access,1961,
Nepal,NPL,Least Developed,electricity_access,1960,
Nepal,NPL,Least Developed,gdp,2025,45489810283.1132
Nepal,NPL,Least Developed,gdp,2024,43298911699.9284
Nepal,NPL,Least Developed,gdp,2023,41049329851.0546
Nepal,NPL,Least Developed,gdp,2022,41182939519.8161
Nepal,NPL,Least Developed,gdp,2021,36924841394.2605
Nepal,NPL,Least Developed,gdp,2020,33433659301.2466
Nepal,NPL,Least Developed,gdp,2019,34186180699.0255
Nepal,NPL,Least Developed,gdp,2018,33111525237.149
Nepal,NPL,Least Developed,gdp,2017,28971588940.364
Nepal,NPL,Least Developed,gdp,2016,24524109483.5293
Nepal,NPL,Least Developed,gdp,2015,24360801286.7638
Nepal,NPL,Least Developed,gdp,2014,22731612922.1906
Nepal,NPL,Least Developed,gdp,2013,22162204924.5726
Nepal,NPL,Least Developed,gdp,2012,21703100877.1309
Nepal,NPL,Least Developed,gdp,2011,21573872420.7008
Nepal,NPL,Least Developed,gdp,2010,16002656434.4746
Nepal,NPL,Least Developed,gdp,2009,12854985464.0764
Nepal,NPL,Least Developed,gdp,2008,12545438605.3959
Nepal,NPL,Least Developed,gdp,2007,10325618017.379
Nepal,NPL,Least Developed,gdp,2006,9043715355.8881
Nepal,NPL,Least Developed,gdp,2005,8130258377.90964
Nepal,NPL,Least Developed,gdp,2004,7273938314.71988
Nepal,NPL,Least Developed,gdp,2003,6330473096.54071
Nepal,NPL,Least Developed,gdp,2002,6050875806.66403
Nepal,NPL,Least Developed,gdp,2001,6007055042.17687
Nepal,NPL,Least Developed,gdp,2000,5494252207.90502
Nepal,NPL,Least Developed,gdp,1999,5033642384.10596
Nepal,NPL,Least Developed,gdp,1998,4856255044.39064
Nepal,NPL,Least Developed,gdp,1997,4918691916.53516
Nepal,NPL,Least Developed,gdp,1996,4521580381.47139
Nepal,NPL,Least Developed,gdp,1995,4401104417.67068
Nepal,NPL,Least Developed,gdp,1994,4066775510.20408
Nepal,NPL,Least Developed,gdp,1993,3660041666.66667
Nepal,NPL,Least Developed,gdp,1992,3401211581.29176
Nepal,NPL,Least Developed,gdp,1991,3921476084.89072
Nepal,NPL,Least Developed,gdp,1990,3627560239.48997
Nepal,NPL,Least Developed,gdp,1989,3525225786.58691
Nepal,NPL,Least Developed,gdp,1988,3487009748.35638
Nepal,NPL,Least Developed,gdp,1987,2957255379.54315
Nepal,NPL,Least Developed,gdp,1986,2850782044.04306
Nepal,NPL,Least Developed,gdp,1985,2619913955.51556
Nepal,NPL,Least Developed,gdp,1984,2581207387.79709
Nepal,NPL,Least Developed,gdp,1983,2447174803.37791
Nepal,NPL,Least Developed,gdp,1982,2395423741.79762
Nepal,NPL,Least Developed,gdp,1981,2275583316.66667
Nepal,NPL,Least Developed,gdp,1980,1945916583.33333
Nepal,NPL,Least Developed,gdp,1979,1851250008.33333
Nepal,NPL,Least Developed,gdp,1978,1604162497.45945
Nepal,NPL,Least Developed,gdp,1977,1382400000.0
Nepal,NPL,Least Developed,gdp,1976,1452788984.86265
Nepal,NPL,Least Developed,gdp,1975,1575789254.46938
Nepal,NPL,Least Developed,gdp,1974,1217953546.97604
Nepal,NPL,Least Developed,gdp,1973,972101724.995368
Nepal,NPL,Least Developed,gdp,1972,1024098400.35619
Nepal,NPL,Least Developed,gdp,1971,882765471.604938
Nepal,NPL,Least Developed,gdp,1970,865975308.641975
Nepal,NPL,Least Developed,gdp,1969,788641965.432099
Nepal,NPL,Least Developed,gdp,1968,772231386.914829
Nepal,NPL,Least Developed,gdp,1967,841974025.462659
Nepal,NPL,Least Developed,gdp,1966,906811943.824649
Nepal,NPL,Least Developed,gdp,1965,735267082.294264
Nepal,NPL,Least Developed,gdp,1964,496098775.308642
Nepal,NPL,Least Developed,gdp,1963,496947904.443033
Nepal,NPL,Least Developed,gdp,1962,574091101.194382
Nepal,NPL,Least Developed,gdp,1961,531959561.62226
Nepal,NPL,Least Developed,gdp,1960,508334413.965087
Nepal,NPL,Least Developed,gdp_per_capita,2025,1535.87781246307
Nepal,NPL,Least Developed,gdp_per_capita,2024,1460.28237984149
Nepal,NPL,Least Developed,gdp_per_capita,2023,1382.38300895424
Nepal,NPL,Least Developed,gdp_per_capita,2022,1385.91066002922
Nepal,NPL,Least Developed,gdp_per_capita,2021,1252.75076731986
Nepal,NPL,Least Developed,gdp_per_capita,2020,1154.21517578318
Nepal,NPL,Least Developed,gdp_per_capita,2019,1203.14294706401
Nepal,NPL,Least Developed,gdp_per_capita,2018,1179.19843190389
Nepal,NPL,Least Developed,gdp_per_capita,2017,1034.28374906846
Nepal,NPL,Least Developed,gdp_per_capita,2016,877.256454696737
Nepal,NPL,Least Developed,gdp_per_capita,2015,875.543635474862
Nepal,NPL,Least Developed,gdp_per_capita,2014,821.455224911731
Nepal,NPL,Least Developed,gdp_per_capita,2013,803.269595420477
Nepal,NPL,Least Developed,gdp_per_capita,2012,788.202937148377
Nepal,NPL,Least Developed,gdp_per_capita,2011,785.518656222132
Nepal,NPL,Least Developed,gdp_per_capita,2010,585.278491984574
Nepal,NPL,Least Developed,gdp_per_capita,2009,473.078751198621
Nepal,NPL,Least Developed,gdp_per_capita,2008,464.817391891529
Nepal,NPL,Least Developed,gdp_per_capita,2007,385.449767660642
Nepal,NPL,Least Developed,gdp_per_capita,2006,340.431796437968
Nepal,NPL,Least Developed,gdp_per_capita,2005,309.024168339372
Nepal,NPL,Least Developed,gdp_per_capita,2004,279.587750044428
Nepal,NPL,Least Developed,gdp_per_capita,2003,246.429706587633
Nepal,NPL,Least Developed,gdp_per_capita,2002,238.89140296106
Nepal,NPL,Least Developed,gdp_per_capita,2001,240.795114544664
Nepal,NPL,Least Developed,gdp_per_capita,2000,223.830289183078
Nepal,NPL,Least Developed,gdp_per_capita,1999,208.646667913743
Nepal,NPL,Least Developed,gdp_per_capita,1998,205.075246306069
Nepal,NPL,Least Developed,gdp_per_capita,1997,211.834869589153
Nepal,NPL,Least Developed,gdp_per_capita,1996,198.821907435345
Nepal,NPL,Least Developed,gdp_per_capita,1995,197.843001330326
Nepal,NPL,Least Developed,gdp_per_capita,1994,187.258176246151
Nepal,NPL,Least Developed,gdp_per_capita,1993,172.805202579767
Nepal,NPL,Least Developed,gdp_per_capita,1992,165.02959412726
Nepal,NPL,Least Developed,gdp_per_capita,1991,195.716621410462
Nepal,NPL,Least Developed,gdp_per_capita,1990,185.794600449903
Nepal,NPL,Least Developed,gdp_per_capita,1989,184.975416457251
Nepal,NPL,Least Developed,gdp_per_capita,1988,187.084777621975
Nepal,NPL,Least Developed,gdp_per_capita,1987,162.036906898913
Nepal,NPL,Least Developed,gdp_per_capita,1986,159.545682806044
Nepal,NPL,Least Developed,gdp_per_capita,1985,149.900453418882
Nepal,NPL,Least Developed,gdp_per_capita,1984,151.078187115939
Nepal,NPL,Least Developed,gdp_per_capita,1983,146.632953086254
Nepal,NPL,Least Developed,gdp_per_capita,1982,146.976662933749
Nepal,NPL,Least Developed,gdp_per_capita,1981,142.916898807843
Nepal,NPL,Least Developed,gdp_per_capita,1980,125.114347478097
Nepal,NPL,Least Developed,gdp_per_capita,1979,121.86820974915
Nepal,NPL,Least Developed,gdp_per_capita,1978,108.099425052837
Nepal,NPL,Least Developed,gdp_per_capita,1977,95.3433557426543
Nepal,NPL,Least Developed,gdp_per_capita,1976,102.470373251774
Nepal,NPL,Least Developed,gdp_per_capita,1975,113.605645172746
Nepal,NPL,Least Developed,gdp_per_capita,1974,89.7637455591626
Nepal,NPL,Least Developed,gdp_per_capita,1973,73.2266835267801
Nepal,NPL,Least Developed,gdp_per_capita,1972,78.842912842237
Nepal,NPL,Least Developed,gdp_per_capita,1971,69.4540704096493
Nepal,NPL,Least Developed,gdp_per_capita,1970,69.6334897297304
Nepal,NPL,Least Developed,gdp_per_capita,1969,64.8179199463286
Nepal,NPL,Least Developed,gdp_per_capita,1968,64.8592419247839
Nepal,NPL,Least Developed,gdp_per_capita,1967,72.255603368576
Nepal,NPL,Least Developed,gdp_per_capita,1966,79.484178651631
Nepal,NPL,Least Developed,gdp_per_capita,1965,65.8050690424137
Nepal,NPL,Least Developed,gdp_per_capita,1964,45.320757315163
Nepal,NPL,Least Developed,gdp_per_capita,1963,46.3146629740628
Nepal,NPL,Least Developed,gdp_per_capita,1962,54.565608932967
Nepal,NPL,Least Developed,gdp_per_capita,1961,51.5544820747585
Nepal,NPL,Least Developed,gdp_per_capita,1960,50.2125233749587
Nepal,NPL,Least Developed,life_expectancy,2025,
Nepal,NPL,Least Developed,life_expectancy,2024,70.636
Nepal,NPL,Least Developed,life_expectancy,2023,70.354
Nepal,NPL,Least Developed,life_expectancy,2022,70.087
Nepal,NPL,Least Developed,life_expectancy,2021,68.385
Nepal,NPL,Least Developed,life_expectancy,2020,69.106
Nepal,NPL,Least Developed,life_expectancy,2019,69.299
Nepal,NPL,Least Developed,life_expectancy,2018,69.036
Nepal,NPL,Least Developed,life_expectancy,2017,68.74
Nepal,NPL,Least Developed,life_expectancy,2016,68.444
Nepal,NPL,Least Developed,life_expectancy,2015,67.374
Nepal,NPL,Least Developed,life_expectancy,2014,67.812
Nepal,NPL,Least Developed,life_expectancy,2013,67.598
Nepal,NPL,Least Developed,life_expectancy,2012,67.364
Nepal,NPL,Least Developed,life_expectancy,2011,67.123
Nepal,NPL,Least Developed,life_expectancy,2010,66.772
Nepal,NPL,Least Developed,life_expectancy,2009,66.6
Nepal,NPL,Least Developed,life_expectancy,2008,66.442
Nepal,NPL,Least Developed,life_expectancy,2007,66.169
Nepal,NPL,Least Developed,life_expectancy,2006,65.891
Nepal,NPL,Least Developed,life_expectancy,2005,65.275
Nepal,NPL,Least Developed,life_expectancy,2004,64.744
Nepal,NPL,Least Developed,life_expectancy,2003,64.229
Nepal,NPL,Least Developed,life_expectancy,2002,63.507
Nepal,NPL,Least Developed,life_expectancy,2001,63.288
Nepal,NPL,Least Developed,life_expectancy,2000,62.642
Nepal,NPL,Least Developed,life_expectancy,1999,62.035
Nepal,NPL,Least Developed,life_expectancy,1998,61.532
Nepal,NPL,Least Developed,life_expectancy,1997,60.823
Nepal,NPL,Least Developed,life_expectancy,1996,60.044
Nepal,NPL,Least Developed,life_expectancy,1995,59.323
Nepal,NPL,Least Developed,life_expectancy,1994,58.631
Nepal,NPL,Least Developed,life_expectancy,1993,57.597
Nepal,NPL,Least Developed,life_expectancy,1992,56.686
Nepal,NPL,Least Developed,life_expectancy,1991,55.65
Nepal,NPL,Least Developed,life_expectancy,1990,54.771
Nepal,NPL,Least Developed,life_expectancy,1989,54.013
Nepal,NPL,Least Developed,life_expectancy,1988,53.109
Nepal,NPL,Least Developed,life_expectancy,1987,52.382
Nepal,NPL,Least Developed,life_expectancy,1986,51.594
Nepal,NPL,Least Developed,life_expectancy,1985,50.922
Nepal,NPL,Least Developed,life_expectancy,1984,50.227
Nepal,NPL,Least Developed,life_expectancy,1983,49.676
Nepal,NPL,Least Developed,life_expectancy,1982,49.181
Nepal,NPL,Least Developed,life_expectancy,1981,48.662
Nepal,NPL,Least Developed,life_expectancy,1980,48.333
Nepal,NPL,Least Developed,life_expectancy,1979,47.766
Nepal,NPL,Least Developed,life_expectancy,1978,47.202
Nepal,NPL,Least Developed,life_expectancy,1977,46.628
Nepal,NPL,Least Developed,life_expectancy,1976,45.991
Nepal,NPL,Least Developed,life_expectancy,1975,45.499
Nepal,NPL,Least Developed,life_expectancy,1974,44.919
Nepal,NPL,Least Developed,life_expectancy,1973,44.485
Nepal,NPL,Least Developed,life_expectancy,1972,44.068
Nepal,NPL,Least Developed,life_expectancy,1971,43.616
Nepal,NPL,Least Developed,life_expectancy,1970,43.151
Nepal,NPL,Least Developed,life_expectancy,1969,42.722
Nepal,NPL,Least Developed,life_expectancy,1968,42.173
Nepal,NPL,Least Developed,life_expectancy,1967,41.71
Nepal,NPL,Least Developed,life_expectancy,1966,41.239
Nepal,NPL,Least Developed,life_expectancy,1965,40.688
Nepal,NPL,Least Developed,life_expectancy,1964,40.229
Nepal,NPL,Least Developed,life_expectancy,1963,39.608
Nepal,NPL,Least Developed,life_expectancy,1962,39.333
Nepal,NPL,Least Developed,life_expectancy,1961,38.966
Nepal,NPL,Least Developed,life_expectancy,1960,38.652
Nepal,NPL,Least Developed,population,2025,29618118.0
Nepal,NPL,Least Developed,population,2024,29651054.0
Nepal,NPL,Least Developed,population,2023,29694614.0
Nepal,NPL,Least Developed,population,2022,29715436.0
Nepal,NPL,Least Developed,population,2021,29475010.0
Nepal,NPL,Least Developed,population,2020,28966574.0
Nepal,NPL,Least Developed,population,2019,28414064.0
Nepal,NPL,Least Developed,population,2018,28079689.0
Nepal,NPL,Least Developed,population,2017,28011258.0
Nepal,NPL,Least Developed,population,2016,27955462.0
Nepal,NPL,Least Developed,population,2015,27823629.0
Nepal,NPL,Least Developed,population,2014,27672370.0
Nepal,NPL,Least Developed,population,2013,27589996.0
Nepal,NPL,Least Developed,population,2012,27534915.0
Nepal,NPL,Least Developed,population,2011,27464494.0
Nepal,NPL,Least Developed,population,2010,27341952.0
Nepal,NPL,Least Developed,population,2009,27173035.0
Nepal,NPL,Least Developed,population,2008,26990037.0
Nepal,NPL,Least Developed,population,2007,26788492.0
Nepal,NPL,Least Developed,population,2006,26565425.0
Nepal,NPL,Least Developed,population,2005,26309458.0
Nepal,NPL,Least Developed,population,2004,26016656.0
Nepal,NPL,Least Developed,population,2003,25688758.0
Nepal,NPL,Least Developed,population,2002,25328981.0
Nepal,NPL,Least Developed,population,2001,24946748.0
Nepal,NPL,Least Developed,population,2000,24546509.0
Nepal,NPL,Least Developed,population,1999,24125199.0
Nepal,NPL,Least Developed,population,1998,23680357.0
Nepal,NPL,Least Developed,population,1997,23219463.0
Nepal,NPL,Least Developed,population,1996,22741862.0
Nepal,NPL,Least Developed,population,1995,22245439.0
Nepal,NPL,Least Developed,population,1994,21717479.0
Nepal,NPL,Least Developed,population,1993,21180159.0
Nepal,NPL,Least Developed,population,1992,20609707.0
Nepal,NPL,Least Developed,population,1991,20036500.0
Nepal,NPL,Least Developed,population,1990,19524573.0
Nepal,NPL,Least Developed,population,1989,19057807.0
Nepal,NPL,Least Developed,population,1988,18638661.0
Nepal,NPL,Least Developed,population,1987,18250505.0
Nepal,NPL,Least Developed,population,1986,17868124.0
Nepal,NPL,Least Developed,population,1985,17477692.0
Nepal,NPL,Least Developed,population,1984,17085242.0
Nepal,NPL,Least Developed,population,1983,16689119.0
Nepal,NPL,Least Developed,population,1982,16297987.0
Nepal,NPL,Least Developed,population,1981,15922423.0
Nepal,NPL,Least Developed,population,1980,15553105.0
Nepal,NPL,Least Developed,population,1979,15190590.0
Nepal,NPL,Least Developed,population,1978,14839695.0
Nepal,NPL,Least Developed,population,1977,14499175.0
Nepal,NPL,Least Developed,population,1976,14177649.0
Nepal,NPL,Least Developed,population,1975,13870695.0
Nepal,NPL,Least Developed,population,1974,13568435.0
Nepal,NPL,Least Developed,population,1973,13275239.0
Nepal,NPL,Least Developed,population,1972,12989099.0
Nepal,NPL,Least Developed,population,1971,12710061.0
Nepal,NPL,Least Developed,population,1970,12436190.0
Nepal,NPL,Least Developed,population,1969,12167036.0
Nepal,NPL,Least Developed,population,1968,11906266.0
Nepal,NPL,Least Developed,population,1967,11652716.0
Nepal,NPL,Least Developed,population,1966,11408710.0
Nepal,NPL,Least Developed,population,1965,11173411.0
Nepal,NPL,Least Developed,population,1964,10946392.0
Nepal,NPL,Least Developed,population,1963,10729818.0
Nepal,NPL,Least Developed,population,1962,10521116.0
Nepal,NPL,Least Developed,population,1961,10318396.0
Nepal,NPL,Least Developed,population,1960,10123658.0
Nepal,NPL,Least Developed,school_enrollment,2025,
Nepal,NPL,Least Developed,school_enrollment,2024,90.3878462155916
Nepal,NPL,Least Developed,school_enrollment,2023,89.8898815141438
Nepal,NPL,Least Developed,school_enrollment,2022,84.1026475876285
Nepal,NPL,Least Developed,school_enrollment,2021,83.9220209713597
Nepal,NPL,Least Developed,school_enrollment,2020,85.3101577758789
Nepal,NPL,Least Developed,school_enrollment,2019,80.2800521850586
Nepal,NPL,Least Developed,school_enrollment,2018,
Nepal,NPL,Least Developed,school_enrollment,2017,74.4113311767578
Nepal,NPL,Least Developed,school_enrollment,2016,71.7744979858398
Nepal,NPL,Least Developed,school_enrollment,2015,68.6131210327148
Nepal,NPL,Least Developed,school_enrollment,2014,67.5318298339844
Nepal,NPL,Least Developed,school_enrollment,2013,65.4935302734375
Nepal,NPL,Least Developed,school_enrollment,2012,63.1414794921875
Nepal,NPL,Least Developed,school_enrollment,2011,58.9935111999512
Nepal,NPL,Least Developed,school_enrollment,2010,55.5892906188965
Nepal,NPL,Least Developed,school_enrollment,2009,49.2625999450684
Nepal,NPL,Least Developed,school_enrollment,2008,48.0189094543457
Nepal,NPL,Least Developed,school_enrollment,2007,42.0970306396484
Nepal,NPL,Least Developed,school_enrollment,2006,42.5181617736816
Nepal,NPL,Least Developed,school_enrollment,2005,45.098201751709
Nepal,NPL,Least Developed,school_enrollment,2004,
Nepal,NPL,Least Developed,school_enrollment,2003,42.0749092102051
Nepal,NPL,Least Developed,school_enrollment,2002,41.0556297302246
Nepal,NPL,Least Developed,school_enrollment,2001,37.3896903991699
Nepal,NPL,Least Developed,school_enrollment,2000,34.4201507568359
Nepal,NPL,Least Developed,school_enrollment,1999,33.1490211486816
Nepal,NPL,Least Developed,school_enrollment,1998,
Nepal,NPL,Least Developed,school_enrollment,1997,
Nepal,NPL,Least Developed,school_enrollment,1996,43.1790885925293
Nepal,NPL,Least Developed,school_enrollment,1995,40.1949615478516
Nepal,NPL,Least Developed,school_enrollment,1994,38.3644485473633
Nepal,NPL,Least Developed,school_enrollment,1993,37.9471893310547
Nepal,NPL,Least Developed,school_enrollment,1992,36.6419982910156
Nepal,NPL,Least Developed,school_enrollment,1991,34.0466995239258
Nepal,NPL,Least Developed,school_enrollment,1990,32.03369140625
Nepal,NPL,Least Developed,school_enrollment,1989,30.888879776001
Nepal,NPL,Least Developed,school_enrollment,1988,29.2296390533447
Nepal,NPL,Least Developed,school_enrollment,1987,28.3090000152588
Nepal,NPL,Least Developed,school_enrollment,1986,27.0147800445557
Nepal,NPL,Least Developed,school_enrollment,1985,25.4660491943359
Nepal,NPL,Least Developed,school_enrollment,1984,23.8365802764893
Nepal,NPL,Least Developed,school_enrollment,1983,22.4334201812744
Nepal,NPL,Least Developed,school_enrollment,1982,20.3783092498779
Nepal,NPL,Least Developed,school_enrollment,1981,17.7367706298828
Nepal,NPL,Least Developed,school_enrollment,1980,
Nepal,NPL,Least Developed,school_enrollment,1979,
Nepal,NPL,Least Developed,school_enrollment,1978,
Nepal,NPL,Least Developed,school_enrollment,1977,
Nepal,NPL,Least Developed,school_enrollment,1976,
Nepal,NPL,Least Developed,school_enrollment,1975,
Nepal,NPL,Least Developed,school_enrollment,1974,
Nepal,NPL,Least Developed,school_enrollment,1973,
Nepal,NPL,Least Developed,school_enrollment,1972,
Nepal,NPL,Least Developed,school_enrollment,1971,
Nepal,NPL,Least Developed,school_enrollment,1970,
Nepal,NPL,Least Developed,school_enrollment,1969,
Nepal,NPL,Least Developed,school_enrollment,1968,
Nepal,NPL,Least Developed,school_enrollment,1967,
Nepal,NPL,Least Developed,school_enrollment,1966,
Nepal,NPL,Least Developed,school_enrollment,1965,
Nepal,NPL,Least Developed,school_enrollment,1964,
Nepal,NPL,Least Developed,school_enrollment,1963,
Nepal,NPL,Least Developed,school_enrollment,1962,
Nepal,NPL,Least Developed,school_enrollment,1961,
Nepal,NPL,Least Developed,school_enrollment,1960,
Nepal,NPL,Least Developed,unemployment,2025,10.465
Nepal,NPL,Least Developed,unemployment,2024,10.5
Nepal,NPL,Least Developed,unemployment,2023,10.437
Nepal,NPL,Least Developed,unemployment,2022,10.661
Nepal,NPL,Least Developed,unemployment,2021,12.241
Nepal,NPL,Least Developed,unemployment,2020,13.037
Nepal,NPL,Least Developed,unemployment,2019,10.477
Nepal,NPL,Least Developed,unemployment,2018,10.593
Nepal,NPL,Least Developed,unemployment,2017,10.66
Nepal,NPL,Least Developed,unemployment,2016,10.714
Nepal,NPL,Least Developed,unemployment,2015,10.643
Nepal,NPL,Least Developed,unemployment,2014,10.62
Nepal,NPL,Least Developed,unemployment,2013,10.666
Nepal,NPL,Least Developed,unemployment,2012,10.632
Nepal,NPL,Least Developed,unemployment,2011,10.627
Nepal,NPL,Least Developed,unemployment,2010,10.563
Nepal,NPL,Least Developed,unemployment,2009,10.582
Nepal,NPL,Least Developed,unemployment,2008,10.597
Nepal,NPL,Least Developed,unemployment,2007,10.642
Nepal,NPL,Least Developed,unemployment,2006,10.609
Nepal,NPL,Least Developed,unemployment,2005,10.59
Nepal,NPL,Least Developed,unemployment,2004,10.652
Nepal,NPL,Least Developed,unemployment,2003,10.644
Nepal,NPL,Least Developed,unemployment,2002,10.593
Nepal,NPL,Least Developed,unemployment,2001,10.502
Nepal,NPL,Least Developed,unemployment,2000,10.531
Nepal,NPL,Least Developed,unemployment,1999,10.549
Nepal,NPL,Least Developed,unemployment,1998,10.526
Nepal,NPL,Least Developed,unemployment,1997,10.512
Nepal,NPL,Least Developed,unemployment,1996,10.446
Nepal,NPL,Least Developed,unemployment,1995,10.473
Nepal,NPL,Least Developed,unemployment,1994,10.458
Nepal,NPL,Least Developed,unemployment,1993,10.492
Nepal,NPL,Least Developed,unemployment,1992,10.473
Nepal,NPL,Least Developed,unemployment,1991,10.465
Nepal,NPL,Least Developed,unemployment,1990,
Nepal,NPL,Least Developed,unemployment,1989,
Nepal,NPL,Least Developed,unemployment,1988,
Nepal,NPL,Least Developed,unemployment,1987,
Nepal,NPL,Least Developed,unemployment,1986,
Nepal,NPL,Least Developed,unemployment,1985,
Nepal,NPL,Least Developed,unemployment,1984,
Nepal,NPL,Least Developed,unemployment,1983,
Nepal,NPL,Least Developed,unemployment,1982,
Nepal,NPL,Least Developed,unemployment,1981,
Nepal,NPL,Least Developed,unemployment,1980,
Nepal,NPL,Least Developed,unemployment,1979,
Nepal,NPL,Least Developed,unemployment,1978,
Nepal,NPL,Least Developed,unemployment,1977,
Nepal,NPL,Least Developed,unemployment,1976,
Nepal,NPL,Least Developed,unemployment,1975,
Nepal,NPL,Least Developed,unemployment,1974,
Nepal,NPL,Least Developed,unemployment,1973,
Nepal,NPL,Least Developed,unemployment,1972,
Nepal,NPL,Least Developed,unemployment,1971,
Nepal,NPL,Least Developed,unemployment,1970,
Nepal,NPL,Least Developed,unemployment,1969,
Nepal,NPL,Least Developed,unemployment,1968,
Nepal,NPL,Least Developed,unemployment,1967,
Nepal,NPL,Least Developed,unemployment,1966,
Nepal,NPL,Least Developed,unemployment,1965,
Nepal,NPL,Least Developed,unemployment,1964,
Nepal,NPL,Least Developed,unemployment,1963,
Nepal,NPL,Least Developed,unemployment,1962,
Nepal,NPL,Least Developed,unemployment,1961,
Nepal,NPL,Least Developed,unemployment,1960,
Pakistan,PAK,Developing,electricity_access,2025,
Pakistan,PAK,Developing,electricity_access,2024,95.7
Pakistan,PAK,Developing,electricity_access,2023,95.6
Pakistan,PAK,Developing,electricity_access,2022,95.0
Pakistan,PAK,Developing,electricity_access,2021,94.9
Pakistan,PAK,Developing,electricity_access,2020,94.5
Pakistan,PAK,Developing,electricity_access,2019,93.9
Pakistan,PAK,Developing,electricity_access,2018,93.4
Pakistan,PAK,Developing,electricity_access,2017,92.7
Pakistan,PAK,Developing,electricity_access,2016,91.8
Pakistan,PAK,Developing,electricity_access,2015,91.0
Pakistan,PAK,Developing,electricity_access,2014,90.1
Pakistan,PAK,Developing,electricity_access,2013,89.3
Pakistan,PAK,Developing,electricity_access,2012,88.6
Pakistan,PAK,Developing,electricity_access,2011,87.8
Pakistan,PAK,Developing,electricity_access,2010,87.1
Pakistan,PAK,Developing,electricity_access,2009,82.5
Pakistan,PAK,Developing,electricity_access,2008,81.4
Pakistan,PAK,Developing,electricity_access,2007,80.2
Pakistan,PAK,Developing,electricity_access,2006,79.1
Pakistan,PAK,Developing,electricity_access,2005,78.1
Pakistan,PAK,Developing,electricity_access,2004,77.0
Pakistan,PAK,Developing,electricity_access,2003,76.0
Pakistan,PAK,Developing,electricity_access,2002,74.9
Pakistan,PAK,Developing,electricity_access,2001,73.9
Pakistan,PAK,Developing,electricity_access,2000,72.8
Pakistan,PAK,Developing,electricity_access,1999,70.2653503417969
Pakistan,PAK,Developing,electricity_access,1998,70.46
Pakistan,PAK,Developing,electricity_access,1997,
Pakistan,PAK,Developing,electricity_access,1996,
Pakistan,PAK,Developing,electricity_access,1995,
Pakistan,PAK,Developing,electricity_access,1994,
Pakistan,PAK,Developing,electricity_access,1993,
Pakistan,PAK,Developing,electricity_access,1992,
Pakistan,PAK,Developing,electricity_access,1991,
Pakistan,PAK,Developing,electricity_access,1990,
Pakistan,PAK,Developing,electricity_access,1989,
Pakistan,PAK,Developing,electricity_access,1988,
Pakistan,PAK,Developing,electricity_access,1987,
Pakistan,PAK,Developing,electricity_access,1986,
Pakistan,PAK,Developing,electricity_access,1985,
Pakistan,PAK,Developing,electricity_access,1984,
Pakistan,PAK,Developing,electricity_access,1983,
Pakistan,PAK,Developing,electricity_access,1982,
Pakistan,PAK,Developing,electricity_access,1981,
Pakistan,PAK,Developing,electricity_access,1980,
Pakistan,PAK,Developing,electricity_access,1979,
Pakistan,PAK,Developing,electricity_access,1978,
Pakistan,PAK,Developing,electricity_access,1977,
Pakistan,PAK,Developing,electricity_access,1976,
Pakistan,PAK,Developing,electricity_access,1975,
Pakistan,PAK,Developing,electricity_access,1974,
Pakistan,PAK,Developing,electricity_access,1973,
Pakistan,PAK,Developing,electricity_access,1972,
Pakistan,PAK,Developing,electricity_access,1971,
Pakistan,PAK,Developing,electricity_access,1970,
Pakistan,PAK,Developing,electricity_access,1969,
Pakistan,PAK,Developing,electricity_access,1968,
Pakistan,PAK,Developing,electricity_access,1967,
Pakistan,PAK,Developing,electricity_access,1966,
Pakistan,PAK,Developing,electricity_access,1965,
Pakistan,PAK,Developing,electricity_access,1964,
Pakistan,PAK,Developing,electricity_access,1963,
Pakistan,PAK,Developing,electricity_access,1962,
Pakistan,PAK,Developing,electricity_access,1961,
Pakistan,PAK,Developing,electricity_access,1960,
Pakistan,PAK,Developing,gdp,2025,407307214476.222
Pakistan,PAK,Developing,gdp,2024,371747087751.306
Pakistan,PAK,Developing,gdp,2023,336686348609.266
Pakistan,PAK,Developing,gdp,2022,374890295666.694
Pakistan,PAK,Developing,gdp,2021,348516647445.148
Pakistan,PAK,Developing,gdp,2020,300425609817.981
Pakistan,PAK,Developing,gdp,2019,320909472770.669
Pakistan,PAK,Developing,gdp,2018,356128166704.921
Pakistan,PAK,Developing,gdp,2017,339205534861.1
Pakistan,PAK,Developing,gdp,2016,313630000130.435
Pakistan,PAK,Developing,gdp,2015,299963590534.773
Pakistan,PAK,Developing,gdp,2014,271390474857.632
Pakistan,PAK,Developing,gdp,2013,258657231672.412
Pakistan,PAK,Developing,gdp,2012,250106966104.704
Pakistan,PAK,Developing,gdp,2011,230586581059.665
Pakistan,PAK,Developing,gdp,2010,196709621849.586
Pakistan,PAK,Developing,gdp,2009,187337783856.466
Pakistan,PAK,Developing,gdp,2008,202203748583.854
Pakistan,PAK,Developing,gdp,2007,184140869997.46
Pakistan,PAK,Developing,gdp,2006,161871385506.36
Pakistan,PAK,Developing,gdp,2005,145208562960.767
Pakistan,PAK,Developing,gdp,2004,132216048339.413
Pakistan,PAK,Developing,gdp,2003,112371913740.823
Pakistan,PAK,Developing,gdp,2002,97923302809.3537
Pakistan,PAK,Developing,gdp,2001,97145618479.9038
Pakistan,PAK,Developing,gdp,2000,99484802344.5277
Pakistan,PAK,Developing,gdp,1999,62973857068.5113
Pakistan,PAK,Developing,gdp,1998,62191955814.3478
Pakistan,PAK,Developing,gdp,1997,62433340468.0228
Pakistan,PAK,Developing,gdp,1996,63320170084.4076
Pakistan,PAK,Developing,gdp,1995,60636071684.1918
Pakistan,PAK,Developing,gdp,1994,52293470813.1336
Pakistan,PAK,Developing,gdp,1993,51809999353.1614
Pakistan,PAK,Developing,gdp,1992,48884671947.4657
Pakistan,PAK,Developing,gdp,1991,45625336680.2047
Pakistan,PAK,Developing,gdp,1990,40010423970.4576
Pakistan,PAK,Developing,gdp,1989,40171106279.0078
Pakistan,PAK,Developing,gdp,1988,38472742808.3167
Pakistan,PAK,Developing,gdp,1987,33351529274.6869
Pakistan,PAK,Developing,gdp,1986,31899070055.7967
Pakistan,PAK,Developing,gdp,1985,31144920844.3272
Pakistan,PAK,Developing,gdp,1984,31151825467.4978
Pakistan,PAK,Developing,gdp,1983,28691889763.7795
Pakistan,PAK,Developing,gdp,1982,30725971563.981
Pakistan,PAK,Developing,gdp,1981,28100606060.6061
Pakistan,PAK,Developing,gdp,1980,23654444444.4444
Pakistan,PAK,Developing,gdp,1979,19688383838.3838
Pakistan,PAK,Developing,gdp,1978,17811515151.5152
Pakistan,PAK,Developing,gdp,1977,15126060606.0606
Pakistan,PAK,Developing,gdp,1976,13168080808.0808
Pakistan,PAK,Developing,gdp,1975,11230606060.6061
Pakistan,PAK,Developing,gdp,1974,8899191919.19192
Pakistan,PAK,Developing,gdp,1973,6383429490.21091
Pakistan,PAK,Developing,gdp,1972,9415016359.56604
Pakistan,PAK,Developing,gdp,1971,10665896682.0664
Pakistan,PAK,Developing,gdp,1970,10027509449.811
Pakistan,PAK,Developing,gdp,1969,8683116337.67325
Pakistan,PAK,Developing,gdp,1968,8041999160.0168
Pakistan,PAK,Developing,gdp,1967,7464510709.7858
Pakistan,PAK,Developing,gdp,1966,6561108777.82444
Pakistan,PAK,Developing,gdp,1965,5929231415.37169
Pakistan,PAK,Developing,gdp,1964,5204955900.88198
Pakistan,PAK,Developing,gdp,1963,4630827383.45233
Pakistan,PAK,Developing,gdp,1962,4310163796.72407
Pakistan,PAK,Developing,gdp,1961,4118647627.04746
Pakistan,PAK,Developing,gdp,1960,3749265014.69971
Pakistan,PAK,Developing,gdp_per_capita,2025,1595.90912252837
Pakistan,PAK,Developing,gdp_per_capita,2024,1479.47755241191
Pakistan,PAK,Developing,gdp_per_capita,2023,1360.32417758419
Pakistan,PAK,Developing,gdp_per_capita,2022,1538.3228133171
Pakistan,PAK,Developing,gdp_per_capita,2021,1455.31922370186
Pakistan,PAK,Developing,gdp_per_capita,2020,1278.39735206896
Pakistan,PAK,Developing,gdp_per_capita,2019,1390.41690981745
Pakistan,PAK,Developing,gdp_per_capita,2018,1569.33814626355
Pakistan,PAK,Developing,gdp_per_capita,2017,1519.23459514248
Pakistan,PAK,Developing,gdp_per_capita,2016,1424.69161195897
Pakistan,PAK,Developing,gdp_per_capita,2015,1380.47020838317
Pakistan,PAK,Developing,gdp_per_capita,2014,1266.61340849959
Pakistan,PAK,Developing,gdp_per_capita,2013,1225.4340119198
Pakistan,PAK,Developing,gdp_per_capita,2012,1204.36475491585
Pakistan,PAK,Developing,gdp_per_capita,2011,1131.73513834324
Pakistan,PAK,Developing,gdp_per_capita,2010,987.304571124485
Pakistan,PAK,Developing,gdp_per_capita,2009,963.788066395225
Pakistan,PAK,Developing,gdp_per_capita,2008,1067.04324565284
Pakistan,PAK,Developing,gdp_per_capita,2007,998.090114197524
Pakistan,PAK,Developing,gdp_per_capita,2006,900.873564984808
Pakistan,PAK,Developing,gdp_per_capita,2005,827.619861189926
Pakistan,PAK,Developing,gdp_per_capita,2004,771.902247348954
Pakistan,PAK,Developing,gdp_per_capita,2003,672.44178669894
Pakistan,PAK,Developing,gdp_per_capita,2002,599.937345723927
Pakistan,PAK,Developing,gdp_per_capita,2001,609.939506905073
Pakistan,PAK,Developing,gdp_per_capita,2000,642.338346499898
Pakistan,PAK,Developing,gdp_per_capita,1999,418.249257055367
Pakistan,PAK,Developing,gdp_per_capita,1998,424.453697798497
Pakistan,PAK,Developing,gdp_per_capita,1997,438.030942680153
Pakistan,PAK,Developing,gdp_per_capita,1996,456.996961832943
Pakistan,PAK,Developing,gdp_per_capita,1995,450.550279346206
Pakistan,PAK,Developing,gdp_per_capita,1994,399.955927561352
Pakistan,PAK,Developing,gdp_per_capita,1993,407.888140688466
Pakistan,PAK,Developing,gdp_per_capita,1992,395.67720859593
Pakistan,PAK,Developing,gdp_per_capita,1991,380.019843346229
Pakistan,PAK,Developing,gdp_per_capita,1990,344.45547384189
Pakistan,PAK,Developing,gdp_per_capita,1989,357.595796105007
Pakistan,PAK,Developing,gdp_per_capita,1988,353.85454278549
Pakistan,PAK,Developing,gdp_per_capita,1987,317.23867416111
Pakistan,PAK,Developing,gdp_per_capita,1986,313.946324043906
Pakistan,PAK,Developing,gdp_per_capita,1985,317.063499386432
Pakistan,PAK,Developing,gdp_per_capita,1984,327.345625152291
Pakistan,PAK,Developing,gdp_per_capita,1983,311.098361356703
Pakistan,PAK,Developing,gdp_per_capita,1982,344.889792466995
Pakistan,PAK,Developing,gdp_per_capita,1981,327.505069961745
Pakistan,PAK,Developing,gdp_per_capita,1980,287.448707270022
Pakistan,PAK,Developing,gdp_per_capita,1979,249.229389957057
Pakistan,PAK,Developing,gdp_per_capita,1978,233.41799161409
Pakistan,PAK,Developing,gdp_per_capita,1977,204.677762649367
Pakistan,PAK,Developing,gdp_per_capita,1976,183.859733422347
Pakistan,PAK,Developing,gdp_per_capita,1975,161.681774899518
Pakistan,PAK,Developing,gdp_per_capita,1974,132.005156607293
Pakistan,PAK,Developing,gdp_per_capita,1973,97.5136425928243
Pakistan,PAK,Developing,gdp_per_capita,1972,148.073976270617
Pakistan,PAK,Developing,gdp_per_capita,1971,172.453662202274
Pakistan,PAK,Developing,gdp_per_capita,1970,166.662061958389
Pakistan,PAK,Developing,gdp_per_capita,1969,148.528512990071
Pakistan,PAK,Developing,gdp_per_capita,1968,141.558306459346
Pakistan,PAK,Developing,gdp_per_capita,1967,135.190474942968
Pakistan,PAK,Developing,gdp_per_capita,1966,122.229353754713
Pakistan,PAK,Developing,gdp_per_capita,1965,113.567206414596
Pakistan,PAK,Developing,gdp_per_capita,1964,102.45976384531
Pakistan,PAK,Developing,gdp_per_capita,1963,93.6508728613463
Pakistan,PAK,Developing,gdp_per_capita,1962,89.5039525753413
Pakistan,PAK,Developing,gdp_per_capita,1961,87.7778246966181
Pakistan,PAK,Developing,gdp_per_capita,1960,82.0241000071912
Pakistan,PAK,Developing,life_expectancy,2025,
Pakistan,PAK,Developing,life_expectancy,2024,67.799
Pakistan,PAK,Developing,life_expectancy,2023,67.649
Pakistan,PAK,Developing,life_expectancy,2022,67.417
Pakistan,PAK,Developing,life_expectancy,2021,65.773
Pakistan,PAK,Developing,life_expectancy,2020,65.701
Pakistan,PAK,Developing,life_expectancy,2019,66.729
Pakistan,PAK,Developing,life_expectancy,2018,66.481
Pakistan,PAK,Developing,life_expectancy,2017,66.223
Pakistan,PAK,Developing,life_expectancy,2016,65.943
Pakistan,PAK,Developing,life_expectancy,2015,65.641
Pakistan,PAK,Developing,life_expectancy,2014,65.374
Pakistan,PAK,Developing,life_expectancy,2013,65.129
Pakistan,PAK,Developing,life_expectancy,2012,64.883
Pakistan,PAK,Developing,life_expectancy,2011,64.659
Pakistan,PAK,Developing,life_expectancy,2010,64.378
Pakistan,PAK,Developing,life_expectancy,2009,64.206
Pakistan,PAK,Developing,life_expectancy,2008,64.002
Pakistan,PAK,Developing,life_expectancy,2007,63.807
Pakistan,PAK,Developing,life_expectancy,2006,63.624
Pakistan,PAK,Developing,life_expectancy,2005,62.416
Pakistan,PAK,Developing,life_expectancy,2004,63.097
Pakistan,PAK,Developing,life_expectancy,2003,62.834
Pakistan,PAK,Developing,life_expectancy,2002,62.556
Pakistan,PAK,Developing,life_expectancy,2001,62.241
Pakistan,PAK,Developing,life_expectancy,2000,61.903
Pakistan,PAK,Developing,life_expectancy,1999,61.54
Pakistan,PAK,Developing,life_expectancy,1998,61.134
Pakistan,PAK,Developing,life_expectancy,1997,60.623
Pakistan,PAK,Developing,life_expectancy,1996,60.466
Pakistan,PAK,Developing,life_expectancy,1995,60.273
Pakistan,PAK,Developing,life_expectancy,1994,60.197
Pakistan,PAK,Developing,life_expectancy,1993,60.083
Pakistan,PAK,Developing,life_expectancy,1992,59.983
Pakistan,PAK,Developing,life_expectancy,1991,59.864
Pakistan,PAK,Developing,life_expectancy,1990,59.728
Pakistan,PAK,Developing,life_expectancy,1989,59.528
Pakistan,PAK,Developing,life_expectancy,1988,59.36
Pakistan,PAK,Developing,life_expectancy,1987,59.222
Pakistan,PAK,Developing,life_expectancy,1986,59.167
Pakistan,PAK,Developing,life_expectancy,1985,59.075
Pakistan,PAK,Developing,life_expectancy,1984,58.921
Pakistan,PAK,Developing,life_expectancy,1983,58.663
Pakistan,PAK,Developing,life_expectancy,1982,58.291
Pakistan,PAK,Developing,life_expectancy,1981,57.764
Pakistan,PAK,Developing,life_expectancy,1980,57.199
Pakistan,PAK,Developing,life_expectancy,1979,56.614
Pakistan,PAK,Developing,life_expectancy,1978,56.072
Pakistan,PAK,Developing,life_expectancy,1977,55.482
Pakistan,PAK,Developing,life_expectancy,1976,55.069
Pakistan,PAK,Developing,life_expectancy,1975,54.722
Pakistan,PAK,Developing,life_expectancy,1974,54.266
Pakistan,PAK,Developing,life_expectancy,1973,54.09
Pakistan,PAK,Developing,life_expectancy,1972,53.824
Pakistan,PAK,Developing,life_expectancy,1971,49.002
Pakistan,PAK,Developing,life_expectancy,1970,52.943
Pakistan,PAK,Developing,life_expectancy,1969,52.316
Pakistan,PAK,Developing,life_expectancy,1968,51.624
Pakistan,PAK,Developing,life_expectancy,1967,50.763
Pakistan,PAK,Developing,life_expectancy,1966,49.797
Pakistan,PAK,Developing,life_expectancy,1965,48.495
Pakistan,PAK,Developing,life_expectancy,1964,47.831
Pakistan,PAK,Developing,life_expectancy,1963,46.761
Pakistan,PAK,Developing,life_expectancy,1962,45.85
Pakistan,PAK,Developing,life_expectancy,1961,44.956
Pakistan,PAK,Developing,life_expectancy,1960,44.101
Pakistan,PAK,Developing,population,2025,255219554.0
Pakistan,PAK,Developing,population,2024,251269164.0
Pakistan,PAK,Developing,population,2023,247504495.0
Pakistan,PAK,Developing,population,2022,243700667.0
Pakistan,PAK,Developing,population,2021,239477801.0
Pakistan,PAK,Developing,population,2020,235001746.0
Pakistan,PAK,Developing,population,2019,230800899.0
Pakistan,PAK,Developing,population,2018,226928892.0
Pakistan,PAK,Developing,population,2017,223273967.0
Pakistan,PAK,Developing,population,2016,220138869.0
Pakistan,PAK,Developing,population,2015,217290883.0
Pakistan,PAK,Developing,population,2014,214264647.0
Pakistan,PAK,Developing,population,2013,211073978.0
Pakistan,PAK,Developing,population,2012,207667125.0
Pakistan,PAK,Developing,population,2011,203746065.0
Pakistan,PAK,Developing,population,2010,199239047.0
Pakistan,PAK,Developing,population,2009,194376534.0
Pakistan,PAK,Developing,population,2008,189499113.0
Pakistan,PAK,Developing,population,2007,184493231.0
Pakistan,PAK,Developing,population,2006,179682690.0
Pakistan,PAK,Developing,population,2005,175453212.0
Pakistan,PAK,Developing,population,2004,171286000.0
Pakistan,PAK,Developing,population,2003,167110248.0
Pakistan,PAK,Developing,population,2002,163222549.0
Pakistan,PAK,Developing,population,2001,159270907.0
Pakistan,PAK,Developing,population,2000,154879127.0
Pakistan,PAK,Developing,population,1999,150565377.0
Pakistan,PAK,Developing,population,1998,146522356.0
Pakistan,PAK,Developing,population,1997,142531804.0
Pakistan,PAK,Developing,population,1996,138557092.0
Pakistan,PAK,Developing,population,1995,134582253.0
Pakistan,PAK,Developing,population,1994,130748083.0
Pakistan,PAK,Developing,population,1993,127020117.0
Pakistan,PAK,Developing,population,1992,123546848.0
Pakistan,PAK,Developing,population,1991,120060406.0
Pakistan,PAK,Developing,population,1990,116155576.0
Pakistan,PAK,Developing,population,1989,112336629.0
Pakistan,PAK,Developing,population,1988,108724739.0
Pakistan,PAK,Developing,population,1987,105130717.0
Pakistan,PAK,Developing,population,1986,101606764.0
Pakistan,PAK,Developing,population,1985,98229285.0
Pakistan,PAK,Developing,population,1984,95164936.0
Pakistan,PAK,Developing,population,1983,92227711.0
Pakistan,PAK,Developing,population,1982,89089246.0
Pakistan,PAK,Developing,population,1981,85802049.0
Pakistan,PAK,Developing,population,1980,82291010.0
Pakistan,PAK,Developing,population,1979,78997039.0
Pakistan,PAK,Developing,population,1978,76307379.0
Pakistan,PAK,Developing,population,1977,73901827.0
Pakistan,PAK,Developing,population,1976,71620254.0
Pakistan,PAK,Developing,population,1975,69461175.0
Pakistan,PAK,Developing,population,1974,67415487.0
Pakistan,PAK,Developing,population,1973,65461912.0
Pakistan,PAK,Developing,population,1972,63583194.0
Pakistan,PAK,Developing,population,1971,61847899.0
Pakistan,PAK,Developing,population,1970,60166719.0
Pakistan,PAK,Developing,population,1969,58460939.0
Pakistan,PAK,Developing,population,1968,56810507.0
Pakistan,PAK,Developing,population,1967,55214768.0
Pakistan,PAK,Developing,population,1966,53678667.0
Pakistan,PAK,Developing,population,1965,52209010.0
Pakistan,PAK,Developing,population,1964,50799999.0
Pakistan,PAK,Developing,population,1963,49447776.0
Pakistan,PAK,Developing,population,1962,48156128.0
Pakistan,PAK,Developing,population,1961,46921277.0
Pakistan,PAK,Developing,population,1960,45709310.0
Pakistan,PAK,Developing,school_enrollment,2025,
Pakistan,PAK,Developing,school_enrollment,2024,48.2805022055997
Pakistan,PAK,Developing,school_enrollment,2023,42.2911451386891
Pakistan,PAK,Developing,school_enrollment,2022,40.4177656413012
Pakistan,PAK,Developing,school_enrollment,2021,40.2578898404389
Pakistan,PAK,Developing,school_enrollment,2020,
Pakistan,PAK,Developing,school_enrollment,2019,38.7511552822907
Pakistan,PAK,Developing,school_enrollment,2018,37.1466063259079
Pakistan,PAK,Developing,school_enrollment,2017,35.3224248744451
Pakistan,PAK,Developing,school_enrollment,2016,35.8643246680809
Pakistan,PAK,Developing,school_enrollment,2015,34.6741466548496
Pakistan,PAK,Developing,school_enrollment,2014,32.6573427323505
Pakistan,PAK,Developing,school_enrollment,2013,31.544819132504
Pakistan,PAK,Developing,school_enrollment,2012,30.6300201416016
Pakistan,PAK,Developing,school_enrollment,2011,29.7271460529531
Pakistan,PAK,Developing,school_enrollment,2010,29.2962900661933
Pakistan,PAK,Developing,school_enrollment,2009,29.0589694976807
Pakistan,PAK,Developing,school_enrollment,2008,29.1768093109131
Pakistan,PAK,Developing,school_enrollment,2007,29.0634307861328
Pakistan,PAK,Developing,school_enrollment,2006,27.2463207244873
Pakistan,PAK,Developing,school_enrollment,2005,22.6038208007812
Pakistan,PAK,Developing,school_enrollment,2004,21.7634296417236
Pakistan,PAK,Developing,school_enrollment,2003,19.8385200500488
Pakistan,PAK,Developing,school_enrollment,2002,
Pakistan,PAK,Developing,school_enrollment,2001,
Pakistan,PAK,Developing,school_enrollment,2000,
Pakistan,PAK,Developing,school_enrollment,1999,
Pakistan,PAK,Developing,school_enrollment,1998,
Pakistan,PAK,Developing,school_enrollment,1997,
Pakistan,PAK,Developing,school_enrollment,1996,
Pakistan,PAK,Developing,school_enrollment,1995,
Pakistan,PAK,Developing,school_enrollment,1994,
Pakistan,PAK,Developing,school_enrollment,1993,
Pakistan,PAK,Developing,school_enrollment,1992,25.6504096984863
Pakistan,PAK,Developing,school_enrollment,1991,23.091329574585
Pakistan,PAK,Developing,school_enrollment,1990,20.205810546875
Pakistan,PAK,Developing,school_enrollment,1989,19.6272106170654
Pakistan,PAK,Developing,school_enrollment,1988,18.9704704284668
Pakistan,PAK,Developing,school_enrollment,1987,18.7234706878662
Pakistan,PAK,Developing,school_enrollment,1986,18.4025402069092
Pakistan,PAK,Developing,school_enrollment,1985,18.2515296936035
Pakistan,PAK,Developing,school_enrollment,1984,17.4552898406982
Pakistan,PAK,Developing,school_enrollment,1983,16.6970100402832
Pakistan,PAK,Developing,school_enrollment,1982,15.8989295959473
Pakistan,PAK,Developing,school_enrollment,1981,15.715350151062
Pakistan,PAK,Developing,school_enrollment,1980,15.6852598190308
Pakistan,PAK,Developing,school_enrollment,1979,15.2169599533081
Pakistan,PAK,Developing,school_enrollment,1978,16.4724197387695
Pakistan,PAK,Developing,school_enrollment,1977,16.4452304840088
Pakistan,PAK,Developing,school_enrollment,1976,16.3652591705322
Pakistan,PAK,Developing,school_enrollment,1975,16.4388103485107
Pakistan,PAK,Developing,school_enrollment,1974,15.6008901596069
Pakistan,PAK,Developing,school_enrollment,1973,15.3283996582031
Pakistan,PAK,Developing,school_enrollment,1972,14.8859701156616
Pakistan,PAK,Developing,school_enrollment,1971,14.8839998245239
Pakistan,PAK,Developing,school_enrollment,1970,
Pakistan,PAK,Developing,school_enrollment,1969,
Pakistan,PAK,Developing,school_enrollment,1968,
Pakistan,PAK,Developing,school_enrollment,1967,
Pakistan,PAK,Developing,school_enrollment,1966,
Pakistan,PAK,Developing,school_enrollment,1965,
Pakistan,PAK,Developing,school_enrollment,1964,
Pakistan,PAK,Developing,school_enrollment,1963,
Pakistan,PAK,Developing,school_enrollment,1962,
Pakistan,PAK,Developing,school_enrollment,1961,
Pakistan,PAK,Developing,school_enrollment,1960,
Pakistan,PAK,Developing,unemployment,2025,5.42
Pakistan,PAK,Developing,unemployment,2024,5.492
Pakistan,PAK,Developing,unemployment,2023,5.237
Pakistan,PAK,Developing,unemployment,2022,5.291
Pakistan,PAK,Developing,unemployment,2021,6.338
Pakistan,PAK,Developing,unemployment,2020,5.994
Pakistan,PAK,Developing,unemployment,2019,4.83
Pakistan,PAK,Developing,unemployment,2018,4.083
Pakistan,PAK,Developing,unemployment,2017,3.204
Pakistan,PAK,Developing,unemployment,2016,2.285
Pakistan,PAK,Developing,unemployment,2015,3.566
Pakistan,PAK,Developing,unemployment,2014,1.827
Pakistan,PAK,Developing,unemployment,2013,2.954
Pakistan,PAK,Developing,unemployment,2012,3.667
Pakistan,PAK,Developing,unemployment,2011,0.796
Pakistan,PAK,Developing,unemployment,2010,0.653
Pakistan,PAK,Developing,unemployment,2009,0.535
Pakistan,PAK,Developing,unemployment,2008,0.423
Pakistan,PAK,Developing,unemployment,2007,0.398
Pakistan,PAK,Developing,unemployment,2006,0.582
Pakistan,PAK,Developing,unemployment,2005,0.583
Pakistan,PAK,Developing,unemployment,2004,0.598
Pakistan,PAK,Developing,unemployment,2003,0.612
Pakistan,PAK,Developing,unemployment,2002,0.615
Pakistan,PAK,Developing,unemployment,2001,0.611
Pakistan,PAK,Developing,unemployment,2000,0.614
Pakistan,PAK,Developing,unemployment,1999,0.625
Pakistan,PAK,Developing,unemployment,1998,0.62
Pakistan,PAK,Developing,unemployment,1997,0.611
Pakistan,PAK,Developing,unemployment,1996,0.6
Pakistan,PAK,Developing,unemployment,1995,0.611
Pakistan,PAK,Developing,unemployment,1994,0.601
Pakistan,PAK,Developing,unemployment,1993,0.596
Pakistan,PAK,Developing,unemployment,1992,0.587
Pakistan,PAK,Developing,unemployment,1991,0.596
Pakistan,PAK,Developing,unemployment,1990,
Pakistan,PAK,Developing,unemployment,1989,
Pakistan,PAK,Developing,unemployment,1988,
Pakistan,PAK,Developing,unemployment,1987,
Pakistan,PAK,Developing,unemployment,1986,
Pakistan,PAK,Developing,unemployment,1985,
Pakistan,PAK,Developing,unemployment,1984,
Pakistan,PAK,Developing,unemployment,1983,
Pakistan,PAK,Developing,unemployment,1982,
Pakistan,PAK,Developing,unemployment,1981,
Pakistan,PAK,Developing,unemployment,1980,
Pakistan,PAK,Developing,unemployment,1979,
Pakistan,PAK,Developing,unemployment,1978,
Pakistan,PAK,Developing,unemployment,1977,
Pakistan,PAK,Developing,unemployment,1976,
Pakistan,PAK,Developing,unemployment,1975,
Pakistan,PAK,Developing,unemployment,1974,
Pakistan,PAK,Developing,unemployment,1973,
Pakistan,PAK,Developing,unemployment,1972,
Pakistan,PAK,Developing,unemployment,1971,
Pakistan,PAK,Developing,unemployment,1970,
Pakistan,PAK,Developing,unemployment,1969,
Pakistan,PAK,Developing,unemployment,1968,
Pakistan,PAK,Developing,unemployment,1967,
Pakistan,PAK,Developing,unemployment,1966,
Pakistan,PAK,Developing,unemployment,1965,
Pakistan,PAK,Developing,unemployment,1964,
Pakistan,PAK,Developing,unemployment,1963,
Pakistan,PAK,Developing,unemployment,1962,
Pakistan,PAK,Developing,unemployment,1961,
Pakistan,PAK,Developing,unemployment,1960,
Uganda,UGA,Least Developed,electricity_access,2025,
Uganda,UGA,Least Developed,electricity_access,2024,55.3
Uganda,UGA,Least Developed,electricity_access,2023,51.5
Uganda,UGA,Least Developed,electricity_access,2022,47.1
Uganda,UGA,Least Developed,electricity_access,2021,45.2
Uganda,UGA,Least Developed,electricity_access,2020,42.1
Uganda,UGA,Least Developed,electricity_access,2019,41.3
Uganda,UGA,Least Developed,electricity_access,2018,41.9
Uganda,UGA,Least Developed,electricity_access,2017,32.4
Uganda,UGA,Least Developed,electricity_access,2016,26.7
Uganda,UGA,Least Developed,electricity_access,2015,18.5
Uganda,UGA,Least Developed,electricity_access,2014,20.4
Uganda,UGA,Least Developed,electricity_access,2013,13.9
Uganda,UGA,Least Developed,electricity_access,2012,20.5
Uganda,UGA,Least Developed,electricity_access,2011,14.6
Uganda,UGA,Least Developed,electricity_access,2010,12.1
Uganda,UGA,Least Developed,electricity_access,2009,10.0
Uganda,UGA,Least Developed,electricity_access,2008,15.9
Uganda,UGA,Least Developed,electricity_access,2007,14.8
Uganda,UGA,Least Developed,electricity_access,2006,9.0
Uganda,UGA,Least Developed,electricity_access,2005,8.9
Uganda,UGA,Least Developed,electricity_access,2004,11.6
Uganda,UGA,Least Developed,electricity_access,2003,10.5
Uganda,UGA,Least Developed,electricity_access,2002,7.8
Uganda,UGA,Least Developed,electricity_access,2001,8.6
Uganda,UGA,Least Developed,electricity_access,2000,7.4
Uganda,UGA,Least Developed,electricity_access,1999,6.19963407516479
Uganda,UGA,Least Developed,electricity_access,1998,5.07471179962158
Uganda,UGA,Least Developed,electricity_access,1997,3.94494771957397
Uganda,UGA,Least Developed,electricity_access,1996,2.81110429763794
Uganda,UGA,Least Developed,electricity_access,1995,6.8
Uganda,UGA,Least Developed,electricity_access,1994,0.533898532390594
Uganda,UGA,Least Developed,electricity_access,1993,
Uganda,UGA,Least Developed,electricity_access,1992,
Uganda,UGA,Least Developed,electricity_access,1991,5.6
Uganda,UGA,Least Developed,electricity_access,1990,
Uganda,UGA,Least Developed,electricity_access,1989,
Uganda,UGA,Least Developed,electricity_access,1988,
Uganda,UGA,Least Developed,electricity_access,1987,
Uganda,UGA,Least Developed,electricity_access,1986,
Uganda,UGA,Least Developed,electricity_access,1985,
Uganda,UGA,Least Developed,electricity_access,1984,
Uganda,UGA,Least Developed,electricity_access,1983,
Uganda,UGA,Least Developed,electricity_access,1982,
Uganda,UGA,Least Developed,electricity_access,1981,
Uganda,UGA,Least Developed,electricity_access,1980,
Uganda,UGA,Least Developed,electricity_access,1979,
Uganda,UGA,Least Developed,electricity_access,1978,
Uganda,UGA,Least Developed,electricity_access,1977,
Uganda,UGA,Least Developed,electricity_access,1976,
Uganda,UGA,Least Developed,electricity_access,1975,
Uganda,UGA,Least Developed,electricity_access,1974,
Uganda,UGA,Least Developed,electricity_access,1973,
Uganda,UGA,Least Developed,electricity_access,1972,
Uganda,UGA,Least Developed,electricity_access,1971,
Uganda,UGA,Least Developed,electricity_access,1970,
Uganda,UGA,Least Developed,electricity_access,1969,
Uganda,UGA,Least Developed,electricity_access,1968,
Uganda,UGA,Least Developed,electricity_access,1967,
Uganda,UGA,Least Developed,electricity_access,1966,
Uganda,UGA,Least Developed,electricity_access,1965,
Uganda,UGA,Least Developed,electricity_access,1964,
Uganda,UGA,Least Developed,electricity_access,1963,
Uganda,UGA,Least Developed,electricity_access,1962,
Uganda,UGA,Least Developed,electricity_access,1961,
Uganda,UGA,Least Developed,electricity_access,1960,
Uganda,UGA,Least Developed,gdp,2025,61985829288.1496
Uganda,UGA,Least Developed,gdp,2024,53911907079.0485
Uganda,UGA,Least Developed,gdp,2023,48768955863.3175
Uganda,UGA,Least Developed,gdp,2022,45565333210.9108
Uganda,UGA,Least Developed,gdp,2021,40529788748.6737
Uganda,UGA,Least Developed,gdp,2020,37600368241.6657
Uganda,UGA,Least Developed,gdp,2019,35353061003.4359
Uganda,UGA,Least Developed,gdp,2018,32927025619.6795
Uganda,UGA,Least Developed,gdp,2017,30744473841.424
Uganda,UGA,Least Developed,gdp,2016,29203988696.2626
Uganda,UGA,Least Developed,gdp,2015,32387183730.1002
Uganda,UGA,Least Developed,gdp,2014,32612397257.4458
Uganda,UGA,Least Developed,gdp,2013,28915786516.6123
Uganda,UGA,Least Developed,gdp,2012,27305915910.7877
Uganda,UGA,Least Developed,gdp,2011,27871725241.4723
Uganda,UGA,Least Developed,gdp,2010,26673441430.7857
Uganda,UGA,Least Developed,gdp,2009,25127805566.6584
Uganda,UGA,Least Developed,gdp,2008,14440404132.2047
Uganda,UGA,Least Developed,gdp,2007,11902564494.8833
Uganda,UGA,Least Developed,gdp,2006,9977647682.96954
Uganda,UGA,Least Developed,gdp,2005,9239221763.05793
Uganda,UGA,Least Developed,gdp,2004,7939487547.77384
Uganda,UGA,Least Developed,gdp,2003,6606884275.23087
Uganda,UGA,Least Developed,gdp,2002,6178563591.12051
Uganda,UGA,Least Developed,gdp,2001,5840503868.51573
Uganda,UGA,Least Developed,gdp,2000,6193246837.09687
Uganda,UGA,Least Developed,gdp,1999,5998563257.94659
Uganda,UGA,Least Developed,gdp,1998,6584815846.52754
Uganda,UGA,Least Developed,gdp,1997,6269333313.17108
Uganda,UGA,Least Developed,gdp,1996,6044585326.938
Uganda,UGA,Least Developed,gdp,1995,5755818842.49246
Uganda,UGA,Least Developed,gdp,1994,3990430446.71216
Uganda,UGA,Least Developed,gdp,1993,3220439044.18949
Uganda,UGA,Least Developed,gdp,1992,2857457761.90922
Uganda,UGA,Least Developed,gdp,1991,3321729159.62277
Uganda,UGA,Least Developed,gdp,1990,4304399310.30967
Uganda,UGA,Least Developed,gdp,1989,5276480799.33868
Uganda,UGA,Least Developed,gdp,1988,6508931651.66667
Uganda,UGA,Least Developed,gdp,1987,6269522042.11556
Uganda,UGA,Least Developed,gdp,1986,3923244049.95796
Uganda,UGA,Least Developed,gdp,1985,3519695443.52516
Uganda,UGA,Least Developed,gdp,1984,3615647477.05434
Uganda,UGA,Least Developed,gdp,1983,2240333333.33333
Uganda,UGA,Least Developed,gdp,1982,2177500000.0
Uganda,UGA,Least Developed,gdp,1981,1337300000.0
Uganda,UGA,Least Developed,gdp,1980,1244610000.0
Uganda,UGA,Least Developed,gdp,1979,2139025000.0
Uganda,UGA,Least Developed,gdp,1978,2420260869.56522
Uganda,UGA,Least Developed,gdp,1977,2936470588.23529
Uganda,UGA,Least Developed,gdp,1976,2447300000.0
Uganda,UGA,Least Developed,gdp,1975,2359555555.55556
Uganda,UGA,Least Developed,gdp,1974,2098944967.20844
Uganda,UGA,Least Developed,gdp,1973,1701829789.02127
Uganda,UGA,Least Developed,gdp,1972,1490970180.59639
Uganda,UGA,Least Developed,gdp,1971,1417191656.16688
Uganda,UGA,Least Developed,gdp,1970,1259554808.90382
Uganda,UGA,Least Developed,gdp,1969,1168556628.86742
Uganda,UGA,Least Developed,gdp,1968,1037379252.41495
Uganda,UGA,Least Developed,gdp,1967,967240655.186896
Uganda,UGA,Least Developed,gdp,1966,925381492.370153
Uganda,UGA,Least Developed,gdp,1965,884502309.953801
Uganda,UGA,Least Developed,gdp,1964,589247687.30035
Uganda,UGA,Least Developed,gdp,1963,516315231.449087
Uganda,UGA,Least Developed,gdp,1962,449158233.391351
Uganda,UGA,Least Developed,gdp,1961,441667334.611947
Uganda,UGA,Least Developed,gdp,1960,423145605.043164
Uganda,UGA,Least Developed,gdp_per_capita,2025,1206.30450825002
Uganda,UGA,Least Developed,gdp_per_capita,2024,1077.91278438613
Uganda,UGA,Least Developed,gdp_per_capita,2023,1002.30913917142
Uganda,UGA,Least Developed,gdp_per_capita,2022,963.067314117178
Uganda,UGA,Least Developed,gdp_per_capita,2021,882.791717542504
Uganda,UGA,Least Developed,gdp_per_capita,2020,845.766463890124
Uganda,UGA,Least Developed,gdp_per_capita,2019,822.171150036357
Uganda,UGA,Least Developed,gdp_per_capita,2018,792.16570022814
Uganda,UGA,Least Developed,gdp_per_capita,2017,765.218332297361
Uganda,UGA,Least Developed,gdp_per_capita,2016,752.696571725656
Uganda,UGA,Least Developed,gdp_per_capita,2015,862.934610355811
Uganda,UGA,Least Developed,gdp_per_capita,2014,896.054795546394
Uganda,UGA,Least Developed,gdp_per_capita,2013,818.285427416713
Uganda,UGA,Least Developed,gdp_per_capita,2012,795.222867553127
Uganda,UGA,Least Developed,gdp_per_capita,2011,835.620060555838
Uganda,UGA,Least Developed,gdp_per_capita,2010,823.488144282
Uganda,UGA,Least Developed,gdp_per_capita,2009,798.947089938247
Uganda,UGA,Least Developed,gdp_per_capita,2008,472.842681495852
Uganda,UGA,Least Developed,gdp_per_capita,2007,401.389130865581
Uganda,UGA,Least Developed,gdp_per_capita,2006,346.518255310647
Uganda,UGA,Least Developed,gdp_per_capita,2005,330.405402707025
Uganda,UGA,Least Developed,gdp_per_capita,2004,292.38185796262
Uganda,UGA,Least Developed,gdp_per_capita,2003,250.71543664681
Uganda,UGA,Least Developed,gdp_per_capita,2002,241.984688408335
Uganda,UGA,Least Developed,gdp_per_capita,2001,236.021188853993
Uganda,UGA,Least Developed,gdp_per_capita,2000,258.050338731086
Uganda,UGA,Least Developed,gdp_per_capita,1999,257.921949601357
Uganda,UGA,Least Developed,gdp_per_capita,1998,292.453037058835
Uganda,UGA,Least Developed,gdp_per_capita,1997,286.846637912964
Uganda,UGA,Least Developed,gdp_per_capita,1996,284.698259285733
Uganda,UGA,Least Developed,gdp_per_capita,1995,278.520835668767
Uganda,UGA,Least Developed,gdp_per_capita,1994,198.441987998795
Uganda,UGA,Least Developed,gdp_per_capita,1993,165.616476211716
Uganda,UGA,Least Developed,gdp_per_capita,1992,152.113542415537
Uganda,UGA,Least Developed,gdp_per_capita,1991,182.955897348348
Uganda,UGA,Least Developed,gdp_per_capita,1990,244.987168126806
Uganda,UGA,Least Developed,gdp_per_capita,1989,310.186025249445
Uganda,UGA,Least Developed,gdp_per_capita,1988,395.187660960924
Uganda,UGA,Least Developed,gdp_per_capita,1987,392.97074320479
Uganda,UGA,Least Developed,gdp_per_capita,1986,253.643058810817
Uganda,UGA,Least Developed,gdp_per_capita,1985,234.276502777526
Uganda,UGA,Least Developed,gdp_per_capita,1984,247.516937638636
Uganda,UGA,Least Developed,gdp_per_capita,1983,157.527216922525
Uganda,UGA,Least Developed,gdp_per_capita,1982,156.952422909331
Uganda,UGA,Least Developed,gdp_per_capita,1981,98.6467550654109
Uganda,UGA,Least Developed,gdp_per_capita,1980,93.7506991135184
Uganda,UGA,Least Developed,gdp_per_capita,1979,164.513012181127
Uganda,UGA,Least Developed,gdp_per_capita,1978,190.690145097606
Uganda,UGA,Least Developed,gdp_per_capita,1977,237.584889064205
Uganda,UGA,Least Developed,gdp_per_capita,1976,203.309813650809
Uganda,UGA,Least Developed,gdp_per_capita,1975,201.237292844799
Uganda,UGA,Least Developed,gdp_per_capita,1974,183.71757196626
Uganda,UGA,Least Developed,gdp_per_capita,1973,152.709417587824
Uganda,UGA,Least Developed,gdp_per_capita,1972,136.964736487473
Uganda,UGA,Least Developed,gdp_per_capita,1971,133.468088316131
Uganda,UGA,Least Developed,gdp_per_capita,1970,122.030929585629
Uganda,UGA,Least Developed,gdp_per_capita,1969,116.682296330854
Uganda,UGA,Least Developed,gdp_per_capita,1968,106.851228104531
Uganda,UGA,Least Developed,gdp_per_capita,1967,102.80034732844
Uganda,UGA,Least Developed,gdp_per_capita,1966,101.435414620908
Uganda,UGA,Least Developed,gdp_per_capita,1965,99.9527652325075
Uganda,UGA,Least Developed,gdp_per_capita,1964,68.6259930194368
Uganda,UGA,Least Developed,gdp_per_capita,1963,61.9553768191835
Uganda,UGA,Least Developed,gdp_per_capita,1962,55.5048704604887
Uganda,UGA,Least Developed,gdp_per_capita,1961,56.1759278091596
Uganda,UGA,Least Developed,gdp_per_capita,1960,55.3784976132181
Uganda,UGA,Least Developed,life_expectancy,2025,
Uganda,UGA,Least Developed,life_expectancy,2024,68.487
Uganda,UGA,Least Developed,life_expectancy,2023,68.252
Uganda,UGA,Least Developed,life_expectancy,2022,67.675
Uganda,UGA,Least Developed,life_expectancy,2021,66.45
Uganda,UGA,Least Developed,life_expectancy,2020,66.41
Uganda,UGA,Least Developed,life_expectancy,2019,66.354
Uganda,UGA,Least Developed,life_expectancy,2018,65.775
Uganda,UGA,Least Developed,life_expectancy,2017,65.174
Uganda,UGA,Least Developed,life_expectancy,2016,64.494
Uganda,UGA,Least Developed,life_expectancy,2015,63.831
Uganda,UGA,Least Developed,life_expectancy,2014,63.057
Uganda,UGA,Least Developed,life_expectancy,2013,62.353
Uganda,UGA,Least Developed,life_expectancy,2012,61.579
Uganda,UGA,Least Developed,life_expectancy,2011,60.791
Uganda,UGA,Least Developed,life_expectancy,2010,59.959
Uganda,UGA,Least Developed,life_expectancy,2009,59.157
Uganda,UGA,Least Developed,life_expectancy,2008,58.253
Uganda,UGA,Least Developed,life_expectancy,2007,57.248
Uganda,UGA,Least Developed,life_expectancy,2006,56.118
Uganda,UGA,Least Developed,life_expectancy,2005,54.926
Uganda,UGA,Least Developed,life_expectancy,2004,53.699
Uganda,UGA,Least Developed,life_expectancy,2003,52.414
Uganda,UGA,Least Developed,life_expectancy,2002,51.443
Uganda,UGA,Least Developed,life_expectancy,2001,50.576
Uganda,UGA,Least Developed,life_expectancy,2000,49.64
Uganda,UGA,Least Developed,life_expectancy,1999,48.977
Uganda,UGA,Least Developed,life_expectancy,1998,48.263
Uganda,UGA,Least Developed,life_expectancy,1997,48.026
Uganda,UGA,Least Developed,life_expectancy,1996,47.759
Uganda,UGA,Least Developed,life_expectancy,1995,47.706
Uganda,UGA,Least Developed,life_expectancy,1994,47.675
Uganda,UGA,Least Developed,life_expectancy,1993,47.681
Uganda,UGA,Least Developed,life_expectancy,1992,47.671
Uganda,UGA,Least Developed,life_expectancy,1991,47.549
Uganda,UGA,Least Developed,life_expectancy,1990,47.561
Uganda,UGA,Least Developed,life_expectancy,1989,47.488
Uganda,UGA,Least Developed,life_expectancy,1988,47.476
Uganda,UGA,Least Developed,life_expectancy,1987,47.36
Uganda,UGA,Least Developed,life_expectancy,1986,45.651
Uganda,UGA,Least Developed,life_expectancy,1985,45.496
Uganda,UGA,Least Developed,life_expectancy,1984,43.706
Uganda,UGA,Least Developed,life_expectancy,1983,43.489
Uganda,UGA,Least Developed,life_expectancy,1982,43.309
Uganda,UGA,Least Developed,life_expectancy,1981,43.456
Uganda,UGA,Least Developed,life_expectancy,1980,43.453
Uganda,UGA,Least Developed,life_expectancy,1979,45.385
Uganda,UGA,Least Developed,life_expectancy,1978,45.596
Uganda,UGA,Least Developed,life_expectancy,1977,45.84
Uganda,UGA,Least Developed,life_expectancy,1976,46.169
Uganda,UGA,Least Developed,life_expectancy,1975,46.517
Uganda,UGA,Least Developed,life_expectancy,1974,46.861
Uganda,UGA,Least Developed,life_expectancy,1973,46.992
Uganda,UGA,Least Developed,life_expectancy,1972,47.162
Uganda,UGA,Least Developed,life_expectancy,1971,47.147
Uganda,UGA,Least Developed,life_expectancy,1970,49.621
Uganda,UGA,Least Developed,life_expectancy,1969,49.505
Uganda,UGA,Least Developed,life_expectancy,1968,49.285
Uganda,UGA,Least Developed,life_expectancy,1967,49.006
Uganda,UGA,Least Developed,life_expectancy,1966,48.463
Uganda,UGA,Least Developed,life_expectancy,1965,48.303
Uganda,UGA,Least Developed,life_expectancy,1964,47.846
Uganda,UGA,Least Developed,life_expectancy,1963,47.378
Uganda,UGA,Least Developed,life_expectancy,1962,46.821
Uganda,UGA,Least Developed,life_expectancy,1961,46.271
Uganda,UGA,Least Developed,life_expectancy,1960,45.633
Uganda,UGA,Least Developed,population,2025,51384894.0
Uganda,UGA,Least Developed,population,2024,50015092.0
Uganda,UGA,Least Developed,population,2023,48656601.0
Uganda,UGA,Least Developed,population,2022,47312719.0
Uganda,UGA,Least Developed,population,2021,45910930.0
Uganda,UGA,Least Developed,population,2020,44457152.0
Uganda,UGA,Least Developed,population,2019,42999637.0
Uganda,UGA,Least Developed,population,2018,41565831.0
Uganda,UGA,Least Developed,population,2017,40177388.0
Uganda,UGA,Least Developed,population,2016,38799152.0
Uganda,UGA,Least Developed,population,2015,37531446.0
Uganda,UGA,Least Developed,population,2014,36395539.0
Uganda,UGA,Least Developed,population,2013,35337042.0
Uganda,UGA,Least Developed,population,2012,34337438.0
Uganda,UGA,Least Developed,population,2011,33354543.0
Uganda,UGA,Least Developed,population,2010,32390802.0
Uganda,UGA,Least Developed,population,2009,31451151.0
Uganda,UGA,Least Developed,population,2008,30539553.0
Uganda,UGA,Least Developed,population,2007,29653430.0
Uganda,UGA,Least Developed,population,2006,28794003.0
Uganda,UGA,Least Developed,population,2005,27963289.0
Uganda,UGA,Least Developed,population,2004,27154515.0
Uganda,UGA,Least Developed,population,2003,26352124.0
Uganda,UGA,Least Developed,population,2002,25532870.0
Uganda,UGA,Least Developed,population,2001,24745676.0
Uganda,UGA,Least Developed,population,2000,24000150.0
Uganda,UGA,Least Developed,population,1999,23257281.0
Uganda,UGA,Least Developed,population,1998,22515806.0
Uganda,UGA,Least Developed,population,1997,21856046.0
Uganda,UGA,Least Developed,population,1996,21231550.0
Uganda,UGA,Least Developed,population,1995,20665667.0
Uganda,UGA,Least Developed,population,1994,20108801.0
Uganda,UGA,Least Developed,population,1993,19445161.0
Uganda,UGA,Least Developed,population,1992,18785032.0
Uganda,UGA,Least Developed,population,1991,18155901.0
Uganda,UGA,Least Developed,population,1990,17569897.0
Uganda,UGA,Least Developed,population,1989,17010698.0
Uganda,UGA,Least Developed,population,1988,16470483.0
Uganda,UGA,Least Developed,population,1987,15954170.0
Uganda,UGA,Least Developed,population,1986,15467579.0
Uganda,UGA,Least Developed,population,1985,15023681.0
Uganda,UGA,Least Developed,population,1984,14607677.0
Uganda,UGA,Least Developed,population,1983,14221881.0
Uganda,UGA,Least Developed,population,1982,13873631.0
Uganda,UGA,Least Developed,population,1981,13556452.0
Uganda,UGA,Least Developed,population,1980,13275741.0
Uganda,UGA,Least Developed,population,1979,13002163.0
Uganda,UGA,Least Developed,population,1978,12692113.0
Uganda,UGA,Least Developed,population,1977,12359669.0
Uganda,UGA,Least Developed,population,1976,12037294.0
Uganda,UGA,Least Developed,population,1975,11725240.0
Uganda,UGA,Least Developed,population,1974,11424846.0
Uganda,UGA,Least Developed,population,1973,11144236.0
Uganda,UGA,Least Developed,population,1972,10885796.0
Uganda,UGA,Least Developed,population,1971,10618206.0
Uganda,UGA,Least Developed,population,1970,10321603.0
Uganda,UGA,Least Developed,population,1969,10014858.0
Uganda,UGA,Least Developed,population,1968,9708632.0
Uganda,UGA,Least Developed,population,1967,9408924.0
Uganda,UGA,Least Developed,population,1966,9122864.0
Uganda,UGA,Least Developed,population,1965,8849203.0
Uganda,UGA,Least Developed,population,1964,8586363.0
Uganda,UGA,Least Developed,population,1963,8333663.0
Uganda,UGA,Least Developed,population,1962,8092231.0
Uganda,UGA,Least Developed,population,1961,7862217.0
Uganda,UGA,Least Developed,population,1960,7640973.0
Uganda,UGA,Least Developed,school_enrollment,2025,
Uganda,UGA,Least Developed,school_enrollment,2024,
Uganda,UGA,Least Developed,school_enrollment,2023,
Uganda,UGA,Least Developed,school_enrollment,2022,
Uganda,UGA,Least Developed,school_enrollment,2021,
Uganda,UGA,Least Developed,school_enrollment,2020,
Uganda,UGA,Least Developed,school_enrollment,2019,
Uganda,UGA,Least Developed,school_enrollment,2018,
Uganda,UGA,Least Developed,school_enrollment,2017,
Uganda,UGA,Least Developed,school_enrollment,2016,
Uganda,UGA,Least Developed,school_enrollment,2015,
Uganda,UGA,Least Developed,school_enrollment,2014,
Uganda,UGA,Least Developed,school_enrollment,2013,
Uganda,UGA,Least Developed,school_enrollment,2012,
Uganda,UGA,Least Developed,school_enrollment,2011,
Uganda,UGA,Least Developed,school_enrollment,2010,
Uganda,UGA,Least Developed,school_enrollment,2009,
Uganda,UGA,Least Developed,school_enrollment,2008,
Uganda,UGA,Least Developed,school_enrollment,2007,24.0911102294922
Uganda,UGA,Least Developed,school_enrollment,2006,
Uganda,UGA,Least Developed,school_enrollment,2005,
Uganda,UGA,Least Developed,school_enrollment,2004,19.1225490570068
Uganda,UGA,Least Developed,school_enrollment,2003,
Uganda,UGA,Least Developed,school_enrollment,2002,
Uganda,UGA,Least Developed,school_enrollment,2001,
Uganda,UGA,Least Developed,school_enrollment,2000,
Uganda,UGA,Least Developed,school_enrollment,1999,
Uganda,UGA,Least Developed,school_enrollment,1998,
Uganda,UGA,Least Developed,school_enrollment,1997,10.1793003082275
Uganda,UGA,Least Developed,school_enrollment,1996,
Uganda,UGA,Least Developed,school_enrollment,1995,10.6459398269653
Uganda,UGA,Least Developed,school_enrollment,1994,10.2928104400635
Uganda,UGA,Least Developed,school_enrollment,1993,10.0285797119141
Uganda,UGA,Least Developed,school_enrollment,1992,10.0910997390747
Uganda,UGA,Least Developed,school_enrollment,1991,10.3139801025391
Uganda,UGA,Least Developed,school_enrollment,1990,11.0182104110718
Uganda,UGA,Least Developed,school_enrollment,1989,
Uganda,UGA,Least Developed,school_enrollment,1988,11.3819599151611
Uganda,UGA,Least Developed,school_enrollment,1987,10.7959995269775
Uganda,UGA,Least Developed,school_enrollment,1986,9.7850399017334
Uganda,UGA,Least Developed,school_enrollment,1985,8.47751045227051
Uganda,UGA,Least Developed,school_enrollment,1984,7.92201995849609
Uganda,UGA,Least Developed,school_enrollment,1983,6.74786996841431
Uganda,UGA,Least Developed,school_enrollment,1982,7.60493993759155
Uganda,UGA,Least Developed,school_enrollment,1981,5.11131000518799
Uganda,UGA,Least Developed,school_enrollment,1980,4.8145899772644
Uganda,UGA,Least Developed,school_enrollment,1979,4.45361995697021
Uganda,UGA,Least Developed,school_enrollment,1978,4.35549020767212
Uganda,UGA,Least Developed,school_enrollment,1977,4.27235984802246
Uganda,UGA,Least Developed,school_enrollment,1976,4.16145992279053
Uganda,UGA,Least Developed,school_enrollment,1975,3.52420997619629
Uganda,UGA,Least Developed,school_enrollment,1974,3.50662994384766
Uganda,UGA,Least Developed,school_enrollment,1973,3.5278799533844
Uganda,UGA,Least Developed,school_enrollment,1972,
Uganda,UGA,Least Developed,school_enrollment,1971,
Uganda,UGA,Least Developed,school_enrollment,1970,3.47943997383118
Uganda,UGA,Least Developed,school_enrollment,1969,
Uganda,UGA,Least Developed,school_enrollment,1968,
Uganda,UGA,Least Developed,school_enrollment,1967,
Uganda,UGA,Least Developed,school_enrollment,1966,
Uganda,UGA,Least Developed,school_enrollment,1965,
Uganda,UGA,Least Developed,school_enrollment,1964,
Uganda,UGA,Least Developed,school_enrollment,1963,
Uganda,UGA,Least Developed,school_enrollment,1962,
Uganda,UGA,Least Developed,school_enrollment,1961,
Uganda,UGA,Least Developed,school_enrollment,1960,
Uganda,UGA,Least Developed,unemployment,2025,2.746
Uganda,UGA,Least Developed,unemployment,2024,2.74
Uganda,UGA,Least Developed,unemployment,2023,2.754
Uganda,UGA,Least Developed,unemployment,2022,2.885
Uganda,UGA,Least Developed,unemployment,2021,3.416
Uganda,UGA,Least Developed,unemployment,2020,3.819
Uganda,UGA,Least Developed,unemployment,2019,3.057
Uganda,UGA,Least Developed,unemployment,2018,3.249
Uganda,UGA,Least Developed,unemployment,2017,3.428
Uganda,UGA,Least Developed,unemployment,2016,3.002
Uganda,UGA,Least Developed,unemployment,2015,2.681
Uganda,UGA,Least Developed,unemployment,2014,2.357
Uganda,UGA,Least Developed,unemployment,2013,1.91
Uganda,UGA,Least Developed,unemployment,2012,3.551
Uganda,UGA,Least Developed,unemployment,2011,3.523
Uganda,UGA,Least Developed,unemployment,2010,3.623
Uganda,UGA,Least Developed,unemployment,2009,3.6
Uganda,UGA,Least Developed,unemployment,2008,3.035
Uganda,UGA,Least Developed,unemployment,2007,2.667
Uganda,UGA,Least Developed,unemployment,2006,2.264
Uganda,UGA,Least Developed,unemployment,2005,1.9
Uganda,UGA,Least Developed,unemployment,2004,2.699
Uganda,UGA,Least Developed,unemployment,2003,3.6
Uganda,UGA,Least Developed,unemployment,2002,3.5
Uganda,UGA,Least Developed,unemployment,2001,3.522
Uganda,UGA,Least Developed,unemployment,2000,3.531
Uganda,UGA,Least Developed,unemployment,1999,3.46
Uganda,UGA,Least Developed,unemployment,1998,3.424
Uganda,UGA,Least Developed,unemployment,1997,3.209
Uganda,UGA,Least Developed,unemployment,1996,3.169
Uganda,UGA,Least Developed,unemployment,1995,3.193
Uganda,UGA,Least Developed,unemployment,1994,3.458
Uganda,UGA,Least Developed,unemployment,1993,3.487
Uganda,UGA,Least Developed,unemployment,1992,3.553
Uganda,UGA,Least Developed,unemployment,1991,3.448
Uganda,UGA,Least Developed,unemployment,1990,
Uganda,UGA,Least Developed,unemployment,1989,
Uganda,UGA,Least Developed,unemployment,1988,
Uganda,UGA,Least Developed,unemployment,1987,
Uganda,UGA,Least Developed,unemployment,1986,
Uganda,UGA,Least Developed,unemployment,1985,
Uganda,UGA,Least Developed,unemployment,1984,
Uganda,UGA,Least Developed,unemployment,1983,
Uganda,UGA,Least Developed,unemployment,1982,
Uganda,UGA,Least Developed,unemployment,1981,
Uganda,UGA,Least Developed,unemployment,1980,
Uganda,UGA,Least Developed,unemployment,1979,
Uganda,UGA,Least Developed,unemployment,1978,
Uganda,UGA,Least Developed,unemployment,1977,
Uganda,UGA,Least Developed,unemployment,1976,
Uganda,UGA,Least Developed,unemployment,1975,
Uganda,UGA,Least Developed,unemployment,1974,
Uganda,UGA,Least Developed,unemployment,1973,
Uganda,UGA,Least Developed,unemployment,1972,
Uganda,UGA,Least Developed,unemployment,1971,
Uganda,UGA,Least Developed,unemployment,1970,
Uganda,UGA,Least Developed,unemployment,1969,
Uganda,UGA,Least Developed,unemployment,1968,
Uganda,UGA,Least Developed,unemployment,1967,
Uganda,UGA,Least Developed,unemployment,1966,
Uganda,UGA,Least Developed,unemployment,1965,
Uganda,UGA,Least Developed,unemployment,1964,
Uganda,UGA,Least Developed,unemployment,1963,
Uganda,UGA,Least Developed,unemployment,1962,
Uganda,UGA,Least Developed,unemployment,1961,
Uganda,UGA,Least Developed,unemployment,1960,
United States,USA,Developed,electricity_access,2025,
United States,USA,Developed,electricity_access,2024,100.0
United States,USA,Developed,electricity_access,2023,100.0
United States,USA,Developed,electricity_access,2022,100.0
United States,USA,Developed,electricity_access,2021,100.0
United States,USA,Developed,electricity_access,2020,100.0
United States,USA,Developed,electricity_access,2019,100.0
United States,USA,Developed,electricity_access,2018,100.0
United States,USA,Developed,electricity_access,2017,100.0
United States,USA,Developed,electricity_access,2016,100.0
United States,USA,Developed,electricity_access,2015,100.0
United States,USA,Developed,electricity_access,2014,100.0
United States,USA,Developed,electricity_access,2013,100.0
United States,USA,Developed,electricity_access,2012,100.0
United States,USA,Developed,electricity_access,2011,100.0
United States,USA,Developed,electricity_access,2010,100.0
United States,USA,Developed,electricity_access,2009,100.0
United States,USA,Developed,electricity_access,2008,100.0
United States,USA,Developed,electricity_access,2007,100.0
United States,USA,Developed,electricity_access,2006,100.0
United States,USA,Developed,electricity_access,2005,100.0
United States,USA,Developed,electricity_access,2004,100.0
United States,USA,Developed,electricity_access,2003,100.0
United States,USA,Developed,electricity_access,2002,100.0
United States,USA,Developed,electricity_access,2001,100.0
United States,USA,Developed,electricity_access,2000,100.0
United States,USA,Developed,electricity_access,1999,100.0
United States,USA,Developed,electricity_access,1998,100.0
United States,USA,Developed,electricity_access,1997,100.0
United States,USA,Developed,electricity_access,1996,100.0
United States,USA,Developed,electricity_access,1995,100.0
United States,USA,Developed,electricity_access,1994,100.0
United States,USA,Developed,electricity_access,1993,100.0
United States,USA,Developed,electricity_access,1992,100.0
United States,USA,Developed,electricity_access,1991,100.0
United States,USA,Developed,electricity_access,1990,100.0
United States,USA,Developed,electricity_access,1989,
United States,USA,Developed,electricity_access,1988,
United States,USA,Developed,electricity_access,1987,
United States,USA,Developed,electricity_access,1986,
United States,USA,Developed,electricity_access,1985,
United States,USA,Developed,electricity_access,1984,
United States,USA,Developed,electricity_access,1983,
United States,USA,Developed,electricity_access,1982,
United States,USA,Developed,electricity_access,1981,
United States,USA,Developed,electricity_access,1980,
United States,USA,Developed,electricity_access,1979,
United States,USA,Developed,electricity_access,1978,
United States,USA,Developed,electricity_access,1977,
United States,USA,Developed,electricity_access,1976,
United States,USA,Developed,electricity_access,1975,
United States,USA,Developed,electricity_access,1974,
United States,USA,Developed,electricity_access,1973,
United States,USA,Developed,electricity_access,1972,
United States,USA,Developed,electricity_access,1971,
United States,USA,Developed,electricity_access,1970,
United States,USA,Developed,electricity_access,1969,
United States,USA,Developed,electricity_access,1968,
United States,USA,Developed,electricity_access,1967,
United States,USA,Developed,electricity_access,1966,
United States,USA,Developed,electricity_access,1965,
United States,USA,Developed,electricity_access,1964,
United States,USA,Developed,electricity_access,1963,
United States,USA,Developed,electricity_access,1962,
United States,USA,Developed,electricity_access,1961,
United States,USA,Developed,electricity_access,1960,
United States,USA,Developed,gdp,2025,30769700000000.0
United States,USA,Developed,gdp,2024,29298013000000.0
United States,USA,Developed,gdp,2023,27811517000000.0
United States,USA,Developed,gdp,2022,26054614000000.0
United States,USA,Developed,gdp,2021,23725645000000.0
United States,USA,Developed,gdp,2020,21375281000000.0
United States,USA,Developed,gdp,2019,21539982000000.0
United States,USA,Developed,gdp,2018,20656516000000.0
United States,USA,Developed,gdp,2017,19612102000000.0
United States,USA,Developed,gdp,2016,18804913000000.0
United States,USA,Developed,gdp,2015,18295019000000.0
United States,USA,Developed,gdp,2014,17608138000000.0
United States,USA,Developed,gdp,2013,16880683000000.0
United States,USA,Developed,gdp,2012,16253970000000.0
United States,USA,Developed,gdp,2011,15599732000000.0
United States,USA,Developed,gdp,2010,15048971000000.0
United States,USA,Developed,gdp,2009,14478067000000.0
United States,USA,Developed,gdp,2008,14769862000000.0
United States,USA,Developed,gdp,2007,14474228000000.0
United States,USA,Developed,gdp,2006,13815583000000.0
United States,USA,Developed,gdp,2005,13039197000000.0
United States,USA,Developed,gdp,2004,12217196000000.0
United States,USA,Developed,gdp,2003,11456450000000.0
United States,USA,Developed,gdp,2002,10929108000000.0
United States,USA,Developed,gdp,2001,10581929000000.0
United States,USA,Developed,gdp,2000,10250952000000.0
United States,USA,Developed,gdp,1999,9631172000000.0
United States,USA,Developed,gdp,1998,9062817000000.0
United States,USA,Developed,gdp,1997,8577552000000.0
United States,USA,Developed,gdp,1996,8073122000000.0
United States,USA,Developed,gdp,1995,7639749000000.0
United States,USA,Developed,gdp,1994,7287236000000.0
United States,USA,Developed,gdp,1993,6858559000000.0
United States,USA,Developed,gdp,1992,6520327000000.0
United States,USA,Developed,gdp,1991,6158129000000.0
United States,USA,Developed,gdp,1990,5963144000000.0
United States,USA,Developed,gdp,1989,5641580000000.0
United States,USA,Developed,gdp,1988,5236438000000.0
United States,USA,Developed,gdp,1987,4855215000000.0
United States,USA,Developed,gdp,1986,4579631000000.0
United States,USA,Developed,gdp,1985,4338979000000.0
United States,USA,Developed,gdp,1984,4037613000000.0
United States,USA,Developed,gdp,1983,3634038000000.0
United States,USA,Developed,gdp,1982,3343789000000.0
United States,USA,Developed,gdp,1981,3207041000000.0
United States,USA,Developed,gdp,1980,2857307000000.0
United States,USA,Developed,gdp,1979,2627333000000.0
United States,USA,Developed,gdp,1978,2351599000000.0
United States,USA,Developed,gdp,1977,2081826000000.0
United States,USA,Developed,gdp,1976,1873412000000.0
United States,USA,Developed,gdp,1975,1684904000000.0
United States,USA,Developed,gdp,1974,1545243000000.0
United States,USA,Developed,gdp,1973,1425376000000.0
United States,USA,Developed,gdp,1972,1279110000000.0
United States,USA,Developed,gdp,1971,1164850000000.0
United States,USA,Developed,gdp,1970,1073303000000.0
United States,USA,Developed,gdp,1969,1017438172413.79
United States,USA,Developed,gdp,1968,940225000000.0
United States,USA,Developed,gdp,1967,859620034482.759
United States,USA,Developed,gdp,1966,813032758620.69
United States,USA,Developed,gdp,1965,741904862068.965
United States,USA,Developed,gdp,1964,684144620689.655
United States,USA,Developed,gdp,1963,637058551724.138
United States,USA,Developed,gdp,1962,603639413793.103
United States,USA,Developed,gdp,1961,561940310344.828
United States,USA,Developed,gdp,1960,541988586206.897
United States,USA,Developed,gdp_per_capita,2025,90026.5163005744
United States,USA,Developed,gdp_per_capita,2024,86169.6641581917
United States,USA,Developed,gdp_per_capita,2023,82586.7847707894
United States,USA,Developed,gdp_per_capita,2022,78008.6895811877
United States,USA,Developed,gdp_per_capita,2021,71441.2319805947
United States,USA,Developed,gdp_per_capita,2020,64465.2971415748
United States,USA,Developed,gdp_per_capita,2019,65227.9565911038
United States,USA,Developed,gdp_per_capita,2018,62875.6661382728
United States,USA,Developed,gdp_per_capita,2017,60047.7190728307
United States,USA,Developed,gdp_per_capita,2016,57976.628204291
United States,USA,Developed,gdp_per_capita,2015,56849.4697923159
United States,USA,Developed,gdp_per_capita,2014,55153.3940182967
United States,USA,Developed,gdp_per_capita,2013,53297.3862901595
United States,USA,Developed,gdp_per_capita,2012,51708.3940614082
United States,USA,Developed,gdp_per_capita,2011,50024.8812320773
United States,USA,Developed,gdp_per_capita,2010,48642.6312088213
United States,USA,Developed,gdp_per_capita,2009,47194.9500893872
United States,USA,Developed,gdp_per_capita,2008,48570.0594269601
United States,USA,Developed,gdp_per_capita,2007,48050.227412195
United States,USA,Developed,gdp_per_capita,2006,46301.9876485519
United States,USA,Developed,gdp_per_capita,2005,44123.3996470026
United States,USA,Developed,gdp_per_capita,2004,41724.6411982614
United States,USA,Developed,gdp_per_capita,2003,39490.3023903176
United States,USA,Developed,gdp_per_capita,2002,37997.7424300242
United States,USA,Developed,gdp_per_capita,2001,37133.6203973517
United States,USA,Developed,gdp_per_capita,2000,36329.9702595751
United States,USA,Developed,gdp_per_capita,1999,34515.3813073394
United States,USA,Developed,gdp_per_capita,1998,32853.6725949234
United States,USA,Developed,gdp_per_capita,1997,31459.1299691554
United States,USA,Developed,gdp_per_capita,1996,29967.7127181749
United States,USA,Developed,gdp_per_capita,1995,28690.8757013347
United States,USA,Developed,gdp_per_capita,1994,27694.853416234
United States,USA,Developed,gdp_per_capita,1993,26387.2937338171
United States,USA,Developed,gdp_per_capita,1992,25418.9907763319
United States,USA,Developed,gdp_per_capita,1991,24342.2589048189
United States,USA,Developed,gdp_per_capita,1990,23888.6000088133
United States,USA,Developed,gdp_per_capita,1989,22857.1544330056
United States,USA,Developed,gdp_per_capita,1988,21417.0119305191
United States,USA,Developed,gdp_per_capita,1987,20038.9410992658
United States,USA,Developed,gdp_per_capita,1986,19071.2271949295
United States,USA,Developed,gdp_per_capita,1985,18236.8277265009
United States,USA,Developed,gdp_per_capita,1984,17121.2254849995
United States,USA,Developed,gdp_per_capita,1983,15543.8937174925
United States,USA,Developed,gdp_per_capita,1982,14433.787727053
United States,USA,Developed,gdp_per_capita,1981,13976.10539252
United States,USA,Developed,gdp_per_capita,1980,12574.7915062163
United States,USA,Developed,gdp_per_capita,1979,11674.1818666548
United States,USA,Developed,gdp_per_capita,1978,10564.9482220275
United States,USA,Developed,gdp_per_capita,1977,9452.57651914511
United States,USA,Developed,gdp_per_capita,1976,8592.25353727612
United States,USA,Developed,gdp_per_capita,1975,7801.45666356443
United States,USA,Developed,gdp_per_capita,1974,7225.69135952566
United States,USA,Developed,gdp_per_capita,1973,6726.35895596695
United States,USA,Developed,gdp_per_capita,1972,6094.01798986165
United States,USA,Developed,gdp_per_capita,1971,5609.38259952519
United States,USA,Developed,gdp_per_capita,1970,5234.2966662115
United States,USA,Developed,gdp_per_capita,1969,5019.99818634473
United States,USA,Developed,gdp_per_capita,1968,4684.58840293763
United States,USA,Developed,gdp_per_capita,1967,4325.95935063186
United States,USA,Developed,gdp_per_capita,1966,4136.30829579106
United States,USA,Developed,gdp_per_capita,1965,3818.28825117968
United States,USA,Developed,gdp_per_capita,1964,3565.31443016356
United States,USA,Developed,gdp_per_capita,1963,3366.36978960346
United States,USA,Developed,gdp_per_capita,1962,3236.01311150062
United States,USA,Developed,gdp_per_capita,1961,3059.16082086127
United States,USA,Developed,gdp_per_capita,1960,2999.86487154495
United States,USA,Developed,life_expectancy,2025,
United States,USA,Developed,life_expectancy,2024,78.890243902439
United States,USA,Developed,life_expectancy,2023,78.3853658536585
United States,USA,Developed,life_expectancy,2022,77.4341463414634
United States,USA,Developed,life_expectancy,2021,76.3292682926829
United States,USA,Developed,life_expectancy,2020,76.9804878048781
United States,USA,Developed,life_expectancy,2019,78.7878048780488
United States,USA,Developed,life_expectancy,2018,78.6390243902439
United States,USA,Developed,life_expectancy,2017,78.5390243902439
United States,USA,Developed,life_expectancy,2016,78.5390243902439
United States,USA,Developed,life_expectancy,2015,78.690243902439
United States,USA,Developed,life_expectancy,2014,78.8414634146341
United States,USA,Developed,life_expectancy,2013,78.7414634146342
United States,USA,Developed,life_expectancy,2012,78.7414634146342
United States,USA,Developed,life_expectancy,2011,78.6414634146341
United States,USA,Developed,life_expectancy,2010,78.5414634146342
United States,USA,Developed,life_expectancy,2009,78.390243902439
United States,USA,Developed,life_expectancy,2008,78.0390243902439
United States,USA,Developed,life_expectancy,2007,77.9878048780488
United States,USA,Developed,life_expectancy,2006,77.6878048780488
United States,USA,Developed,life_expectancy,2005,77.4878048780488
United States,USA,Developed,life_expectancy,2004,77.4878048780488
United States,USA,Developed,life_expectancy,2003,77.0365853658537
United States,USA,Developed,life_expectancy,2002,76.9365853658537
United States,USA,Developed,life_expectancy,2001,76.8365853658537
United States,USA,Developed,life_expectancy,2000,76.6365853658537
United States,USA,Developed,life_expectancy,1999,76.5829268292683
United States,USA,Developed,life_expectancy,1998,76.5804878048781
United States,USA,Developed,life_expectancy,1997,76.4292682926829
United States,USA,Developed,life_expectancy,1996,76.0268292682927
United States,USA,Developed,life_expectancy,1995,75.6219512195122
United States,USA,Developed,life_expectancy,1994,75.619512195122
United States,USA,Developed,life_expectancy,1993,75.419512195122
United States,USA,Developed,life_expectancy,1992,75.6170731707317
United States,USA,Developed,life_expectancy,1991,75.3658536585366
United States,USA,Developed,life_expectancy,1990,75.2146341463415
United States,USA,Developed,life_expectancy,1989,75.0170731707317
United States,USA,Developed,life_expectancy,1988,74.7658536585366
United States,USA,Developed,life_expectancy,1987,74.7658536585366
United States,USA,Developed,life_expectancy,1986,74.6146341463415
United States,USA,Developed,life_expectancy,1985,74.5634146341464
United States,USA,Developed,life_expectancy,1984,74.5634146341464
United States,USA,Developed,life_expectancy,1983,74.4634146341463
United States,USA,Developed,life_expectancy,1982,74.3609756097561
United States,USA,Developed,life_expectancy,1981,74.009756097561
United States,USA,Developed,life_expectancy,1980,73.609756097561
United States,USA,Developed,life_expectancy,1979,73.8048780487805
United States,USA,Developed,life_expectancy,1978,73.3560975609756
United States,USA,Developed,life_expectancy,1977,73.2560975609756
United States,USA,Developed,life_expectancy,1976,72.8560975609756
United States,USA,Developed,life_expectancy,1975,72.6048780487805
United States,USA,Developed,life_expectancy,1974,71.9560975609756
United States,USA,Developed,life_expectancy,1973,71.3560975609756
United States,USA,Developed,life_expectancy,1972,71.1560975609756
United States,USA,Developed,life_expectancy,1971,71.1073170731707
United States,USA,Developed,life_expectancy,1970,70.8073170731707
United States,USA,Developed,life_expectancy,1969,70.5073170731708
United States,USA,Developed,life_expectancy,1968,69.9512195121951
United States,USA,Developed,life_expectancy,1967,70.5609756097561
United States,USA,Developed,life_expectancy,1966,70.2121951219512
United States,USA,Developed,life_expectancy,1965,70.2146341463415
United States,USA,Developed,life_expectancy,1964,70.1658536585366
United States,USA,Developed,life_expectancy,1963,69.9170731707317
United States,USA,Developed,life_expectancy,1962,70.119512195122
United States,USA,Developed,life_expectancy,1961,70.2707317073171
United States,USA,Developed,life_expectancy,1960,69.7707317073171
United States,USA,Developed,population,2025,341784857.0
United States,USA,Developed,population,2024,340003797.0
United States,USA,Developed,population,2023,336755052.0
United States,USA,Developed,population,2022,333996304.0
United States,USA,Developed,population,2021,332100166.0
United States,USA,Developed,population,2020,331578104.0
United States,USA,Developed,population,2019,330226227.0
United States,USA,Developed,population,2018,328529577.0
United States,USA,Developed,population,2017,326608609.0
United States,USA,Developed,population,2016,324353340.0
United States,USA,Developed,population,2015,321815121.0
United States,USA,Developed,population,2014,319257560.0
United States,USA,Developed,population,2013,316726282.0
United States,USA,Developed,population,2012,314339099.0
United States,USA,Developed,population,2011,311839461.0
United States,USA,Developed,population,2010,309378227.0
United States,USA,Developed,population,2009,306771529.0
United States,USA,Developed,population,2008,304093966.0
United States,USA,Developed,population,2007,301231207.0
United States,USA,Developed,population,2006,298379912.0
United States,USA,Developed,population,2005,295516599.0
United States,USA,Developed,population,2004,292805298.0
United States,USA,Developed,population,2003,290107933.0
United States,USA,Developed,population,2002,287625193.0
United States,USA,Developed,population,2001,284968955.0
United States,USA,Developed,population,2000,282162411.0
United States,USA,Developed,population,1999,279040000.0
United States,USA,Developed,population,1998,275854000.0
United States,USA,Developed,population,1997,272657000.0
United States,USA,Developed,population,1996,269394000.0
United States,USA,Developed,population,1995,266278000.0
United States,USA,Developed,population,1994,263126000.0
United States,USA,Developed,population,1993,259919000.0
United States,USA,Developed,population,1992,256514000.0
United States,USA,Developed,population,1991,252981000.0
United States,USA,Developed,population,1990,249623000.0
United States,USA,Developed,population,1989,246819000.0
United States,USA,Developed,population,1988,244499000.0
United States,USA,Developed,population,1987,242289000.0
United States,USA,Developed,population,1986,240133000.0
United States,USA,Developed,population,1985,237924000.0
United States,USA,Developed,population,1984,235825000.0
United States,USA,Developed,population,1983,233792000.0
United States,USA,Developed,population,1982,231664000.0
United States,USA,Developed,population,1981,229466000.0
United States,USA,Developed,population,1980,227225000.0
United States,USA,Developed,population,1979,225055000.0
United States,USA,Developed,population,1978,222585000.0
United States,USA,Developed,population,1977,220239000.0
United States,USA,Developed,population,1976,218035000.0
United States,USA,Developed,population,1975,215973000.0
United States,USA,Developed,population,1974,213854000.0
United States,USA,Developed,population,1973,211909000.0
United States,USA,Developed,population,1972,209896000.0
United States,USA,Developed,population,1971,207661000.0
United States,USA,Developed,population,1970,205052000.0
United States,USA,Developed,population,1969,202677000.0
United States,USA,Developed,population,1968,200706000.0
United States,USA,Developed,population,1967,198712000.0
United States,USA,Developed,population,1966,196560000.0
United States,USA,Developed,population,1965,194303000.0
United States,USA,Developed,population,1964,191889000.0
United States,USA,Developed,population,1963,189242000.0
United States,USA,Developed,population,1962,186538000.0
United States,USA,Developed,population,1961,183691000.0
United States,USA,Developed,population,1960,180671000.0
United States,USA,Developed,school_enrollment,2025,
United States,USA,Developed,school_enrollment,2024,
United States,USA,Developed,school_enrollment,2023,
United States,USA,Developed,school_enrollment,2022,97.4734878540039
United States,USA,Developed,school_enrollment,2021,101.192489624023
United States,USA,Developed,school_enrollment,2020,100.509819030762
United States,USA,Developed,school_enrollment,2019,100.063430786133
United States,USA,Developed,school_enrollment,2018,99.2755813598633
United States,USA,Developed,school_enrollment,2017,98.9523391723633
United States,USA,Developed,school_enrollment,2016,98.7699279785156
United States,USA,Developed,school_enrollment,2015,97.6525497436523
United States,USA,Developed,school_enrollment,2014,96.9245376586914
United States,USA,Developed,school_enrollment,2013,96.1864929199219
United States,USA,Developed,school_enrollment,2012,
United States,USA,Developed,school_enrollment,2011,
United States,USA,Developed,school_enrollment,2010,
United States,USA,Developed,school_enrollment,2009,
United States,USA,Developed,school_enrollment,2008,
United States,USA,Developed,school_enrollment,2007,
United States,USA,Developed,school_enrollment,2006,
United States,USA,Developed,school_enrollment,2005,95.0524826049805
United States,USA,Developed,school_enrollment,2004,
United States,USA,Developed,school_enrollment,2003,
United States,USA,Developed,school_enrollment,2002,
United States,USA,Developed,school_enrollment,2001,
United States,USA,Developed,school_enrollment,2000,
United States,USA,Developed,school_enrollment,1999,94.3246765136719
United States,USA,Developed,school_enrollment,1998,94.4218521118164
United States,USA,Developed,school_enrollment,1997,
United States,USA,Developed,school_enrollment,1996,94.0091171264648
United States,USA,Developed,school_enrollment,1995,94.1738662719727
United States,USA,Developed,school_enrollment,1994,96.447883605957
United States,USA,Developed,school_enrollment,1993,96.611701965332
United States,USA,Developed,school_enrollment,1992,
United States,USA,Developed,school_enrollment,1991,95.643310546875
United States,USA,Developed,school_enrollment,1990,97.017578125
United States,USA,Developed,school_enrollment,1989,
United States,USA,Developed,school_enrollment,1988,
United States,USA,Developed,school_enrollment,1987,97.0655136108398
United States,USA,Developed,school_enrollment,1986,96.5641403198242
United States,USA,Developed,school_enrollment,1985,95.6162261962891
United States,USA,Developed,school_enrollment,1984,97.0303421020508
United States,USA,Developed,school_enrollment,1983,96.2882537841797
United States,USA,Developed,school_enrollment,1982,97.2789306640625
United States,USA,Developed,school_enrollment,1981,94.2881774902344
United States,USA,Developed,school_enrollment,1980,94.5759201049805
United States,USA,Developed,school_enrollment,1979,80.3114318847656
United States,USA,Developed,school_enrollment,1978,85.6170272827148
United States,USA,Developed,school_enrollment,1977,84.9338073730469
United States,USA,Developed,school_enrollment,1976,84.4429779052734
United States,USA,Developed,school_enrollment,1975,84.0370025634766
United States,USA,Developed,school_enrollment,1974,84.0231704711914
United States,USA,Developed,school_enrollment,1973,
United States,USA,Developed,school_enrollment,1972,84.2062911987305
United States,USA,Developed,school_enrollment,1971,83.3990478515625
United States,USA,Developed,school_enrollment,1970,
United States,USA,Developed,school_enrollment,1969,
United States,USA,Developed,school_enrollment,1968,
United States,USA,Developed,school_enrollment,1967,
United States,USA,Developed,school_enrollment,1966,
United States,USA,Developed,school_enrollment,1965,
United States,USA,Developed,school_enrollment,1964,
United States,USA,Developed,school_enrollment,1963,
United States,USA,Developed,school_enrollment,1962,
United States,USA,Developed,school_enrollment,1961,
United States,USA,Developed,school_enrollment,1960,
United States,USA,Developed,unemployment,2025,4.198
United States,USA,Developed,unemployment,2024,4.022
United States,USA,Developed,unemployment,2023,3.638
United States,USA,Developed,unemployment,2022,3.65
United States,USA,Developed,unemployment,2021,5.349
United States,USA,Developed,unemployment,2020,8.055
United States,USA,Developed,unemployment,2019,3.669
United States,USA,Developed,unemployment,2018,3.896
United States,USA,Developed,unemployment,2017,4.355
United States,USA,Developed,unemployment,2016,4.869
United States,USA,Developed,unemployment,2015,5.28
United States,USA,Developed,unemployment,2014,6.168
United States,USA,Developed,unemployment,2013,7.375
United States,USA,Developed,unemployment,2012,8.069
United States,USA,Developed,unemployment,2011,8.949
United States,USA,Developed,unemployment,2010,9.633
United States,USA,Developed,unemployment,2009,9.254
United States,USA,Developed,unemployment,2008,5.784
United States,USA,Developed,unemployment,2007,4.622
United States,USA,Developed,unemployment,2006,4.623
United States,USA,Developed,unemployment,2005,5.084
United States,USA,Developed,unemployment,2004,5.529
United States,USA,Developed,unemployment,2003,5.989
United States,USA,Developed,unemployment,2002,5.783
United States,USA,Developed,unemployment,2001,4.731
United States,USA,Developed,unemployment,2000,3.992
United States,USA,Developed,unemployment,1999,4.219
United States,USA,Developed,unemployment,1998,4.511
United States,USA,Developed,unemployment,1997,5.0
United States,USA,Developed,unemployment,1996,5.451
United States,USA,Developed,unemployment,1995,5.65
United States,USA,Developed,unemployment,1994,6.119
United States,USA,Developed,unemployment,1993,6.9
United States,USA,Developed,unemployment,1992,7.5
United States,USA,Developed,unemployment,1991,6.8
United States,USA,Developed,unemployment,1990,
United States,USA,Developed,unemployment,1989,
United States,USA,Developed,unemployment,1988,
United States,USA,Developed,unemployment,1987,
United States,USA,Developed,unemployment,1986,
United States,USA,Developed,unemployment,1985,
United States,USA,Developed,unemployment,1984,
United States,USA,Developed,unemployment,1983,
United States,USA,Developed,unemployment,1982,
United States,USA,Developed,unemployment,1981,
United States,USA,Developed,unemployment,1980,
United States,USA,Developed,unemployment,1979,
United States,USA,Developed,unemployment,1978,
United States,USA,Developed,unemployment,1977,
United States,USA,Developed,unemployment,1976,
United States,USA,Developed,unemployment,1975,
United States,USA,Developed,unemployment,1974,
United States,USA,Developed,unemployment,1973,
United States,USA,Developed,unemployment,1972,
United States,USA,Developed,unemployment,1971,
United States,USA,Developed,unemployment,1970,
United States,USA,Developed,unemployment,1969,
United States,USA,Developed,unemployment,1968,
United States,USA,Developed,unemployment,1967,
United States,USA,Developed,unemployment,1966,
United States,USA,Developed,unemployment,1965,
United States,USA,Developed,unemployment,1964,
United States,USA,Developed,unemployment,1963,
United States,USA,Developed,unemployment,1962,
United States,USA,Developed,unemployment,1961,
United States,USA,Developed,unemployment,1960,
